category_id,name,depth,parent_id,wikipedia_page_id,wikipedia_url,wikidata_iri,has_extract,n_concepts,n_children,extract_preview
academic-disciplines,Academic discipline,0,root,14924067,https://en.wikipedia.org/?curid=14924067,wd:Q11862829,1,0,5,An academic discipline or academic field is a subdivision of knowledge that is taught and researched at the college or university level. Disciplines are defined (in part) and recognized by the academi
formal-sciences,Formal science,1,academic-disciplines,3694774,https://en.wikipedia.org/?curid=3694774,wd:Q816264,1,0,4,"Formal science is a branch of science studying disciplines concerned with abstract structures described by formal systems. 
Whereas the natural sciences and social sciences seek to characterize physic"
humanities,Humanities,1,academic-disciplines,53132,https://en.wikipedia.org/?curid=53132,wd:Q80083,1,0,6,"Humanities are academic disciplines that study aspects of human society and culture, including certain fundamental questions asked by humans. During the Renaissance, the term ""humanities"" referred to "
natural-sciences,Natural science,1,academic-disciplines,38890,https://en.wikipedia.org/?curid=38890,wd:Q7991,1,0,5,"Natural science or empirical science is a branch of science concerned with the description, understanding, and prediction of natural phenomena, based on empirical evidence from observation and experim"
applied-sciences,Outline of applied science,1,academic-disciplines,33764165,https://en.wikipedia.org/?curid=33764165,wd:Q7112556,1,0,16,"The following outline is provided as an overview of and topical guide to applied science:
Applied science – the branch of science that applies existing scientific knowledge to develop more practical a"
social-sciences,Social science,1,academic-disciplines,26781,https://en.wikipedia.org/?curid=26781,wd:Q34749,1,0,10,"Social science (or the social sciences) is one of the branches of science, devoted to the study of societies and the relationships among members within those societies. The term was formerly used to r"
agricultural-and-food-sciences,Agricultural science,2,applied-sciences,572,https://en.wikipedia.org/?curid=572,wd:Q3606845,1,0,6,"Agricultural science (or agriscience for short) is a broad multidisciplinary field of biology that encompasses the parts of exact, natural, economic and social sciences that are used in the practice a"
anthropology,Anthropology,2,social-sciences,569,https://en.wikipedia.org/?curid=569,wd:Q23404,1,0,7,"Anthropology is the scientific study of humanity that crosses biology and sociology, concerned with human behavior, human biology, cultures, societies, and linguistics, in both the present and past, i"
architecture,Architecture,2,applied-sciences,21296224,https://en.wikipedia.org/?curid=21296224,wd:Q12271,1,0,3,"Architecture is the study and practice of designing structures, especially habitable ones. It utilizes civil engineering techniques, but is considered a visual art. It is both the process and the prod"
art,Art,2,humanities,752,https://en.wikipedia.org/?curid=752,wd:Q735,1,0,3,"Art is a diverse range of cultural activity centered around works utilizing creative or imaginative talents, which are expected to evoke a worthwhile experience, generally through an expression of emo"
astronomy,Astronomy,2,natural-sciences,50650,https://en.wikipedia.org/?curid=50650,wd:Q333,1,0,7,"Astronomy is a natural science that studies celestial objects and the phenomena that occur in the cosmos. It uses mathematics, physics, and chemistry to explain their origin and their overall evolutio"
biological-engineering,Biological engineering,2,applied-sciences,6074674,https://en.wikipedia.org/?curid=6074674,wd:Q580689,1,0,6,"Biological engineering or
bioengineering is the application of principles of biology and the tools of engineering to create usable, tangible, economically viable products.  Biological engineering empl"
biology,Biology,2,natural-sciences,9127632,https://en.wikipedia.org/?curid=9127632,wd:Q420,1,0,19,"Biology is the scientific study of life and living organisms. It is a broad natural science that encompasses a wide range of fields and unifying principles that explain the structure, function, growth"
business,Business,2,applied-sciences,39206,https://en.wikipedia.org/?curid=39206,wd:Q4830453,1,0,5,"Business is the practice of making one's living or making money by producing or buying and selling products (such as goods and services). It is also ""any activity or enterprise entered into for profit"
chemical-engineering,Chemical engineering,2,applied-sciences,6038,https://en.wikipedia.org/?curid=6038,wd:Q83588,1,0,7,Chemical engineering is an engineering field which deals with the study of the operation and design of chemical plants as well as methods of improving production. Chemical engineers develop economical
chemistry,Chemistry,2,natural-sciences,5180,https://en.wikipedia.org/?curid=5180,wd:Q2329,1,0,9,"Chemistry is the scientific study of the properties and behavior of matter. It is a physical science within the natural sciences that studies matter: composition, structure, properties, behavior and t"
civil-engineering,Civil engineering,2,applied-sciences,5762,https://en.wikipedia.org/?curid=5762,wd:Q77590,1,0,8,"Civil engineering is a professional engineering discipline that deals with the design, construction, and maintenance of the physical and naturally built environment, including public works such as roa"
communication-studies,Communication studies,2,social-sciences,489145,https://en.wikipedia.org/?curid=489145,wd:Q11680831,1,0,4,"Communication studies (or communication science) is an academic discipline that deals with processes of human communication and behavior, patterns of communication in interpersonal relationships, soci"
computer-engineering,Computer engineering,2,applied-sciences,50408,https://en.wikipedia.org/?curid=50408,wd:Q428691,1,0,14,"Computer engineering (CE, CoE, CpE, or CompE) is a branch of engineering specialized in developing computer hardware and software. 

It integrates several fields of electrical engineering, electronics"
earth-science,Earth science,2,natural-sciences,20653168,https://en.wikipedia.org/?curid=20653168,wd:Q8008,1,0,5,"Earth science or geoscience includes all fields of natural science related to planet Earth. This is a branch of science dealing with the physical, chemical, and biological complex constitutions and sy"
economics,Economics,2,social-sciences,9223,https://en.wikipedia.org/?curid=9223,wd:Q8134,1,0,5,"Economics () is a social science that studies how individuals and societies manage scarce resources for the production, distribution, and consumption of goods and services.
Economics focuses on the be"
education,Education,2,social-sciences,9252,https://en.wikipedia.org/?curid=9252,wd:Q8434,1,0,6,"Education is the transmission of knowledge and skills and the development of character traits. Formal education happens in a complex institutional framework, like public schools. Non-formal education "
electrical-engineering,Electrical engineering,2,applied-sciences,9531,https://en.wikipedia.org/?curid=9531,wd:Q43035,1,0,8,"Electrical engineering is an engineering discipline concerned with the study, design, and application of equipment, devices, and systems that use electricity, electronics, and electromagnetism. It eme"
energy-engineering,Energy engineering,2,applied-sciences,9348093,https://en.wikipedia.org/?curid=9348093,wd:Q3353193,1,0,8,"Energy engineering is a multidisciplinary field of engineering that focuses on optimizing energy systems, developing renewable energy technologies, and improving energy efficiency to meet the world's "
environmental-science,Environmental science,2,applied-sciences,64919,https://en.wikipedia.org/?curid=64919,wd:Q188847,1,0,5,"Environmental science is an academic field that integrates the physical, biological, and mathematical sciences to study the environment and solve environmental problems. It uses an integrated, quantit"
geography,Geography,2,social-sciences,18963910,https://en.wikipedia.org/?curid=18963910,wd:Q1071,1,0,2,"Geography (from Ancient Greek γεωγραφία geōgraphía; combining gê 'Earth' and gráphō 'write', lit. 'Earth writing') is the study of the lands, features, inhabitants, and phenomena of planet Earth. Geog"
history,History,2,humanities,10772350,https://en.wikipedia.org/?curid=10772350,wd:Q309,1,0,7,"History is the systematic study of the past, focusing primarily on the human past. As an academic discipline, it analyses and interprets evidence to construct narratives about what happened and explai"
industrial-and-production-engineering,Industrial and production engineering,2,applied-sciences,43282531,https://en.wikipedia.org/?curid=43282531,wd:Q18351432,1,0,6,"Industrial and production engineering (IPE) is an interdisciplinary engineering discipline that includes manufacturing technology, engineering sciences, management science, and optimization of complex"
information-engineering,Information engineering (field),2,applied-sciences,58644759,https://en.wikipedia.org/?curid=58644759,wd:Q1254373,1,0,7,"Information engineering is the engineering discipline that deals with the generation, distribution, analysis, and use of information, data, and knowledge in electrical systems. The field first became "
law,Law,2,humanities,18949668,https://en.wikipedia.org/?curid=18949668,wd:Q7748,1,0,3,"Law is a set of rules that are created and enforced by governmental or societal institutions to regulate behavior, with its precise definition a matter of longstanding debate. It has been variously de"
linguistics,Linguistics,2,social-sciences,22760983,https://en.wikipedia.org/?curid=22760983,wd:Q8162,1,0,6,"Linguistics is the scientific study of language. The areas of linguistic analysis are syntax (rules governing the structure of sentences), semantics (meaning), morphology (structure of words), phoneti"
literature,Literature,2,humanities,18963870,https://en.wikipedia.org/?curid=18963870,wd:Q8242,1,0,3,"Literature is any collection of written work. The term is also used more narrowly for writings considered an art form, especially novels, plays, and poems. It includes both print and digital writing. "
logic,Logic,2,formal-sciences,46426065,https://en.wikipedia.org/?curid=46426065,wd:Q8078,1,0,3,Logic is the study of correct reasoning. It includes both formal and informal logic. Formal logic is the study of deductively valid inferences or logical truths. It examines how conclusions follow fro
mathematics,Mathematics,2,formal-sciences,18831,https://en.wikipedia.org/?curid=18831,wd:Q395,1,0,11,"Mathematics is a field of study that discovers and organizes methods, theories, and theorems that are developed and proved either in response to the needs of empirical sciences or the needs of mathema"
mechanical-engineering,Mechanical engineering,2,applied-sciences,19528,https://en.wikipedia.org/?curid=19528,wd:Q101333,1,0,8,Mechanical engineering is the study of physical machines and mechanisms that may involve force and movement. It is an engineering branch that combines engineering physics and mathematics principles wi
military-science,Military science,2,applied-sciences,86586,https://en.wikipedia.org/?curid=86586,wd:Q192386,1,0,4,"Military science is the study of military processes, institutions, and behavior, along with the study of warfare, and the theory and application of organized coercive force. It is mainly focused on th"
health-sciences,Outline of health sciences,2,applied-sciences,14002,https://en.wikipedia.org/?curid=14002,wd:Q135264499,1,0,37,"The following outline is provided as an overview of and topical guide to health sciences:
Health sciences – those sciences that focus on health, or health care, as core parts of their subject matter. "
philosophy,Philosophy,2,humanities,13692155,https://en.wikipedia.org/?curid=13692155,wd:Q5891,1,0,9,"Philosophy (from Ancient Greek philosophía lit. 'love of wisdom') is a systematic study of general and fundamental questions concerning topics like existence, knowledge, mind, reason, language, and va"
physics,Physics,2,natural-sciences,22939,https://en.wikipedia.org/?curid=22939,wd:Q413,1,0,16,"Physics is the scientific study of matter, its fundamental constituents, its motion and behavior through space and time, and the related entities of energy and force. It is one of the most fundamental"
politics,Politics,2,social-sciences,22986,https://en.wikipedia.org/?curid=22986,wd:Q7163,1,0,4,Politics is the activity of settling affairs in an organized society. Politics is usually concerned with resolving issues within a society via a government. Politicians are individuals engaged in the 
psychology,Psychology,2,social-sciences,22921,https://en.wikipedia.org/?curid=22921,wd:Q9418,1,0,3,"Psychology is the scientific study of the mind and behavior. Its subject matter includes the behavior of humans and nonhumans, both conscious and unconscious phenomena, and mental processes such as th"
religion,Religion,2,humanities,25414,https://en.wikipedia.org/?curid=25414,wd:Q9174,1,0,2,"Religion is a range of social-cultural systems, including designated behaviors and practices, ethics, morals, beliefs, worldviews, texts, sanctified places, prophecies, or organizations, that generall"
research,Research,2,social-sciences,25524,https://en.wikipedia.org/?curid=25524,wd:Q42240,1,0,3,"Research is creative and systematic work undertaken to increase the stock of knowledge. It involves the collection, organization, and analysis of evidence to increase understanding of a topic, charact"
sociology,Sociology,2,social-sciences,18717981,https://en.wikipedia.org/?curid=18717981,wd:Q21201,1,0,4,"Sociology is the scientific study of human society that focuses on society, human social behavior, patterns of social relationships, social interaction, and aspects of culture associated with everyday"
statistics,Statistics,2,formal-sciences,26685,https://en.wikipedia.org/?curid=26685,wd:Q12483,1,0,6,"Statistics (from German: Statistik, orig. ""description of a state, a country"") is the discipline that concerns the collection, organization, analysis, interpretation, and presentation of data. In appl"
systems-science-and-engineering,Systems science,2,applied-sciences,659757,https://en.wikipedia.org/?curid=659757,wd:Q2167061,1,0,2,"Systems science, also referred to as systems research or simply systems, is a transdisciplinary field that is concerned with understanding simple and complex systems in nature and society, which leads"
theoretical-computer-science,Theoretical computer science,2,formal-sciences,323392,https://en.wikipedia.org/?curid=323392,wd:Q2878974,1,0,3,"Theoretical computer science is a subfield of computer science and mathematics that focuses on the abstract and mathematical foundations of computation.
It is difficult to circumscribe the theoretical"
accounting,Accounting,3,business,2593,https://en.wikipedia.org/?curid=2593,wd:Q4116214,1,0,5,"Accounting, also known as accountancy, is the process of recording and processing information about economic entities, such as businesses and corporations. Accounting measures the results of an organi"
acoustical-engineering,Acoustical engineering,3,mechanical-engineering,299813,https://en.wikipedia.org/?curid=299813,wd:Q859044,1,0,10,"Acoustical engineering (also known as acoustic engineering) is the branch of engineering dealing with sound and vibration. It includes the application of acoustics, the science of sound and vibration,"
aerospace-engineering,Aerospace engineering,3,mechanical-engineering,21732545,https://en.wikipedia.org/?curid=21732545,wd:Q3798668,1,0,19,Aerospace engineering is the primary field of engineering concerned with the development of aircraft and spacecraft.  It has two major and overlapping branches: aeronautical engineering and astronauti
aesthetics,Aesthetics,3,philosophy,2130,https://en.wikipedia.org/?curid=2130,wd:Q35986,1,0,6,"Aesthetics is the branch of philosophy that studies beauty, taste, and related phenomena. In a broad sense, it includes the philosophy of art, which examines the nature of art, artistic creativity, th"
agriculture,Agriculture,3,agricultural-and-food-sciences,627,https://en.wikipedia.org/?curid=627,wd:Q11451,1,0,6,"Agriculture is the practice of cultivating the soil, planting, raising, and harvesting both food and non-food crops, as well as livestock production. Broader definitions also include forestry and aqua"
algebra,Algebra,3,mathematics,18716923,https://en.wikipedia.org/?curid=18716923,wd:Q3968,1,0,15,"Algebra is a branch of mathematics that deals with abstract systems, known as algebraic structures, and the manipulation of expressions within those systems. It is a generalization of arithmetic that "
algorithms-and-data-structures,Algorithm,3,theoretical-computer-science,775,https://en.wikipedia.org/?curid=775,wd:Q8366,1,0,8,"In mathematics and computer science, an algorithm ( ) is a finite sequence of mathematically rigorous instructions, typically used to solve a class of specific problems or to perform a computation. Al"
analytical-chemistry,Analytical chemistry,3,chemistry,2408,https://en.wikipedia.org/?curid=2408,wd:Q2346,1,0,13,Analytical chemistry (or chemical analysis) is the branch of chemistry concerned with the development and application of methods to identify the chemical composition of materials and quantify the amou
anatomy,Anatomy,3,biology,674,https://en.wikipedia.org/?curid=674,wd:Q514,1,0,6,Anatomy (from Ancient Greek  ἀνατομή (anatomḗ) 'dissection') is the branch of morphology concerned with the study of the internal and external structure of organisms and their parts. Anatomy is a bran
ancient-history,Ancient history,3,history,51320,https://en.wikipedia.org/?curid=51320,wd:Q41493,1,0,2,"Ancient history is a time period from the beginning of writing and recorded human history through late antiquity. The span of recorded history is roughly 5,000 years, beginning with the development of"
anesthesiology,Anesthesiology,3,health-sciences,417068,https://en.wikipedia.org/?curid=417068,wd:Q615057,1,0,3,"Anesthesiology, anaesthesiology or anaesthesia is the medical specialty concerned with the total perioperative care of patients before, during and after surgery. It encompasses anesthesia, intensive c"
angiology,Angiology,3,health-sciences,2374165,https://en.wikipedia.org/?curid=2374165,wd:Q539690,1,0,3,"Angiology (from Greek ἀγγεῖον, angeīon, ""vessel""; and -λογία, -logia) is the medical specialty dedicated to studying the circulatory system and of the lymphatic system, i.e., arteries, veins and lymph"
animal-husbandry,Animal husbandry,3,agricultural-and-food-sciences,219640,https://en.wikipedia.org/?curid=219640,wd:Q80962,1,0,7,"Animal husbandry is the branch of agriculture concerned with animals that are raised for meat, fibre, milk, or other products. It includes day-to-day care, management, production, nutrition, selective"
applied-economics,Applied economics,3,economics,5944849,https://en.wikipedia.org/?curid=5944849,wd:Q3296256,1,0,7,"Applied economics is the application of economic theory and econometrics in specific settings. As one of the two sets of fields of economics (the other set being the core), it is typically characteriz"
applied-linguistics,Applied linguistics,3,linguistics,406551,https://en.wikipedia.org/?curid=406551,wd:Q321249,1,0,10,"Applied linguistics is an interdisciplinary field which identifies, investigates, and offers solutions to language-related real-life problems. Some of the academic fields related to applied linguistic"
applied-psychology,Applied psychology,3,psychology,326313,https://en.wikipedia.org/?curid=326313,wd:Q538904,1,0,16,Applied psychology is the use of psychological methods and findings of scientific psychology to solve practical problems of human and animal behavior and experience. Educational and organizational psy
aquaculture,Aquaculture,3,agricultural-and-food-sciences,1634,https://en.wikipedia.org/?curid=1634,wd:Q188989,1,0,6,"Aquaculture (less commonly spelled aquiculture), also known as aquafarming, is the controlled cultivation (""farming"") of aquatic organisms such as fish, crustaceans, mollusks, algae and other organism"
archaeology,Archaeology,3,anthropology,18951655,https://en.wikipedia.org/?curid=18951655,wd:Q23498,1,0,2,"Archaeology or archeology is the study of human activity through the recovery and analysis of material culture. The archaeological record consists of artifacts, architecture, biofacts or ecofacts, sit"
architectural-engineering,Architectural engineering,3,civil-engineering,19278728,https://en.wikipedia.org/?curid=19278728,wd:Q150737,1,0,3,"Architectural engineering or architecture engineering, also known as building engineering, is a discipline that deals with the engineering and construction of buildings, such as environmental, structu"
architectural-styles,Architectural style,3,architecture,44331442,https://en.wikipedia.org/?curid=44331442,wd:Q32880,1,0,8,"An architectural style is a classification of buildings (and nonbuilding structures) based on a set of characteristics and features, including overall appearance, arrangement of the components, method"
architectural-theory,Architectural theory,3,architecture,3704899,https://en.wikipedia.org/?curid=3704899,wd:Q47537,1,0,7,"Architectural theory is the act of thinking, discussing, and writing about architecture. Architectural theory is taught in all architecture schools and is practiced by the world's leading architects. "
arithmetic,Arithmetic,3,mathematics,3118,https://en.wikipedia.org/?curid=3118,wd:Q11205,1,0,2,"Arithmetic is an elementary branch of mathematics that deals with numerical operations like addition, subtraction, multiplication, and division. In a wider sense, it also includes exponentiation, extr"
artificial-intelligence,Artificial intelligence,3,information-engineering,1164,https://en.wikipedia.org/?curid=1164,wd:Q11660,1,0,8,"Artificial intelligence (AI) is the capability of computational systems to perform tasks typically associated with human intelligence, such as learning, reasoning, problem-solving, perception, and dec"
astrobiology,Astrobiology,3,astronomy,2787,https://en.wikipedia.org/?curid=2787,wd:Q411,1,0,3,"Astrobiology (also xenology or exobiology) is a scientific field within the life and environmental sciences that studies the origins, early evolution, distribution, and future of life in the universe "
astrochemistry,Astrochemistry,3,astronomy,71268,https://en.wikipedia.org/?curid=71268,wd:Q11680018,1,0,2,Astrochemistry is the interdisciplinary scientific study of the abundance and reactions of molecules in space and their interaction with radiation. The discipline overlaps with astronomy and chemistry
astrophotography,Astrophotography,3,astronomy,143115,https://en.wikipedia.org/?curid=143115,wd:Q280855,1,0,5,"Astrophotography, also known as astronomical imaging, is the photography or imaging of astronomical objects, celestial events, or areas of the night sky. The first photograph of an astronomical object"
astrophysics,Astrophysics,3,astronomy,361897,https://en.wikipedia.org/?curid=361897,wd:Q37547,1,0,9,Astrophysics is a science that applies the methods and principles of physics and chemistry in the study of astronomical objects and phenomena including the universe. As one of  the founders of the dis
atmospheric-science,Atmospheric science,3,earth-science,164633,https://en.wikipedia.org/?curid=164633,wd:Q757520,1,0,13,Atmospheric science is the study of the Earth's atmosphere and its various inner-working physical processes. Meteorology includes atmospheric chemistry and atmospheric physics with a major focus on we
atomic-physics,Atomic physics,3,physics,1200,https://en.wikipedia.org/?curid=1200,wd:Q26383,1,0,2,Atomic physics is the field of physics that studies atoms as an isolated system of electrons and an atomic nucleus. Atomic physics typically refers to the study of atomic structure and the interaction
automotive-engineering,Automotive engineering,3,mechanical-engineering,351882,https://en.wikipedia.org/?curid=351882,wd:Q124192,1,0,4,"Automotive engineering, along with aerospace engineering and naval architecture, is a branch of vehicle engineering, incorporating elements of mechanical, electrical, electronic, software, and safety "
basic-psychology,Basic science (psychology),3,psychology,22403616,https://en.wikipedia.org/?curid=22403616,wd:Q4867047,1,0,20,"Some of the research that is conducted in the field of psychology is more ""fundamental"" than the research conducted in the applied psychological disciplines, and does not necessarily have a direct app"
biochemistry,Biochemistry,3,chemistry,3954,https://en.wikipedia.org/?curid=3954,wd:Q7094,1,0,7,"Biochemistry, or biological chemistry (distinct from chemical biology), is the study of chemical processes within and relating to living organisms.  A sub-discipline of both chemistry and biology, bio"
biological-anthropology,Biological anthropology,3,anthropology,24232,https://en.wikipedia.org/?curid=24232,wd:Q27172,1,0,2,"Biological anthropology, also known as physical anthropology, is a natural science discipline concerned with the biological and behavioral aspects of human beings, their extinct hominin ancestors, and"
biological-hazard,Biological hazard,3,biology,77060,https://en.wikipedia.org/?curid=77060,wd:Q864360,1,0,2,"A biological hazard, or biohazard, is a biological substance that poses a threat (or is a hazard) to the health of living organisms, primarily humans. This could include a sample of a microorganism, v"
biological-systems-engineering,Biological systems engineering,3,biological-engineering,9579270,https://en.wikipedia.org/?curid=9579270,wd:Q864858,1,0,2,Biological systems engineering or biosystems engineering is a broad-based engineering discipline with particular emphasis on non-medical biology. It can be thought of as a subset of the broader notion
biomechanical-engineering,Biomechanical engineering,3,biological-engineering,14063216,https://en.wikipedia.org/?curid=14063216,wd:Q4915094,1,0,2,"Biomechanical engineering, also considered a subfield of mechanical engineering and biomedical engineering, combines principles of physics (with a focus on mechanics), biology, and engineering. Topics"
biomedical-engineering,Biomedical engineering,3,biological-engineering,4827,https://en.wikipedia.org/?curid=4827,wd:Q327092,1,0,8,"Biomedical engineering (BME) or medical engineering is the application of engineering principles and design concepts to medicine and biology for healthcare applications (e.g., diagnostic or therapeuti"
biophysics,Biophysics,3,biology,54000,https://en.wikipedia.org/?curid=54000,wd:Q7100,1,0,6,Biophysics is an interdisciplinary science that applies approaches and methods traditionally used in physics to study biological phenomena.
bioprocess-engineering,Bioprocess engineering,3,biological-engineering,9580771,https://en.wikipedia.org/?curid=9580771,wd:Q864734,1,0,2,"Biochemical engineering, also known as bioprocess engineering, is a field of study with roots stemming from chemical engineering and biological engineering. It mainly deals with the design, constructi"
biotechnology,Biotechnology,3,biological-engineering,4502,https://en.wikipedia.org/?curid=4502,wd:Q7108,1,0,9,Biotechnology is a multidisciplinary field that involves the integration of natural sciences and engineering sciences to achieve the application of organisms and parts thereof for products and service
business-administration,Business administration,3,business,58886,https://en.wikipedia.org/?curid=58886,wd:Q2043282,1,0,24,"Business administration, also known as business management  is the administration of a commercial enterprise. It includes all aspects of overseeing and supervising the business operations of an organi"
business-communication,Business communication,3,communication-studies,2392115,https://en.wikipedia.org/?curid=2392115,wd:Q4115749,1,0,2,"Business communication is communication that is intended to help a business achieve a fundamental goal, through information sharing between employees as well as people outside the company. It includes"
cardiology,Cardiology,3,health-sciences,5421,https://en.wikipedia.org/?curid=5421,wd:Q10379,1,0,4,Cardiology (from Ancient Greek  καρδίᾱ (kardiā) 'heart' and  -λογία (-logia) 'study') is the study of the heart. Cardiology is a branch of medicine that deals with disorders of the heart and the cardi
cell-biology,Cell biology,3,biology,6339,https://en.wikipedia.org/?curid=6339,wd:Q7141,1,0,26,"Cell biology, cellular biology, or cytology, is the branch of biology that studies the structure, function, and behavior of the cells. All organisms are made of cells. A cell is the basic unit of life"
chemical-reactions,Chemical reaction,3,chemistry,6271,https://en.wikipedia.org/?curid=6271,wd:Q36534,1,0,21,"A chemical reaction is a process that leads to the chemical transformation of one set of chemical substances to another. When chemical reactions occur, the atoms are rearranged and the reaction is acc"
chemical-reaction-engineering,Chemical reaction engineering,3,chemical-engineering,25034192,https://en.wikipedia.org/?curid=25034192,wd:Q2667887,1,0,3,Chemical reaction engineering (reaction engineering or reactor engineering) is a specialty in chemical engineering or industrial chemistry dealing with chemical reactors.  Frequently the term relates 
chronobiology,Chronobiology,3,biology,56566,https://en.wikipedia.org/?curid=56566,wd:Q506874,1,0,3,"Chronobiology is a field of biology that examines timing processes, including periodic (cyclic) phenomena in living organisms, such as their adaptation to solar- and lunar-related rhythms. These cycle"
classical-antiquity,Classical antiquity,3,history,252905,https://en.wikipedia.org/?curid=252905,wd:Q486761,1,0,4,"Classical antiquity, also known as the classical era, classical period, classical age, or simply antiquity, is the period of cultural European history between the 8th century BC and the 5th century AD"
classical-logic,Classical logic,3,logic,55868,https://en.wikipedia.org/?curid=55868,wd:Q236975,1,0,8,Classical logic (or standard logic) or Frege–Russell logic is the intensively studied and most widely used class of deductive logic. Classical logic has had much influence on analytic philosophy.
climate,Climate,3,environmental-science,5999,https://en.wikipedia.org/?curid=5999,wd:Q7937,1,0,8,"Climate is the long-term weather pattern in a region, typically averaged over 30 years. More rigorously, it is the mean and variability of meteorological variables over a time spanning from months to "
cloud-computing,Cloud computing,3,computer-engineering,19541494,https://en.wikipedia.org/?curid=19541494,wd:Q483639,1,0,2,"Cloud computing is defined by the International Organization for Standardization (ISO) as ""a paradigm for enabling network access to a scalable and elastic pool of shareable physical or virtual resour"
legal-systems,Comparative law,3,law,7378,https://en.wikipedia.org/?curid=7378,wd:Q741338,1,0,5,"Comparative law is the study of differences and similarities between the law and legal systems of different countries. More specifically, it involves the study of the different legal systems (or ""fami"
component-engineering,Component engineering,3,industrial-and-production-engineering,21037206,https://en.wikipedia.org/?curid=21037206,wd:Q5156697,1,0,2,"Component engineering is an engineering discipline primarily used to ensure the suitability and testability of suitable components required to manufacture a larger product.
The term combines two ideas"
computational-chemistry,Computational chemistry,3,chemistry,6019,https://en.wikipedia.org/?curid=6019,wd:Q369472,1,0,4,Computational chemistry is a branch of chemistry that uses computer simulations to assist in solving chemical problems. It uses methods of theoretical chemistry incorporated into computer programs to 
computational-physics,Computational physics,3,physics,106418,https://en.wikipedia.org/?curid=106418,wd:Q909554,1,0,5,"Computational physics is the study and implementation of numerical analysis to solve problems in physics. Historically, computational physics was the first application of modern computers in science, "
computational-statistics,Computational statistics,3,statistics,15832717,https://en.wikipedia.org/?curid=15832717,wd:Q5157340,1,0,2,"Computational statistics, or statistical computing, is the study which is the intersection of statistics and computer science, and refers to the statistical methods that are enabled by using computati"
computer-architecture,Computer architecture,3,computer-engineering,25652303,https://en.wikipedia.org/?curid=25652303,wd:Q173212,1,0,14,"In computer science and computer engineering, a computer architecture is the structure of a computer system made from component parts. It can sometimes be a high-level description that ignores details"
computer-data-storage,Computer data storage,3,computer-engineering,5300,https://en.wikipedia.org/?curid=5300,wd:Q66221,1,0,6,Computer data storage or digital data storage is the retention of digital data via technology consisting of computer components and recording media. Digital data storage is a core function and fundame
computer-graphics,Computer graphics (computer science),3,computer-engineering,18567168,https://en.wikipedia.org/?curid=18567168,wd:Q150971,1,0,8,Computer graphics is a sub-field of computer science which studies methods for digitally synthesizing and manipulating visual content. Although the term often refers to the study of three-dimensional 
hardware-engineering,Computer hardware,3,computer-engineering,21808348,https://en.wikipedia.org/?curid=21808348,wd:Q3966,1,0,8,"Computer hardware includes the physical parts of a computer, such as the central processing unit (CPU), random-access memory (RAM), motherboard, computer data storage, graphics card, sound card, and c"
computer-networks,Computer network,3,computer-engineering,4122592,https://en.wikipedia.org/?curid=4122592,wd:Q1301371,1,0,18,"In computer science, computer engineering, and telecommunications, a network is a group of communicating computers and peripherals known as hosts, which communicate data to other hosts via communicati"
computer-programming,Computer programming,3,computer-engineering,5311,https://en.wikipedia.org/?curid=5311,wd:Q80006,1,0,6,"Computer programming or coding is the composition of sequences of instructions, called programs, that computers can follow to perform tasks. It involves designing and implementing algorithms, step-by-"
computer-security,Computer security,3,computer-engineering,7398,https://en.wikipedia.org/?curid=7398,wd:Q3510521,1,0,19,"Computer security (also cybersecurity, digital security, or information technology (IT) security) is a subdiscipline within the field of information security. It focuses on protecting computer softwar"
computer-mediated-communication,Computer-mediated communication,3,communication-studies,320498,https://en.wikipedia.org/?curid=320498,wd:Q796573,1,0,2,Computer-mediated communication  (CMC) is defined as any human communication that occurs through the use of two or more electronic devices.  Computer-mediated communication is relevant to linguistics 
condensed-matter-physics,Condensed matter physics,3,physics,5387,https://en.wikipedia.org/?curid=5387,wd:Q214781,1,0,7,"Condensed matter physics is the field of physics that deals with the macroscopic and microscopic physical properties of matter, especially the solid and liquid phases, that arise from electromagnetic "
conservation-biology,Conservation biology,3,biology,216216,https://en.wikipedia.org/?curid=216216,wd:Q641498,1,0,13,"Conservation biology is the study of the conservation of nature and of Earth's biodiversity with the aim of protecting species, their habitats, and ecosystems from excessive rates of extinction and th"
construction-engineering,Construction engineering,3,civil-engineering,50705,https://en.wikipedia.org/?curid=50705,wd:Q2674423,1,0,4,"Construction engineering, also known as construction operations, is a professional sub-discipline of civil engineering that deals with the designing, planning, construction, and operations management "
research-institutes,Contract research organization,3,research,1984610,https://en.wikipedia.org/?curid=1984610,wd:Q760102,1,0,2,"In the life sciences, a contract research organization or clinical research organization (CRO) is a company that provides support to the  pharmaceutical, biotechnology, and medical device industries i"
control-theory-and-engineering,Control engineering,3,information-engineering,7011,https://en.wikipedia.org/?curid=7011,wd:Q4917288,1,0,4,"Control engineering, also known as control systems engineering and, in some European countries, automation engineering, is an engineering discipline that deals with control systems, applying control t"
cultural-anthropology,Cultural anthropology,3,anthropology,5388,https://en.wikipedia.org/?curid=5388,wd:Q28598,1,0,2,"Cultural anthropology is a branch of anthropology focused on the study of cultural variation among humans. It is in contrast to social anthropology, which perceives cultural variation as a subset of a"
data-analysis,Data analysis,3,statistics,2720954,https://en.wikipedia.org/?curid=2720954,wd:Q1988917,1,0,11,"Data analysis is the process of inspecting, cleansing, transforming, and modeling data with the goal of discovering useful information, informing conclusions, and supporting decision-making. Data anal"
data-collection,Data collection,3,statistics,11501746,https://en.wikipedia.org/?curid=11501746,wd:Q4929239,1,0,8,"Data collection or data gathering is the process of gathering and measuring information on targeted variables in an established system, which then enables one to answer relevant questions and evaluate"
data-science,Data science,3,information-engineering,35458904,https://en.wikipedia.org/?curid=35458904,wd:Q2374463,1,0,4,"Data science is an interdisciplinary academic field that uses statistics, scientific computing, scientific methods, processing, scientific visualization, algorithms, and systems to extract or extrapol"
databases,Database,3,computer-engineering,8377,https://en.wikipedia.org/?curid=8377,wd:Q8513,1,0,14,"In computing, a database is an organized collection of data or a type of data store based on the use of a database management system (DBMS), the software that interacts with end users, applications, a"
dentistry,Dentistry,3,health-sciences,8005,https://en.wikipedia.org/?curid=8005,wd:Q12128,1,0,11,"Dentistry, also known as dental medicine and oral medicine, is the branch of medicine focused on the teeth, gums, and mouth. It consists of the study, diagnosis, prevention, management, and treatment "
dermatology,Dermatology,3,health-sciences,74553,https://en.wikipedia.org/?curid=74553,wd:Q171171,1,0,2,Dermatology is the branch of medicine dealing with the skin. It is a specialty with both medical and surgical aspects. A dermatologist is a specialist medical doctor who has undergone advanced trainin
descriptive-statistics,Descriptive statistics,3,statistics,8187,https://en.wikipedia.org/?curid=8187,wd:Q380344,1,0,7,"A descriptive statistic (in the count noun sense) is a summary statistic that quantitatively describes or summarizes features from a collection of information, while descriptive statistics (in the mas"
developmental-biology,Developmental biology,3,biology,8449,https://en.wikipedia.org/?curid=8449,wd:Q213713,1,0,5,Developmental biology is the scientific study of the processes by which animals and plants grow and develop. The field of developmental biology is further defined by its study of phenomena such as reg
directional-statistics,Directional statistics,3,statistics,1444970,https://en.wikipedia.org/?curid=1444970,wd:Q3497519,1,0,2,"Directional statistics (also circular statistics or spherical statistics) is the subdiscipline of statistics that deals with directions (unit vectors in Euclidean space, Rn), axes (lines through the o"
discrete-mathematics,Discrete mathematics,3,mathematics,8492,https://en.wikipedia.org/?curid=8492,wd:Q121416,1,0,10,"Discrete mathematics is the study of mathematical structures that can be considered ""discrete"" (in a way analogous to discrete variables, having a one-to-one correspondence (bijection) with natural nu"
earthquake-engineering,Earthquake engineering,3,civil-engineering,2111048,https://en.wikipedia.org/?curid=2111048,wd:Q909789,1,0,4,"Earthquake engineering is an interdisciplinary branch of engineering that designs and analyzes structures, such as buildings and bridges, with earthquakes in mind. Its overall goal is to make such str"
ecology,Ecology,3,biology,9630,https://en.wikipedia.org/?curid=9630,wd:Q7150,1,0,12,Ecology (from Ancient Greek  οἶκος (oîkos) 'house' and  -λογία (-logía) 'study of') is the natural science of the relationships among living organisms and their environment. Ecology considers organism
education-policy,Education policy,3,education,1355251,https://en.wikipedia.org/?curid=1355251,wd:Q452348,1,0,2,"Education policy consists of the principles and policy decisions that influence the field of education, as well as the collection of laws and rules that govern the operation of education systems. Educ"
educational-institutions,Educational institution,3,education,2145242,https://en.wikipedia.org/?curid=2145242,wd:Q2385804,1,0,2,"An educational institution is a place where people of different ages gain an education, including preschools, childcare, primary-elementary schools, secondary-high schools, and universities.  They pro"
educational-stages,Educational stage,3,education,3333758,https://en.wikipedia.org/?curid=3333758,wd:Q18189,1,0,9,"Educational stages are subdivisions of formal learning, typically covering early childhood education, primary education, secondary education and tertiary education. The United Nations Educational, Sci"
educational-technology,Educational technology,3,education,1944675,https://en.wikipedia.org/?curid=1944675,wd:Q1068473,1,0,7,"Educational technology (often abbreviated as edtech) encompasses computer hardware, software, along with educational theories and practices, used to facilitate learning and teaching. When referred to "
electrochemical-engineering,Electrochemical engineering,3,chemical-engineering,30129507,https://en.wikipedia.org/?curid=30129507,wd:Q2474620,1,0,2,"Electrochemical engineering is the branch of chemical engineering dealing with the technological applications of electrochemical phenomena, such as electrosynthesis of chemicals, electrowinning and re"
electromagnetism,Electromagnetism,3,physics,9532,https://en.wikipedia.org/?curid=9532,wd:Q11406,1,0,10,"In physics, electromagnetism is an interaction that occurs between particles with electric charge via electromagnetic fields. The electromagnetic force is one of the four fundamental forces of nature."
electromechanics,Electromechanics,3,electrical-engineering,31322120,https://en.wikipedia.org/?curid=31322120,wd:Q533188,1,0,3,Electromechanics combine processes and procedures drawn from electrical engineering and mechanical engineering. Electromechanics focus on the interaction of electrical and mechanical systems as a whol
electronic-engineering,Electronic engineering,3,electrical-engineering,28923910,https://en.wikipedia.org/?curid=28923910,wd:Q126095,1,0,9,Electronics engineering is a sub-discipline of electrical engineering that emerged in the early 20th century and is distinguished by the additional use of active components such as semiconductor devic
emergency-medicine,Emergency medicine,3,health-sciences,52974,https://en.wikipedia.org/?curid=52974,wd:Q2861470,1,0,4,"Emergency medicine is the medical specialty concerned with the care of illnesses or injuries requiring immediate medical attention. Emergency physicians (or ""ER doctors"") specialize in providing care "
endocrinology,Endocrinology,3,health-sciences,9311,https://en.wikipedia.org/?curid=9311,wd:Q162606,1,0,4,"Endocrinology (from endocrine + -ology) is a branch of biology and medicine dealing with the endocrine system, its diseases, and its specific secretions known as hormones. It is also concerned with th"
energy-storage,Energy storage,3,energy-engineering,24130,https://en.wikipedia.org/?curid=24130,wd:Q837718,1,0,3,Energy storage is the capture of energy produced at one time for use at a later time to reduce imbalances between energy demand and energy production. A device that stores energy is generally called a
environmental-engineering,Environmental engineering,3,environmental-science,50702,https://en.wikipedia.org/?curid=50702,wd:Q146326,1,0,4,"Environmental engineering is a professional engineering discipline related to environmental science. It encompasses broad scientific topics like chemistry, biology, ecology, geology, hydraulics, hydro"
environmental-policy,Environmental policy,3,environmental-science,3407706,https://en.wikipedia.org/?curid=3407706,wd:Q919526,1,0,12,"Environmental policy is the pledge by governments or organizations to adopt laws, regulations, and other policy tools aimed at addressing environmental issues. These typically involve air and water po"
environmental-studies,Environmental studies,3,environmental-science,1195462,https://en.wikipedia.org/?curid=1195462,wd:Q5381367,1,0,2,Environmental studies (EVS or EVST) is a multidisciplinary academic field which systematically studies human interaction with the environment. Environmental studies connects principles from the physic
epidemiology,Epidemiology,3,biology,66997,https://en.wikipedia.org/?curid=66997,wd:Q133805,1,0,2,"Epidemiology is the study and analysis of the distribution (who, when, and where), patterns and determinants of health and disease conditions in a defined population, and application of this knowledge"
epistemology,Epistemology,3,philosophy,9247,https://en.wikipedia.org/?curid=9247,wd:Q9471,1,0,9,"Epistemology is the branch of philosophy that examines the nature, origin, and limits of knowledge. Also called the theory of knowledge, it explores different types of knowledge, such as propositional"
ethics,Ethics,3,philosophy,9258,https://en.wikipedia.org/?curid=9258,wd:Q9465,1,0,7,"Ethics is the philosophical study of moral phenomena. Also called moral philosophy, it investigates normative questions about what people ought to do or which behavior is morally right. Its main branc"
ethnography,Ethnography,3,anthropology,152626,https://en.wikipedia.org/?curid=152626,wd:Q132151,1,0,2,Ethnography is a branch of anthropology and the systematic study of individual cultures. It explores cultural phenomena from the point of view of the subject of the study. Ethnography is also a type o
evolutionary-biology,Evolutionary biology,3,biology,418101,https://en.wikipedia.org/?curid=418101,wd:Q840400,1,0,4,"Evolutionary biology is a subfield of biology that analyzes the four mechanisms of evolution: natural selection, mutation, genetic drift, and gene flow. Natural selection was independently discovered "
experimental-physics,Experimental physics,3,physics,685311,https://en.wikipedia.org/?curid=685311,wd:Q18366,1,0,2,Experimental physics is the category of disciplines and sub-disciplines in the field of physics that are concerned with the observation of physical phenomena and experiments. Methods vary from discipl
motion-pictures,Film,3,art,21555729,https://en.wikipedia.org/?curid=21555729,wd:Q11424,1,0,4,"A film, movie, or motion picture is a work of visual art that simulates experiences and otherwise communicates ideas, stories, perceptions, emotions, or atmosphere through the use of moving images tha"
finance,Finance,3,business,11162,https://en.wikipedia.org/?curid=11162,wd:Q43015,1,0,11,"Finance refers to resources, and the discipline that studies such resources, that allow an entity to gain the consumption and saving opportunity within a specified timeframe; with related concepts suc"
food-science,Food science,3,agricultural-and-food-sciences,252137,https://en.wikipedia.org/?curid=252137,wd:Q1637030,1,0,9,Food science (or bromatology) is the study of food and its chemical properties. Its scope overlaps with agricultural science and nutritional science and extends to the scientific aspects of food safet
forestry,Forestry,3,agricultural-and-food-sciences,53912,https://en.wikipedia.org/?curid=53912,wd:Q38112,1,0,4,"Forestry is the science and craft of creating, managing, planting, using, conserving and repairing forests and woodlands for associated resources for human and environmental benefits. Forestry is prac"
fuel-power,Fuel,3,energy-engineering,21188370,https://en.wikipedia.org/?curid=21188370,wd:Q42501,1,0,7,Fuel are any materials that can react with other substances to release energy as thermal energy or to be used for work. The concept was originally applied solely to those materials capable of releasin
gastroenterology,Gastroenterology,3,health-sciences,12976,https://en.wikipedia.org/?curid=12976,wd:Q120569,1,0,3,"Gastroenterology (from the Greek gastḗr- ""belly"", -énteron ""intestine"", and -logía ""study of"") is the branch of medicine focused on the digestive system and its disorders. The digestive system consist"
genetics,Genetics,3,biology,12266,https://en.wikipedia.org/?curid=12266,wd:Q7162,1,0,15,"Genetics is the study of genes, genetic variation, and heredity in organisms. It is an important branch in biology because heredity is vital to organisms' evolution. Gregor Mendel, a Moravian Augustin"
geometry,Geometry,3,mathematics,18973446,https://en.wikipedia.org/?curid=18973446,wd:Q8087,0,0,12,
geotechnical-engineering,Geotechnical engineering,3,civil-engineering,12306,https://en.wikipedia.org/?curid=12306,wd:Q1349130,1,0,7,"Geotechnical engineering, also known as geotechnics, is the branch of civil engineering concerned with the engineering behavior of earth materials. It uses the principles of soil mechanics and rock me"
geothermal-power,Geothermal power,3,energy-engineering,13021878,https://en.wikipedia.org/?curid=13021878,wd:Q3215493,0,0,2,
gynaecology,Gynaecology,3,health-sciences,52967,https://en.wikipedia.org/?curid=52967,wd:Q1221899,1,0,2,"Gynaecology (or gynecology in American English) is the area of medicine concerned with conditions affecting the female reproductive system. It is sometimes combined with the field of obstetrics, which"
health-policy,Health policy,3,health-sciences,8695082,https://en.wikipedia.org/?curid=8695082,wd:Q1519812,0,0,2,
hematology,Hematology,3,health-sciences,63564,https://en.wikipedia.org/?curid=63564,wd:Q103824,0,0,5,
hepatology,Hepatology,3,health-sciences,140432,https://en.wikipedia.org/?curid=140432,wd:Q668064,0,0,3,
heterodox-economics,Heterodox economics,3,economics,2399697,https://en.wikipedia.org/?curid=2399697,wd:Q1582475,0,0,8,
high-performance-computing,High-performance computing,3,computer-engineering,832527,https://en.wikipedia.org/?curid=832527,wd:Q1190465,0,0,6,
literary-history,History of literature,3,literature,138848,https://en.wikipedia.org/?curid=138848,wd:Q6497044,1,0,4,"The history of literature is the historical development of writings in prose or poetry that attempt to provide entertainment or education to the reader, as well as the development of the literary tech"
history-of-sociology,History of sociology,3,sociology,1575379,https://en.wikipedia.org/?curid=1575379,wd:Q932233,0,0,2,
horticulture,Horticulture,3,agricultural-and-food-sciences,216260,https://en.wikipedia.org/?curid=216260,wd:Q48803,0,0,7,
ergonomics,Human factors and ergonomics,3,biological-engineering,36479878,https://en.wikipedia.org/?curid=36479878,wd:Q1750812,0,0,2,
human-geography,Human geography,3,geography,13372,https://en.wikipedia.org/?curid=13372,wd:Q12831143,1,0,11,"Human geography, also known as anthropogeography, is a branch of geography that studies how people interact with places. It focuses on the spatial relationships between human communities, cultures, ec"
hydrology,Hydrology,3,civil-engineering,13435,https://en.wikipedia.org/?curid=13435,wd:Q42250,1,0,6,"Hydrology (from Ancient Greek  ὕδωρ (húdōr) 'water' and  -λογία (-logía) 'study of') is the scientific study of the movement, distribution, and management of water on Earth and other planets, includin"
hydropower,Hydropower,3,energy-engineering,14073,https://en.wikipedia.org/?curid=14073,wd:Q170196,1,0,3,"Hydropower (from Ancient Greek ὑδρο-, ""water""), also known as water power or water energy, is the use of falling or fast-running water to produce electricity or to power machines. This is achieved by "
political-ideologies,Ideology,3,politics,75469,https://en.wikipedia.org/?curid=75469,wd:Q7257,1,0,27,"An ideology is a set of beliefs or values attributed to a person or group of persons, especially those held for reasons that are not purely about belief in certain knowledge, in which ""practical eleme"
immunology,Immunology,3,health-sciences,14959,https://en.wikipedia.org/?curid=14959,wd:Q101929,1,0,3,"Immunology is a branch of biology and medicine that covers the study of immune systems in all organisms.
Immunology charts, measures, and contextualizes the physiological functioning of the immune sys"
industrial-engineering,Industrial engineering,3,industrial-and-production-engineering,23535218,https://en.wikipedia.org/?curid=23535218,wd:Q4489420,0,0,5,
industrial-processes,Industrial processes,3,industrial-and-production-engineering,659359,https://en.wikipedia.org/?curid=659359,wd:Q1408286,0,0,5,
infectious-diseases,Infection,3,health-sciences,37220,https://en.wikipedia.org/?curid=37220,wd:Q166231,1,0,8,"An infection is the invasion of tissues by pathogens, their multiplication, and the reaction of host tissues to the infectious agent and the toxins they produce. An infectious disease, also known as a"
informal-logic,Informal logic,3,logic,14122398,https://en.wikipedia.org/?curid=14122398,wd:Q1506807,0,0,2,
information-theory,Information theory,3,information-engineering,14773,https://en.wikipedia.org/?curid=14773,wd:Q131222,1,0,8,"Information theory is the mathematical study of the quantification, storage, and communication of a particular type of mathematically defined information. The field was established and formalized by C"
inorganic-chemistry,Inorganic chemistry,3,chemistry,14624,https://en.wikipedia.org/?curid=14624,wd:Q11165,1,0,8,"Inorganic chemistry deals with synthesis and behavior of inorganic and organometallic compounds. This field covers chemical compounds that are not carbon-based, which are the subjects of organic chemi"
intensive-care-medicine,Intensive care medicine,3,health-sciences,299014,https://en.wikipedia.org/?curid=299014,wd:Q679690,1,0,2,"Intensive care medicine, usually called critical care medicine, is a medical specialty that deals with seriously or critically ill patients who have, are at risk of, or are recovering from conditions "
interior-design,Interior design,3,architecture,573174,https://en.wikipedia.org/?curid=573174,wd:Q179232,1,0,2,Interior design is the art and science of enhancing the interior of a building to achieve a healthier and more aesthetically pleasing environment for the people using the space. With a keen eye for de
internal-medicine,Internal medicine,3,health-sciences,205264,https://en.wikipedia.org/?curid=205264,wd:Q11180,1,0,2,"Internal medicine, also known as general medicine in Commonwealth nations, is a specialty for medical doctors focused on the prevention, diagnosis, and treatment of diseases in adults. Internal refers"
language,Language,3,linguistics,17524,https://en.wikipedia.org/?curid=17524,wd:Q315,1,0,3,"Language is a structured system of communication that consists of grammar and vocabulary. It is the primary means by which humans convey meaning, both in spoken and signed forms, and may also be conve"
law-enforcement,Law enforcement,3,law,18486,https://en.wikipedia.org/?curid=18486,wd:Q44554,1,0,5,"Law enforcement is the activity of some members of the government or other social institutions who act in an organized manner to enforce the law by investigating, deterring, rehabilitating, or punishi"
learning-theory,Learning theory (education),3,education,17994,https://en.wikipedia.org/?curid=17994,wd:Q1790374,1,0,4,"Learning theory attempts to describe how students receive, process, and retain knowledge during learning. Cognitive, emotional, and environmental influences, as well as prior experience, all play a pa"
linguistic-anthropology,Linguistic anthropology,3,anthropology,166208,https://en.wikipedia.org/?curid=166208,wd:Q772835,1,0,2,Linguistic anthropology is the interdisciplinary study of how language influences social life. It is a branch of anthropology that originated from the endeavor to document endangered languages and has
descriptive-linguistics,Linguistic description,3,linguistics,55402,https://en.wikipedia.org/?curid=55402,wd:Q777864,1,0,9,"In the study of language, description or descriptive linguistics is the work of objectively analyzing and describing how language is actually used (or how it was used in the past) by a speech communit"
branches-of-law,List of areas of law,3,law,3381901,https://en.wikipedia.org/?curid=3381901,wd:Q61019077,1,0,10,"The following is a list of major areas of legal practice and important legal subject-matters.
From one of the five capital lawyers in Roman Law, Domitius Ulpianus, (170–223) – who differentiated ius p"
literary-criticism,Literary criticism,3,literature,51123,https://en.wikipedia.org/?curid=51123,wd:Q58854,1,0,3,"A genre of arts criticism, literary criticism or literary studies is the study, evaluation, and interpretation of literature. Modern literary criticism is often influenced by literary theory, which is"
literary-genres,Literary genre,3,literature,455547,https://en.wikipedia.org/?curid=455547,wd:Q223393,1,0,7,"A literary genre is a category of literature. Genres may be determined by literary technique, tone, content, or length (especially for fiction). They generally move from more abstract, encompassing cl"
machine-learning,Machine learning,3,information-engineering,233488,https://en.wikipedia.org/?curid=233488,wd:Q2539,1,0,9,"Machine learning (ML) is a field of study in artificial intelligence concerned with the development and study of statistical algorithms that can learn from data and generalize to unseen data, and thus"
macroeconomics,Macroeconomics,3,economics,18820,https://en.wikipedia.org/?curid=18820,wd:Q39680,1,0,33,"Macroeconomics is a branch of economics that deals with the performance, structure, behavior, and decision-making of an economy as a whole. This includes regional, national, and global economies. Macr"
belief-systems,Major religious groups,3,religion,348450,https://en.wikipedia.org/?curid=348450,wd:Q6957341,1,0,12,"The world's principal religions and spiritual traditions may be classified into a small number of major groups, though this is not a uniform practice. This theory began in the 18th century with the go"
manufacturing-engineering,Manufacturing engineering,3,industrial-and-production-engineering,11200529,https://en.wikipedia.org/?curid=11200529,wd:Q11049265,1,0,5,"Manufacturing engineering or production engineering is a branch of professional engineering that shares many common concepts and ideas with other fields of engineering such as mechanical, chemical, el"
marine-biology,Marine biology,3,biology,20021,https://en.wikipedia.org/?curid=20021,wd:Q7173,1,0,2,"Marine biology is the scientific study of the biology of marine life, organisms that inhabit the sea. Given that in biology many phyla, families and genera have some species that live in the sea and o"
marine-engineering,Marine engineering,3,mechanical-engineering,3552729,https://en.wikipedia.org/?curid=3552729,wd:Q118291,1,0,4,"Marine engineering is the engineering of watercrafts, ocean systems, and ocean structures. After completing this degree, one can join a ship as an officer in the engine department and eventually rise "
marketing,Marketing,3,business,59252,https://en.wikipedia.org/?curid=59252,wd:Q39809,1,0,7,"Marketing is the act of acquiring, satisfying and retaining customers. It is one of the primary components of business management and commerce.
Marketing is usually conducted by the seller, typically "
mass-communication,Mass communication,3,communication-studies,1605735,https://en.wikipedia.org/?curid=1605735,wd:Q853710,1,0,5,Mass communication is the process of communicating and exchanging information through mass media to large population segments. It utilizes various forms of media as technology has made the disseminati
materials-science,Materials science,3,chemical-engineering,19622,https://en.wikipedia.org/?curid=19622,wd:Q228736,1,0,22,Materials science is an interdisciplinary field concerned with understanding the relationships between the structure of materials and their properties and using this knowledge to design materials for 
analysis,Mathematical analysis,3,mathematics,48396,https://en.wikipedia.org/?curid=48396,wd:Q7754,1,0,18,"Analysis is the branch of mathematics dealing with continuous functions, limits, and related theories, such as differentiation, integration, measure, infinite sequences, series, and analytic functions"
mathematical-and-theoretical-biology,Mathematical and theoretical biology,3,biology,662088,https://en.wikipedia.org/?curid=662088,wd:Q751611,1,0,3,"Mathematical and theoretical biology, or biomathematics, is a branch of biology which employs theoretical analysis, mathematical modeling, and abstractions about living organisms to investigate the pr"
mathematical-logic,Mathematical logic,3,mathematics,19636,https://en.wikipedia.org/?curid=19636,wd:Q1166618,1,0,14,"Mathematical logic is the study of formal logic within mathematics. Major subareas include model theory, proof theory, set theory, and recursion theory (also known as computability theory). Research i"
mathematical-optimization,Mathematical optimization,3,mathematics,52033,https://en.wikipedia.org/?curid=52033,wd:Q141495,1,0,5,"Mathematical optimization (alternatively spelled optimisation) or mathematical programming is the selection of a best element, with regard to some criteria, from some set of available alternatives. It"
mechanics,Mechanics,3,physics,19559,https://en.wikipedia.org/?curid=19559,wd:Q41217,1,0,11,"Mechanics (from Ancient Greek  μηχανική (mēkhanikḗ) 'of machines') is the area of physics concerned with the relationships between force, matter, and motion among physical objects. Forces applied to o"
mechatronics,Mechatronics,3,mechanical-engineering,304604,https://en.wikipedia.org/?curid=304604,wd:Q180165,1,0,3,"Mechatronics engineering, also called mechatronics, is the synergistic integration of mechanical, electrical, and computer systems employing mechanical engineering, electrical engineering, electronic "
mesoeconomics,Mesoeconomics,3,economics,3355693,https://en.wikipedia.org/?curid=3355693,wd:Q1423698,1,0,7,"Mesoeconomics or Mezzoeconomics is a neologism used to describe the study of economic arrangements which are not based either on the microeconomics of buying and selling and supply and demand, nor on "
metaphilosophy,Metaphilosophy,3,philosophy,18887,https://en.wikipedia.org/?curid=18887,wd:Q596284,1,0,4,"Metaphilosophy, sometimes called the philosophy of philosophy, is ""the investigation of the nature of philosophy"". Its subject matter includes the aims of philosophy, the boundaries of philosophy, and"
metaphysics,Metaphysics,3,philosophy,18895,https://en.wikipedia.org/?curid=18895,wd:Q35277,1,0,11,"Metaphysics is the branch of philosophy that examines the basic structure of reality. It is traditionally seen as the study of mind-independent features of the world, but some theorists view it as an "
research-methods,Methodology,3,research,620667,https://en.wikipedia.org/?curid=620667,wd:Q185698,1,0,3,"In its most common sense, methodology is the study of research methods. However, the term can also refer to the methods themselves or to the philosophical discussion of associated background assumptio"
microbiology,Microbiology,3,biology,21393077,https://en.wikipedia.org/?curid=21393077,wd:Q7193,1,0,6,"Microbiology (from Ancient Greek  μῑκρος (mīkros) 'small';  βίος (bíos) 'life' and  -λογία (-logía) 'study of') is the scientific study of microorganisms, those being of unicellular (single-celled), m"
microeconomics,Microeconomics,3,economics,18819,https://en.wikipedia.org/?curid=18819,wd:Q39072,1,0,20,Microeconomics is a branch of economics that studies the behavior of individuals and firms in making decisions regarding the allocation of scarce resources and the interactions among these individuals
microwave-engineering,Microwave engineering,3,electrical-engineering,31789966,https://en.wikipedia.org/?curid=31789966,wd:Q11339597,1,0,2,"Microwave engineering pertains to the study and design of microwave circuits, components, and systems. Fundamental principles are applied to analysis, design and measurement techniques in this field. "
middle-ages,Middle Ages,3,history,18836,https://en.wikipedia.org/?curid=18836,wd:Q12554,1,0,5,"In the history of Europe, the Middle Ages or medieval period lasted approximately from the 5th to late 15th centuries, comparable with the post-classical period of global history. The medieval period "
military-history,Military history,3,military-science,25595604,https://en.wikipedia.org/?curid=25595604,wd:Q192781,1,0,2,"Military history is the study of armed conflict in the history of humanity, and its impact on the societies, cultures, and economies thereof, as well as the resulting changes to local and internationa"
military-organisations,Military organization,3,military-science,6714405,https://en.wikipedia.org/?curid=6714405,wd:Q15627509,1,0,3,Military organization (AE) or military organisation (BE) is the structuring of the armed forces of a state so as to offer such military capability as a national defense policy may require. Formal mili
military-technology,Military technology,3,military-science,90815,https://en.wikipedia.org/?curid=90815,wd:Q329864,1,0,4,"Military technology is the application of technology for use in warfare. It comprises the kinds of technology that are distinctly military in nature and not civilian in application, usually because th"
mining-engineering,Mining engineering,3,civil-engineering,488361,https://en.wikipedia.org/?curid=488361,wd:Q1370637,1,0,2,"Mining engineering is the extraction of minerals from the ground. It is associated with many other disciplines, such as mineral processing, exploration, excavation, geology, metallurgy, geotechnical e"
modern-era,Modern era,3,history,4399619,https://en.wikipedia.org/?curid=4399619,wd:Q3281534,1,0,5,The modern era or the modern period is considered the current historical period of human history. It was originally applied to the history of Europe and Western history for events that came after the 
molecular-biology,Molecular biology,3,biology,19200,https://en.wikipedia.org/?curid=19200,wd:Q7202,1,0,5,Molecular biology  is a branch of biology that seeks to understand the molecular structures and chemical processes that are the basis of biological activity within and between cells. It is centered la
molecular-engineering,Molecular engineering,3,chemical-engineering,177515,https://en.wikipedia.org/?curid=177515,wd:Q3523861,1,0,3,"Molecular engineering is an emerging field of study concerned with the design and testing of molecular properties, behavior and interactions in order to assemble better materials, systems, and process"
molecular-physics,Molecular physics,3,physics,675130,https://en.wikipedia.org/?curid=675130,wd:Q489328,1,0,2,"Molecular physics is the study of the physical properties of molecules and molecular dynamics. The field overlaps significantly with physical chemistry, chemical physics, and quantum chemistry. It is "
nanotechnology,Nanotechnology,3,chemical-engineering,21488,https://en.wikipedia.org/?curid=21488,wd:Q11468,1,0,2,"Nanotechnology is the manipulation of matter with at least one dimension sized from 1 to 100 nanometers (nm). At this scale, commonly known as the nanoscale, surface area and quantum mechanical effect"
natural-language-processing,Natural language processing,3,information-engineering,21652,https://en.wikipedia.org/?curid=21652,wd:Q30642,1,0,6,Natural language processing (NLP) is the processing of natural language information by a computer. NLP is a subfield of computer science and is closely associated with artificial intelligence. NLP is 
nephrology,Nephrology,3,health-sciences,22028,https://en.wikipedia.org/?curid=22028,wd:Q177635,1,0,2,"Nephrology (from Ancient Greek νεφρός (nephrós), meaning ""kidney"", and λόγος (lógos), meaning ""study"") is a specialty for both adult internal medicine and pediatric medicine that concerns the study of"
neurology,Neurology,3,health-sciences,21226,https://en.wikipedia.org/?curid=21226,wd:Q83042,1,0,3,"Neurology (from Greek: νεῦρον (neûron), ""string, nerve"" and the suffix -logia, ""study of"") is the branch of medicine dealing with the diagnosis and treatment of all categories of conditions and diseas"
neuroscience,Neuroscience,3,biology,21245,https://en.wikipedia.org/?curid=21245,wd:Q207011,1,0,13,"Neuroscience is the scientific study of the nervous system (the brain, spinal cord, and peripheral nervous system), its functions, and its disorders. It is a multidisciplinary science that combines ph"
non-classical-logic,Non-classical logic,3,logic,3192556,https://en.wikipedia.org/?curid=3192556,wd:Q239179,1,0,15,Non-classical logics (sometimes alternative logics) are formal systems that differ in a significant way from standard logical systems such as propositional and predicate logic. There are several ways 
nuclear-chemistry,Nuclear chemistry,3,chemistry,242001,https://en.wikipedia.org/?curid=242001,wd:Q243545,1,0,4,"Nuclear chemistry is the sub-field of chemistry dealing with radioactivity, nuclear processes, and transformations in the nuclei of atoms, such as nuclear transmutation and nuclear properties.
It is t"
nuclear-physics,Nuclear physics,3,physics,21285,https://en.wikipedia.org/?curid=21285,wd:Q81197,1,0,2,"Nuclear physics is the field of physics that studies atomic nuclei and their constituents and interactions, in addition to the study of other forms of nuclear matter.
Nuclear physics should not be con"
nuclear-power,Nuclear power,3,energy-engineering,22153,https://en.wikipedia.org/?curid=22153,wd:Q12739,1,0,3,"Nuclear power is the use of nuclear reactions to produce electricity. Nuclear power can be obtained from nuclear fission, nuclear decay and nuclear fusion reactions. Presently, the vast majority of el"
number-theory,Number theory,3,mathematics,21527,https://en.wikipedia.org/?curid=21527,wd:Q12479,1,0,8,Number theory is a branch of mathematics devoted primarily to the study of the integers and arithmetic functions. Number theorists study prime numbers as well as the properties of mathematical objects
nursing,Nursing,3,health-sciences,18403271,https://en.wikipedia.org/?curid=18403271,wd:Q121176,1,0,4,"Nursing is a health care profession that ""integrates the art and science of caring and focuses on the protection, promotion, and optimization of health and human functioning; prevention of illness and"
obstetrics,Obstetrics,3,health-sciences,52965,https://en.wikipedia.org/?curid=52965,wd:Q5284418,1,0,2,"Obstetrics is the field of study concentrated on pregnancy, childbirth and the postpartum period. As a medical specialty, obstetrics is - in some jurisdictions - combined with gynecology under the dis"
occupational-medicine,Occupational medicine,3,health-sciences,8417064,https://en.wikipedia.org/?curid=8417064,wd:Q628764,1,0,2,"Occupational and Environmental Medicine (OEM), previously called industrial medicine, is a board certified medical specialty under the American Board of Preventative Medicine that specializes in the p"
oceanography,Oceanography,3,earth-science,44044,https://en.wikipedia.org/?curid=44044,wd:Q43518,1,0,8,"Oceanography (from Ancient Greek  ὠκεανός (ōkeanós) 'ocean' and  γραφή (graphḗ) 'writing'), also known as oceanology, sea science, ocean science, and marine science, is the scientific study of the oce"
ophthalmology,Ophthalmology,3,health-sciences,56153,https://en.wikipedia.org/?curid=56153,wd:Q161437,0,0,2,
optical-engineering,Optical engineering,3,electrical-engineering,372619,https://en.wikipedia.org/?curid=372619,wd:Q640621,0,0,5,
optics,Optics,3,physics,22483,https://en.wikipedia.org/?curid=22483,wd:Q14620,1,0,20,"Optics is the branch of physics that studies the behaviour, manipulation, and detection of electromagnetic radiation, including its interactions with matter and instruments that use or detect it. Opti"
optometry,Optometry,3,health-sciences,181226,https://en.wikipedia.org/?curid=181226,wd:Q618211,1,0,2,"Optometry (from Ancient Greek ὄψις (ópsis), meaning ""eye"", and μέτρον (métron), meaning ""measure"") is the healthcare practice concerned with examining the eyes for visual defects, prescribing correcti"
astrodynamics,Orbital mechanics,3,astronomy,182146,https://en.wikipedia.org/?curid=182146,wd:Q842433,1,0,3,"Orbital mechanics or astrodynamics is the application of ballistics and celestial mechanics to rockets, satellites, and other spacecraft. The motion of these objects is usually calculated from laws of"
organic-chemistry,Organic chemistry,3,chemistry,22208,https://en.wikipedia.org/?curid=22208,wd:Q11351,1,0,16,"Organic chemistry is a subdiscipline within chemistry involving the scientific study of the structure, properties, and reactions of organic compounds and organic materials (i.e. matter in its various "
organizational-communication,Organizational communication,3,communication-studies,228053,https://en.wikipedia.org/?curid=228053,wd:Q1937189,1,0,2,"Within the realm of communication studies, organizational communication is a field of study surrounding all areas of communication and information flow that contribute to the functioning of an organiz"
otorhinolaryngology,Otorhinolaryngology,3,health-sciences,22573,https://en.wikipedia.org/?curid=22573,wd:Q189553,1,0,2,"Otorhinolaryngology ( oh-toh-RY-noh-LARR-in-GOL-ə-jee, abbreviated ORL and also known as otolaryngology, otolaryngology – head and neck surgery (ORL–H&N or OHNS), or ear, nose, and throat (ENT) ) is a"
botany,Outline of botany,3,biology,13725873,https://en.wikipedia.org/?curid=13725873,wd:Q18358863,1,0,12,"The following outline is an overview of and topical guide to botany, the biological academic discipline involving the study of plants."
geology,Outline of geology,3,earth-science,14343000,https://en.wikipedia.org/?curid=14343000,wd:Q7112648,0,0,13,
fields-of-history,Outline of history,3,history,3402732,https://en.wikipedia.org/?curid=3402732,wd:Q7112655,0,0,11,
particle-physics,Particle physics,3,physics,23259,https://en.wikipedia.org/?curid=23259,wd:Q18334,1,0,8,Particle physics or high-energy physics is the study of fundamental particles and forces that constitute matter and radiation. The field also studies combinations of elementary particles up to the sca
pathology,Pathology,3,health-sciences,48791,https://en.wikipedia.org/?curid=48791,wd:Q7208,1,0,2,"Pathology is the study of disease. The word pathology also refers to the study of disease in general, incorporating a wide range of biology research fields and medical practices. However, when used in"
pedagogy,Pedagogy,3,education,419686,https://en.wikipedia.org/?curid=419686,wd:Q7922,1,0,13,"Pedagogy (), most commonly understood as the approach to teaching, is the theory and practice of learning, and how this process influences, and is influenced by, the social, political, and psychologic"
pediatrics,Pediatrics,3,health-sciences,23593,https://en.wikipedia.org/?curid=23593,wd:Q123028,1,0,2,"Pediatrics (American English), also spelled paediatrics (British English) and also known as underage medicine, is the branch of medicine that involves the medical care of infants, children, adolescent"
performing-arts,Performing arts,3,art,22938,https://en.wikipedia.org/?curid=22938,wd:Q184485,1,0,5,"The performing arts are arts such as music, dance, and drama which are performed for an audience. They are different from the visual arts, which produce physical or static objects. Performing arts inc"
petroleum-engineering,Petroleum engineering,3,chemical-engineering,65465,https://en.wikipedia.org/?curid=65465,wd:Q1273174,1,0,7,"Petroleum engineering is a field of engineering concerned with the activities related to the production of hydrocarbons, which can be either crude oil or natural gas or both. Exploration and productio"
pharmacology,Pharmacology,3,health-sciences,24354,https://en.wikipedia.org/?curid=24354,wd:Q128406,1,0,14,"Pharmacology is the science of drugs and medications, including a substance's origin, composition and interaction with biological systems; specifically through pharmacokinetics, pharmacodynamics, ther"
philosophy-of-language,Philosophy of language,3,philosophy,6880370,https://en.wikipedia.org/?curid=6880370,wd:Q484761,1,0,6,"Philosophy of language is the philosophical study of the nature of language. It investigates the relationship between language, language users, and the world. Investigations may include inquiry into t"
philosophy-of-science,Philosophy of science,3,philosophy,37010,https://en.wikipedia.org/?curid=37010,wd:Q59115,1,0,9,"Philosophy of science (also theory of science) is the branch of philosophy concerned with the foundations, methods, and implications of science. Amongst its central questions are the difference betwee"
photonics,Photonics,3,electrical-engineering,184904,https://en.wikipedia.org/?curid=184904,wd:Q467054,1,0,2,"Photonics is a branch of optics that involves the application of generation, detection, and manipulation of light in the form of photons through emission, transmission, modulation, signal processing, "
physical-chemistry,Physical chemistry,3,chemistry,23635,https://en.wikipedia.org/?curid=23635,wd:Q11372,1,0,23,"Physical chemistry is the study of macroscopic and microscopic phenomena in chemical systems in terms of the principles, practices, and concepts of physics such as motion, energy, force, time, thermod"
physical-geography,Physical geography,3,earth-science,23263,https://en.wikipedia.org/?curid=23263,wd:Q52107,1,0,9,Physical geography (also known as physiography) is one of the three main branches of geography. Physical geography is the branch of natural science which deals with the processes and patterns in the n
physical-quantities,Physical quantity,3,physics,23204,https://en.wikipedia.org/?curid=23204,wd:Q107715,1,0,2,"A physical quantity (or simply quantity) is a property of a material or system that can be quantified by measurement. A physical quantity can be expressed as a value, which is a pair of a numerical va"
physical-therapy,Physical therapy,3,health-sciences,24022,https://en.wikipedia.org/?curid=24022,wd:Q186005,1,0,4,"Physical therapy (PT), also known as physiotherapy, is a healthcare profession, as well as the care provided by physical therapists. It focuses on promoting, maintaining, or restoring health through p"
physiology,Physiology,3,biology,23597,https://en.wikipedia.org/?curid=23597,wd:Q521,1,0,9,"Physiology (; from Ancient Greek  φύσις (phúsis) 'nature, origin' and  -λογία (-logía) 'study of') is the scientific study of functions and mechanisms in a living system. As a subdiscipline of biology"
planetary-science,Planetary science,3,astronomy,36224143,https://en.wikipedia.org/?curid=36224143,wd:Q104499,0,0,9,
plasma-physics,Plasma (physics),3,physics,25916521,https://en.wikipedia.org/?curid=25916521,wd:Q10251,0,0,8,
political-philosophy,Political philosophy,3,philosophy,23040,https://en.wikipedia.org/?curid=23040,wd:Q179805,1,0,6,"Political philosophy is the study of the theoretical and conceptual foundations of politics. It examines the nature, scope, and legitimacy of political institutions, such as states. The field investig"
political-science,Political science,3,politics,24388,https://en.wikipedia.org/?curid=24388,wd:Q36442,1,0,14,"Political science (sometimes abbreviated as PoliSci or poli sci), also known as the academic field of government (GOVT or Gov), is the scientific study of politics which is a social science dealing wi"
pollution,Pollution,3,environmental-science,24872,https://en.wikipedia.org/?curid=24872,wd:Q58734,1,0,6,"Pollution is the introduction of contaminants into the natural environment that cause harm. Pollution can take the form of any substance (solid, liquid, or gas) or energy (such as radioactivity, heat,"
post-classical-history,Post-classical history,3,history,13139823,https://en.wikipedia.org/?curid=13139823,wd:Q7234117,0,0,2,
power-engineering,Power engineering,3,electrical-engineering,618077,https://en.wikipedia.org/?curid=618077,wd:Q1803786,0,0,7,
prehistoric-period,Prehistory,3,history,18994022,https://en.wikipedia.org/?curid=18994022,wd:Q11756,0,0,5,
preventive-healthcare,Preventive healthcare,3,health-sciences,1032780,https://en.wikipedia.org/?curid=1032780,wd:Q1773974,0,0,3,
probability-theory,Probability theory,3,mathematics,23542,https://en.wikipedia.org/?curid=23542,wd:Q5862903,1,0,8,"Probability theory or probability calculus is the branch of mathematics concerned with probability. Although there are several different probability interpretations, probability theory treats the conc"
process-engineering,Process engineering,3,chemical-engineering,601958,https://en.wikipedia.org/?curid=601958,wd:Q2144042,0,0,8,
programming-language-theory,Programming language theory,3,theoretical-computer-science,3882218,https://en.wikipedia.org/?curid=3882218,wd:Q2670534,0,0,9,
psychiatry,Psychiatry,3,health-sciences,18973869,https://en.wikipedia.org/?curid=18973869,wd:Q7867,0,0,2,
psycholinguistics,Psycholinguistics,3,linguistics,160538,https://en.wikipedia.org/?curid=160538,wd:Q179488,0,0,5,
applied-sociology,Public sociology,3,sociology,1722782,https://en.wikipedia.org/?curid=1722782,wd:Q4353946,1,0,17,Public sociology is a subfield of the wider sociological discipline that emphasizes expanding the disciplinary boundaries of sociology in order to engage with non-academic audiences. It is perhaps bes
publishing,Publishing,3,research,68761,https://en.wikipedia.org/?curid=68761,wd:Q3972943,0,0,7,
pulmonology,Pulmonology,3,health-sciences,585383,https://en.wikipedia.org/?curid=585383,wd:Q203337,0,0,4,
quantum-field-theory,Quantum field theory,3,physics,25267,https://en.wikipedia.org/?curid=25267,wd:Q54505,1,0,4,"In theoretical physics, quantum field theory (QFT) is a theoretical framework that combines field theory, special relativity and quantum mechanics. QFT is used in particle physics to construct physica"
quantum-mechanics,Quantum mechanics,3,physics,25202,https://en.wikipedia.org/?curid=25202,wd:Q944,1,0,10,Quantum mechanics is the fundamental physical theory that describes the behavior of matter and of light; its unusual characteristics typically occur at and below the scale of atoms. It is the foundati
radio-frequency-engineering,Radio-frequency engineering,3,electrical-engineering,13485805,https://en.wikipedia.org/?curid=13485805,wd:Q1363977,0,0,3,
radiology,Radiology,3,health-sciences,152623,https://en.wikipedia.org/?curid=152623,wd:Q77604,0,0,2,
railway-engineering,Railway engineering,3,mechanical-engineering,5235231,https://en.wikipedia.org/?curid=5235231,wd:Q4260703,0,0,2,
regional-geography,Regional geography,3,geography,711230,https://en.wikipedia.org/?curid=711230,wd:Q817121,0,0,9,
reliability-engineering,Reliability engineering,3,industrial-and-production-engineering,1724836,https://en.wikipedia.org/?curid=1724836,wd:Q2193887,0,0,2,
religious-studies,Religious studies,3,religion,354220,https://en.wikipedia.org/?curid=354220,wd:Q34187,0,0,7,
rheumatology,Rheumatology,3,health-sciences,209948,https://en.wikipedia.org/?curid=209948,wd:Q327657,0,0,2,
robotics,Robotics,3,mechanical-engineering,20903754,https://en.wikipedia.org/?curid=20903754,wd:Q170978,0,0,4,
safety-engineering,Safety engineering,3,industrial-and-production-engineering,29278,https://en.wikipedia.org/?curid=29278,wd:Q6496962,1,0,7,"Safety engineering is an engineering discipline which assures that engineered systems provide acceptable levels of safety. It is strongly related to industrial engineering/systems engineering,  and th"
semiotics,Semiotics,3,linguistics,29301,https://en.wikipedia.org/?curid=29301,wd:Q60195,1,0,2,"Semiotics is the study of signs. It is an interdisciplinary field that examines what signs are, how they form sign systems, and how individuals use them to communicate meaning. Its main branches are s"
branches-of-government,Separation of powers,3,politics,28561,https://en.wikipedia.org/?curid=28561,wd:Q79896,1,0,5,"The separation of powers principle functionally differentiates several types of state power (usually legislation, adjudication, and execution) and requires these operations of government to be concept"
signal-processing,Signal processing,3,information-engineering,29324,https://en.wikipedia.org/?curid=29324,wd:Q208163,1,0,16,"Signal processing is an electrical engineering subfield that focuses on analyzing, modifying and synthesizing signals, such as sound, images, potential fields, seismic signals, altimetry processing, a"
social-anthropology,Social anthropology,3,anthropology,33661613,https://en.wikipedia.org/?curid=33661613,wd:Q29051,1,0,2,"Social anthropology is the study of patterns of behaviour in human societies and cultures. It is the dominant constituent of anthropology throughout the United Kingdom and much of Europe, where it is "
social-networks,Social network,3,computer-engineering,34327569,https://en.wikipedia.org/?curid=34327569,wd:Q2715623,1,0,6,"A social network is a social structure consisting of a set of social actors (such as individuals or organizations), networks of dyadic ties, and other social interactions between actors. The social ne"
social-philosophy,Social philosophy,3,philosophy,586276,https://en.wikipedia.org/?curid=586276,wd:Q180592,1,0,6,Social philosophy is the study and interpretation of society and social institutions in terms of ethical values rather than empirical relations. Social philosophers emphasize understanding the social 
sociological-methodologies,Social research,3,sociology,373212,https://en.wikipedia.org/?curid=373212,wd:Q12336277,1,0,6,"Social research is research conducted by social scientists following a systematic plan. Social research methodologies can be classified as quantitative and qualitative.

Quantitative designs approach "
sociological-theories,Sociological theory,3,sociology,3452443,https://en.wikipedia.org/?curid=3452443,wd:Q1377163,1,0,8,"A sociological theory is a supposition that intends to consider, analyze, and/or explain objects of social reality from a sociological perspective, drawing connections between individual concepts in o"
software-development,Software development,3,computer-engineering,248932,https://en.wikipedia.org/?curid=248932,wd:Q638608,1,0,16,"Software development is the process of designing, creating, testing, and maintaining software applications to meet specific user needs or business objectives. The process is more encompassing than pro"
software-engineering,Software engineering,3,computer-engineering,27010,https://en.wikipedia.org/?curid=27010,wd:Q80993,1,0,3,"Software engineering is a branch of both computer science and engineering focused on designing, developing, testing, and maintaining software applications. It involves applying engineering principles "
solar-power,Solar power,3,energy-engineering,13690575,https://en.wikipedia.org/?curid=13690575,wd:Q1483757,1,0,5,"Solar power, also known as solar electricity, is the conversion of energy from sunlight into electricity, either directly using photovoltaics (PV) or indirectly using concentrated solar power. Solar p"
state-politics,Sovereign state,3,politics,23604120,https://en.wikipedia.org/?curid=23604120,wd:Q3624078,1,0,5,"A sovereign state is a state that has the highest authority over a territory. It is commonly understood that a sovereign state is independent. When referring to a specific polity, the term ""country"" m"
space-environment,Space environment,3,astronomy,1677464,https://en.wikipedia.org/?curid=1677464,wd:Q7572581,0,0,2,
statistical-inference,Statistical inference,3,statistics,27577,https://en.wikipedia.org/?curid=27577,wd:Q938438,1,0,21,"Statistical inference is the process of using data analysis to infer properties of an underlying probability distribution. Inferential statistical analysis infers properties of a population, for examp"
structural-engineering,Structural engineering,3,civil-engineering,45829,https://en.wikipedia.org/?curid=45829,wd:Q633538,1,0,3,Structural engineering is a sub-discipline of civil engineering in which structural engineers are trained to design the 'bones and joints' that create the form and shape of human-made structures. Stru
supply-chain,Supply chain,3,business,186493,https://en.wikipedia.org/?curid=186493,wd:Q1824206,0,0,6,
surgery,Surgery,3,health-sciences,45599,https://en.wikipedia.org/?curid=45599,wd:Q40821,1,0,3,"Surgery is a medical specialty that uses manual and instrumental techniques to diagnose or treat pathological conditions (e.g., trauma, disease, injury, malignancy), to alter bodily functions (e.g., m"
systems-theory,Systems theory,3,systems-science-and-engineering,29238,https://en.wikipedia.org/?curid=29238,wd:Q269699,1,0,5,"Systems theory is the transdisciplinary study of systems, i.e. cohesive groups of interrelated, interdependent components that can be natural or artificial. Every system has causal boundaries, is infl"
systems-thinking,Systems thinking,3,systems-science-and-engineering,227985,https://en.wikipedia.org/?curid=227985,wd:Q1340474,0,0,8,
technical-geography,Technical geography,3,earth-science,71605274,https://en.wikipedia.org/?curid=71605274,wd:Q113859941,0,0,7,
technology-companies,Technology company,3,computer-engineering,44211754,https://en.wikipedia.org/?curid=44211754,wd:Q18388277,0,0,2,
telecommunications,Telecommunications,3,electrical-engineering,33094374,https://en.wikipedia.org/?curid=33094374,wd:Q418,0,0,11,
theoretical-chemistry,Theoretical chemistry,3,chemistry,31491,https://en.wikipedia.org/?curid=31491,wd:Q321150,1,0,4,"Theoretical chemistry is the branch of chemistry which develops theoretical generalizations that are part of the theoretical arsenal of modern chemistry: for example, the concepts of chemical bonding,"
theoretical-linguistics,Theoretical linguistics,3,linguistics,55422,https://en.wikipedia.org/?curid=55422,wd:Q351625,0,0,12,
theoretical-psychology,Theoretical psychology,3,psychology,981440,https://en.wikipedia.org/?curid=981440,wd:Q7782373,0,0,9,
theory-of-computation,Theory of computation,3,theoretical-computer-science,30402,https://en.wikipedia.org/?curid=30402,wd:Q844718,1,0,9,"In theoretical computer science and mathematics, the theory of computation is the branch that deals with what problems can be solved on a model of computation using an algorithm, how efficiently they "
relativity,Theory of relativity,3,physics,30001,https://en.wikipedia.org/?curid=30001,wd:Q43514,1,0,4,"The theory of relativity comprises two physics theories by Albert Einstein: special relativity and general relativity, proposed and published in 1905 and 1915, respectively. Special relativity applies"
thermal-engineering,Thermal engineering,3,mechanical-engineering,19582317,https://en.wikipedia.org/?curid=19582317,wd:Q2585592,0,0,7,
thermodynamics,Thermodynamics,3,physics,29952,https://en.wikipedia.org/?curid=29952,wd:Q11473,1,0,8,"Thermodynamics is a branch of physics that deals with heat, work, and temperature, and their relation to energy, entropy, and the physical properties of matter and radiation. The behavior of these qua"
tidal-power,Tidal power,3,energy-engineering,325060,https://en.wikipedia.org/?curid=325060,wd:Q184037,0,0,2,
topology,Topology,3,mathematics,29954,https://en.wikipedia.org/?curid=29954,wd:Q42989,1,0,8,"Topology (from the Greek words τόπος, 'place, location', and λόγος, 'study') is the branch of mathematics concerned with the properties of a geometric object that are preserved under continuous deform"
toxicology,Toxicology,3,health-sciences,30531,https://en.wikipedia.org/?curid=30531,wd:Q7218,1,0,2,"Toxicology is a scientific discipline, overlapping with biology, chemistry, pharmacology, and medicine, that involves the study of the adverse effects of chemical substances on living organisms and th"
transportation-engineering,Transportation engineering,3,civil-engineering,50571,https://en.wikipedia.org/?curid=50571,wd:Q775325,1,0,8,"Transportation engineering or transport engineering is the application of technology and scientific principles to the planning, functional design, operation and management of facilities for any mode o"
trigonometry,Trigonometry,3,mathematics,18717261,https://en.wikipedia.org/?curid=18717261,wd:Q8084,0,0,13,
urbanism,Urbanism,3,anthropology,935041,https://en.wikipedia.org/?curid=935041,wd:Q59950,0,0,3,
urology,Urology,3,health-sciences,32055,https://en.wikipedia.org/?curid=32055,wd:Q105650,1,0,3,"Urology (from Greek οὖρον ouron ""urine"" and -λογία -logia ""study of""), also known as genitourinary surgery, is the branch of medicine that focuses on surgical and medical diseases of the urinary syste"
veterinary-medicine,Veterinary medicine,3,health-sciences,32654,https://en.wikipedia.org/?curid=32654,wd:Q170201,1,0,2,"Veterinary medicine is the branch of medicine concerned with the prevention, management, diagnosis, and treatment of disease, disorder, and injury in non-human animals. Its scope is wide, covering all"
visual-arts,Visual arts,3,art,33734529,https://en.wikipedia.org/?curid=33734529,wd:Q36649,0,0,5,
warfare,War,3,military-science,33158,https://en.wikipedia.org/?curid=33158,wd:Q198,1,0,3,"War is an armed conflict between the armed forces of states, or between governmental forces and armed groups that are organized under a certain command structure and have the capacity to sustain milit"
wind-power,Wind power,3,energy-engineering,277289,https://en.wikipedia.org/?curid=277289,wd:Q43302,0,0,3,
zoology,Zoology,3,biology,34413,https://en.wikipedia.org/?curid=34413,wd:Q431,1,0,11,"Zoology ( zoh-OL-ə-jee, UK also  zoo-) is the scientific study of animals. Its studies include the structure, embryology, classification, habits, and distribution of all animals, both living and extin"
2d-computer-graphics,2D computer graphics,4,computer-graphics,35248,https://en.wikipedia.org/?curid=35248,wd:Q1194763,1,26,0,"2D computer graphics is the computer-based generation of digital images—mostly from two-dimensional models (such as 2D geometric models, text, and digital images) and by techniques specific to them. I"
abiogenesis,Abiogenesis,4,cell-biology,19179706,https://en.wikipedia.org/?curid=19179706,wd:Q231218,1,19,0,"Abiogenesis or the origin of life (sometimes called biopoiesis) is the natural process by which life arises from non-living matter, such as simple organic compounds. The prevailing scientific hypothes"
abnormal-psychology,Abnormal psychology,4,basic-psychology,238212,https://en.wikipedia.org/?curid=238212,wd:Q1987782,1,7,0,"Abnormal psychology is the branch of psychology that studies unusual patterns of behavior, emotion, and thought, which could possibly be understood as a mental disorder. Although many behaviors could "
abrahamic-religions,Abrahamic religions,4,belief-systems,13906453,https://en.wikipedia.org/?curid=13906453,wd:Q47280,1,138,0,"The Abrahamic religions are a set of monotheistic religions that respect or admire the religious figure Abraham as a patriarch, namely Judaism, Christianity, and Islam, though the term also often enco"
abstract-algebra,Abstract algebra,4,algebra,19616384,https://en.wikipedia.org/?curid=19616384,wd:Q159943,1,189,0,"In mathematics, more specifically algebra, abstract algebra or modern algebra is the study of algebraic structures, which are sets with specific operations acting on their elements. Algebraic structur"
access-control,Access control,4,computer-security,40684,https://en.wikipedia.org/?curid=40684,wd:Q228502,1,29,0,"In physical security and information security, access control (AC) is the action of deciding whether a subject should be granted or denied access to an object (for example, a place or a resource). The"
entities-in-accounting,Accounting,4,accounting,2593,https://en.wikipedia.org/?curid=2593,wd:Q4116214,1,0,0,"Accounting, also known as accountancy, is the process of recording and processing information about economic entities, such as businesses and corporations. Accounting measures the results of an organi"
topics-in-accounting,Accounting,4,accounting,2593,https://en.wikipedia.org/?curid=2593,wd:Q4116214,1,3,0,"Accounting, also known as accountancy, is the process of recording and processing information about economic entities, such as businesses and corporations. Accounting measures the results of an organi"
entities-in-acoustical-engineering,Acoustical engineering,4,acoustical-engineering,299813,https://en.wikipedia.org/?curid=299813,wd:Q859044,1,0,0,"Acoustical engineering (also known as acoustic engineering) is the branch of engineering dealing with sound and vibration. It includes the application of acoustics, the science of sound and vibration,"
topics-in-acoustical-engineering,Acoustical engineering,4,acoustical-engineering,299813,https://en.wikipedia.org/?curid=299813,wd:Q859044,1,1,0,"Acoustical engineering (also known as acoustic engineering) is the branch of engineering dealing with sound and vibration. It includes the application of acoustics, the science of sound and vibration,"
active-transport,Active transport,4,cell-biology,144602,https://en.wikipedia.org/?curid=144602,wd:Q304618,1,10,0,"In cellular biology, active transport is the movement of molecules or ions across a cell membrane from a region of lower concentration to a region of  higher concentration—against the concentration gr"
additive-number-theory,Additive number theory,4,number-theory,4460333,https://en.wikipedia.org/?curid=4460333,wd:Q3526722,1,0,0,"Additive number theory is the subfield of number theory concerning the study of subsets of integers and their behavior under addition. More abstractly, the field of additive number theory includes the"
administrative-law,Administrative law,4,branches-of-law,2560,https://en.wikipedia.org/?curid=2560,wd:Q171251,1,0,0,Administrative law is a division of law governing the activities of executive branch agencies of government. Administrative law includes executive branch rulemaking (executive branch rules are general
adult-education,Adult education,4,educational-stages,214737,https://en.wikipedia.org/?curid=214737,wd:Q1319035,1,0,0,"Adult education is when adults gain new attitudes, knowledge, skills, or values through systematic educating activities. It includes any form of learning adults engage in beyond traditional schooling,"
aeroacoustics,Aeroacoustics,4,acoustical-engineering,2518272,https://en.wikipedia.org/?curid=2518272,wd:Q381331,1,0,0,Aeroacoustics is a branch of acoustics that studies noise generation via either turbulent fluid motion or aerodynamic forces interacting with surfaces. Noise generation can also be associated with per
aerodynamics,Aerodynamics,4,aerospace-engineering,2819,https://en.wikipedia.org/?curid=2819,wd:Q8424,1,23,0,"Aerodynamics (from Ancient Greek  ἀήρ (aḗr) 'air' and  δυναμική (dunamikḗ) 'dynamics') is the study of the motion of air, particularly when affected by a solid object, such as an airplane wing. It inv"
aeronomy,Aeronomy,4,atmospheric-science,2138223,https://en.wikipedia.org/?curid=2138223,wd:Q16360,1,0,0,Aeronomy is the scientific study of the upper atmosphere of the Earth and corresponding regions of the atmospheres of other planets. It is a branch of both atmospheric chemistry and atmospheric physic
entities-in-aerospace-engineering,Aerospace engineering,4,aerospace-engineering,21732545,https://en.wikipedia.org/?curid=21732545,wd:Q3798668,1,2,0,Aerospace engineering is the primary field of engineering concerned with the development of aircraft and spacecraft.  It has two major and overlapping branches: aeronautical engineering and astronauti
topics-in-aerospace-engineering,Aerospace engineering,4,aerospace-engineering,21732545,https://en.wikipedia.org/?curid=21732545,wd:Q3798668,1,0,0,Aerospace engineering is the primary field of engineering concerned with the development of aircraft and spacecraft.  It has two major and overlapping branches: aeronautical engineering and astronauti
aerospace-manufacturing,Aerospace manufacturer,4,aerospace-engineering,79610,https://en.wikipedia.org/?curid=79610,wd:Q936518,1,14,0,"An aerospace manufacturer is a company or individual involved in the various aspects of designing, building, testing, selling, and maintaining aircraft, aircraft parts, missiles, rockets, or spacecraf"
aesthetic-taste,Aesthetic taste,4,aesthetics,1974810,https://en.wikipedia.org/?curid=1974810,wd:Q1143012,1,0,0,"In aesthetics, the concept of taste has been the interest of philosophers such as Plato, Hume, and Kant. It is defined by the ability to make valid judgments about an object's aesthetic value. However"
entities-in-aesthetics,Aesthetics,4,aesthetics,2130,https://en.wikipedia.org/?curid=2130,wd:Q35986,1,0,0,"Aesthetics is the branch of philosophy that studies beauty, taste, and related phenomena. In a broad sense, it includes the philosophy of art, which examines the nature of art, artistic creativity, th"
topics-in-aesthetics,Aesthetics,4,aesthetics,2130,https://en.wikipedia.org/?curid=2130,wd:Q35986,1,26,0,"Aesthetics is the branch of philosophy that studies beauty, taste, and related phenomena. In a broad sense, it includes the philosophy of art, which examines the nature of art, artistic creativity, th"
affine-geometry,Affine geometry,4,geometry,243890,https://en.wikipedia.org/?curid=243890,wd:Q382520,1,1,0,"In mathematics, affine geometry is what remains of Euclidean geometry when ignoring (mathematicians often say ""forgetting"") the metric notions of distance and angle.
As the notion of parallel lines is"
aging,Ageing,4,cell-biology,16413778,https://en.wikipedia.org/?curid=16413778,wd:Q332154,1,38,0,"Ageing (or aging in American English) is the process of becoming older. The term refers mainly to humans, many other animals, and fungi; whereas for example, bacteria, perennial plants and some simple"
agricultural-economics,Agricultural economics,4,mesoeconomics,733141,https://en.wikipedia.org/?curid=733141,wd:Q396340,1,0,0,"Agricultural economics is an applied field of economics concerned with the application of economic theory in optimizing the production and distribution of food and fiber products. 
Agricultural econom"
entities-in-agriculture,Agriculture,4,agriculture,627,https://en.wikipedia.org/?curid=627,wd:Q11451,1,2,0,"Agriculture is the practice of cultivating the soil, planting, raising, and harvesting both food and non-food crops, as well as livestock production. Broader definitions also include forestry and aqua"
topics-in-agriculture,Agriculture,4,agriculture,627,https://en.wikipedia.org/?curid=627,wd:Q11451,1,169,0,"Agriculture is the practice of cultivating the soil, planting, raising, and harvesting both food and non-food crops, as well as livestock production. Broader definitions also include forestry and aqua"
agroecology,Agroecology,4,ecology,216211,https://en.wikipedia.org/?curid=216211,wd:Q396338,1,0,0,Agroecology is an academic discipline that studies ecological processes applied to agricultural production systems. Bringing ecological principles to bear can suggest new management approaches in agro
agronomy,Agronomy,4,agriculture,186725,https://en.wikipedia.org/?curid=186725,wd:Q173113,1,2,0,"Agronomy is the science and technology of producing and using plants, animals and soils by agriculture for food, fuel, fiber, chemicals, recreation, or land conservation. Agronomy has come to include "
air-conditioning,Air conditioning,4,thermal-engineering,7221088,https://en.wikipedia.org/?curid=7221088,wd:Q173725,1,89,0,"Air conditioning, often abbreviated as A/C (US) or air con (UK), is the process of removing heat from an enclosed space to achieve a more comfortable interior temperature and, in some cases, controlli"
air-pollution,Air pollution,4,pollution,10934212,https://en.wikipedia.org/?curid=10934212,wd:Q131123,1,8,0,"Air pollution is the presence of substances in the air that are harmful to humans, other living beings or the environment. Pollutants can be gases, like ozone or nitrogen oxides, or small particles li"
air-traffic-control,Air traffic control,4,aerospace-engineering,48563,https://en.wikipedia.org/?curid=48563,wd:Q221395,1,11,0,Air traffic control (ATC) is a service provided by ground-based air traffic controllers who direct aircraft on the ground and through controlled airspace. The primary purpose of ATC is to prevent coll
aircraft-design,Aircraft design process,4,aerospace-engineering,29564581,https://en.wikipedia.org/?curid=29564581,wd:Q4698540,1,42,0,"The aircraft design process is a loosely defined method used to balance many competing and demanding requirements to produce an aircraft that is strong, lightweight, economical and can carry an adequa"
algaculture,Algaculture,4,aquaculture,4174517,https://en.wikipedia.org/?curid=4174517,wd:Q1464672,1,0,0,"Algaculture is a form of aquaculture involving the farming of species of algae.
The majority of algae that are intentionally cultivated fall into the category of microalgae (also referred to as phytop"
entities-in-algebra,Algebra,4,algebra,18716923,https://en.wikipedia.org/?curid=18716923,wd:Q3968,1,0,0,"Algebra is a branch of mathematics that deals with abstract systems, known as algebraic structures, and the manipulation of expressions within those systems. It is a generalization of arithmetic that "
topics-in-algebra,Algebra,4,algebra,18716923,https://en.wikipedia.org/?curid=18716923,wd:Q3968,0,1,0,
algebraic-geometry,Algebraic geometry,4,geometry,1997,https://en.wikipedia.org/?curid=1997,wd:Q180969,1,116,0,"Algebraic geometry is a branch of mathematics which uses abstract algebraic techniques, mainly from commutative algebra, to solve geometrical problems. Classically, it studies zeros of multivariate po"
algebraic-logic,Algebraic logic,4,mathematical-logic,7870034,https://en.wikipedia.org/?curid=7870034,wd:Q1005222,1,8,0,"In mathematical logic, algebraic logic is the reasoning obtained by manipulating equations with free variables.
What is now usually called classical algebraic logic focuses on the identification and a"
algebraic-number-theory,Algebraic number theory,4,number-theory,174705,https://en.wikipedia.org/?curid=174705,wd:Q613048,1,78,0,"Algebraic number theory is a branch of number theory that uses the techniques of abstract algebra to study the integers, rational numbers, and their generalizations. Number-theoretic questions are exp"
algebraic-statistics,Algebraic statistics,4,statistical-inference,17314682,https://en.wikipedia.org/?curid=17314682,wd:Q4724018,1,0,0,"Algebraic statistics is a branch of mathematical statistics that focuses on the use of algebraic, geometric, and combinatorial methods in statistics. While the use of these methods has a long history "
algebraic-topology,Algebraic topology,4,topology,38801,https://en.wikipedia.org/?curid=38801,wd:Q212803,1,120,0,Algebraic topology is a branch of mathematics that uses tools from abstract algebra to study topological spaces. The basic goal is to find algebraic invariants that classify topological spaces up to h
entities-in-algorithms-and-data-structures,Algorithm,4,algorithms-and-data-structures,775,https://en.wikipedia.org/?curid=775,wd:Q8366,1,4,0,"In mathematics and computer science, an algorithm ( ) is a finite sequence of mathematically rigorous instructions, typically used to solve a class of specific problems or to perform a computation. Al"
topics-in-algorithms-and-data-structures,Algorithm,4,algorithms-and-data-structures,775,https://en.wikipedia.org/?curid=775,wd:Q8366,1,23,0,"In mathematics and computer science, an algorithm ( ) is a finite sequence of mathematically rigorous instructions, typically used to solve a class of specific problems or to perform a computation. Al"
algorithmic-game-theory,Algorithmic game theory,4,statistical-inference,16334749,https://en.wikipedia.org/?curid=16334749,wd:Q623221,1,5,0,"Algorithmic game theory (AGT) is an interdisciplinary field at the intersection of game theory and computer science, focused on understanding and designing algorithms for environments where multiple s"
algorithmic-information-theory,Algorithmic information theory,4,information-theory,2829647,https://en.wikipedia.org/?curid=2829647,wd:Q1757543,1,10,0,Algorithmic information theory (AIT) is a branch of theoretical computer science that concerns itself with the relationship between computation and information of computably generated objects (as oppo
algorithmics,Algorithmics,4,algorithms-and-data-structures,99861,https://en.wikipedia.org/?curid=99861,wd:Q13636890,0,0,0,
alloys,Alloy,4,materials-science,1187,https://en.wikipedia.org/?curid=1187,wd:Q37756,1,69,0,"An alloy is a mixture of chemical elements of which in most cases at least one is a metallic element, although it is also sometimes used for mixtures of elements; herein only metallic alloys are descr"
alternative-fuel,Alternative fuel,4,fuel-power,626455,https://en.wikipedia.org/?curid=626455,wd:Q1077952,1,27,0,"Alternative fuels, also known as non-conventional and advanced fuels, are fuels derived from sources other than petroleum. Alternative fuels include gaseous fossil fuels like propane, natural gas, met"
analog-signal-processing,Analog signal processing,4,signal-processing,405746,https://en.wikipedia.org/?curid=405746,wd:Q2328303,1,2,0,Analog signal processing is a type of signal processing conducted on continuous analog signals by some analog means (as opposed to the discrete digital signal processing where the signal processing is
analogue-electronics,Analogue electronics,4,electronic-engineering,1665281,https://en.wikipedia.org/?curid=1665281,wd:Q174925,1,40,0,"Analogue electronics (American English: analog electronics) are electronic systems with a continuously variable signal, in contrast to digital electronics where signals usually take only two levels. T"
analysis-of-algorithms,Analysis of algorithms,4,algorithms-and-data-structures,2230,https://en.wikipedia.org/?curid=2230,wd:Q333464,1,39,0,"In computer science, the analysis of algorithms is the process of finding the computational complexity of algorithms—the amount of time, storage, or other resources needed to execute them. Usually, th"
analytic-number-theory,Analytic number theory,4,number-theory,251513,https://en.wikipedia.org/?curid=251513,wd:Q10843274,1,25,0,"In mathematics, analytic number theory is a branch of number theory that uses methods from mathematical analysis to solve problems about the integers. It is often said to have begun with Peter Gustav "
entities-in-analytical-chemistry,Analytical chemistry,4,analytical-chemistry,2408,https://en.wikipedia.org/?curid=2408,wd:Q2346,1,0,0,Analytical chemistry (or chemical analysis) is the branch of chemistry concerned with the development and application of methods to identify the chemical composition of materials and quantify the amou
topics-in-analytical-chemistry,Analytical chemistry,4,analytical-chemistry,2408,https://en.wikipedia.org/?curid=2408,wd:Q2346,1,14,0,Analytical chemistry (or chemical analysis) is the branch of chemistry concerned with the development and application of methods to identify the chemical composition of materials and quantify the amou
anarchism,Anarchism,4,political-ideologies,12,https://en.wikipedia.org/?curid=12,wd:Q6199,1,5,0,"Anarchism is a political philosophy and movement that seeks to abolish all institutions that perpetuate authority, coercion, or hierarchy, primarily targeting the state and capitalism. Anarchism advoc"
entities-in-anatomy,Anatomy,4,anatomy,674,https://en.wikipedia.org/?curid=674,wd:Q514,1,0,0,Anatomy (from Ancient Greek  ἀνατομή (anatomḗ) 'dissection') is the branch of morphology concerned with the study of the internal and external structure of organisms and their parts. Anatomy is a bran
topics-in-anatomy,Anatomy,4,anatomy,674,https://en.wikipedia.org/?curid=674,wd:Q514,1,137,0,Anatomy (from Ancient Greek  ἀνατομή (anatomḗ) 'dissection') is the branch of morphology concerned with the study of the internal and external structure of organisms and their parts. Anatomy is a bran
entities-in-ancient-history,Ancient history,4,ancient-history,51320,https://en.wikipedia.org/?curid=51320,wd:Q41493,1,0,0,"Ancient history is a time period from the beginning of writing and recorded human history through late antiquity. The span of recorded history is roughly 5,000 years, beginning with the development of"
topics-in-ancient-history,Ancient history,4,ancient-history,51320,https://en.wikipedia.org/?curid=51320,wd:Q41493,1,0,0,"Ancient history is a time period from the beginning of writing and recorded human history through late antiquity. The span of recorded history is roughly 5,000 years, beginning with the development of"
anesthesia,Anesthesia,4,anesthesiology,56561,https://en.wikipedia.org/?curid=56561,wd:Q131130,1,81,0,"Anesthesia (American English) or anaesthesia (British English) is a state of controlled, temporary loss of sensation or awareness that is induced for medical or veterinary purposes. It may include som"
entities-in-anesthesiology,Anesthesiology,4,anesthesiology,417068,https://en.wikipedia.org/?curid=417068,wd:Q615057,1,1,0,"Anesthesiology, anaesthesiology or anaesthesia is the medical specialty concerned with the total perioperative care of patients before, during and after surgery. It encompasses anesthesia, intensive c"
topics-in-anesthesiology,Anesthesiology,4,anesthesiology,417068,https://en.wikipedia.org/?curid=417068,wd:Q615057,0,1,0,
entities-in-angiology,Angiology,4,angiology,2374165,https://en.wikipedia.org/?curid=2374165,wd:Q539690,1,0,0,"Angiology (from Greek ἀγγεῖον, angeīon, ""vessel""; and -λογία, -logia) is the medical specialty dedicated to studying the circulatory system and of the lymphatic system, i.e., arteries, veins and lymph"
topics-in-angiology,Angiology,4,angiology,2374165,https://en.wikipedia.org/?curid=2374165,wd:Q539690,0,0,0,
angular-momentum-of-light,Angular momentum of light,4,optics,33149847,https://en.wikipedia.org/?curid=33149847,wd:Q4764025,1,5,0,"The angular momentum of light is a vector quantity that expresses the amount of dynamical rotation present in the electromagnetic field of the light. While traveling approximately in a straight line, "
entities-in-animal-husbandry,Animal husbandry,4,animal-husbandry,219640,https://en.wikipedia.org/?curid=219640,wd:Q80962,1,0,0,"Animal husbandry is the branch of agriculture concerned with animals that are raised for meat, fibre, milk, or other products. It includes day-to-day care, management, production, nutrition, selective"
topics-in-animal-husbandry,Animal husbandry,4,animal-husbandry,219640,https://en.wikipedia.org/?curid=219640,wd:Q80962,0,70,0,
radio-antennas,Antenna (radio),4,radio-frequency-engineering,187317,https://en.wikipedia.org/?curid=187317,wd:Q131214,1,33,0,"In radio-frequency engineering, an antenna (American English) or aerial (British English) is a structure used to convert alternating electric currents into radio waves for transmission, and to convert"
anthropological-linguistics,Anthropological linguistics,4,descriptive-linguistics,320063,https://en.wikipedia.org/?curid=320063,wd:Q29407,1,0,0,"Anthropological linguistics is the subfield of linguistics and anthropology which deals with the place of language in its wider social and cultural context, and its role in making and maintaining cult"
anti-politics,Anti-politics,4,political-ideologies,45670539,https://en.wikipedia.org/?curid=45670539,wd:Q3618758,1,0,0,"Anti-politics is a term used to describe opposition to, or distrust in, traditional politics. It is closely connected with anti-establishment sentiment and public disengagement from formal politics. A"
application-specific-integrated-circuit,Application-specific integrated circuit,4,hardware-engineering,147845,https://en.wikipedia.org/?curid=147845,wd:Q217302,1,58,0,"An application-specific integrated circuit (ASIC ) is an integrated circuit (IC) chip customized for a particular use, rather than intended for general-purpose use, such as a chip designed to run in a"
applied-behavior-analysis,Applied behavior analysis,4,applied-psychology,1781075,https://en.wikipedia.org/?curid=1781075,wd:Q621607,1,34,0,"Applied behavior analysis (ABA), also referred to as behavioral engineering, is a psychological discipline that uses respondent and operant conditioning to change human and animal behavior. ABA is the"
entities-in-applied-economics,Applied economics,4,applied-economics,5944849,https://en.wikipedia.org/?curid=5944849,wd:Q3296256,1,0,0,"Applied economics is the application of economic theory and econometrics in specific settings. As one of the two sets of fields of economics (the other set being the core), it is typically characteriz"
topics-in-applied-economics,Applied economics,4,applied-economics,5944849,https://en.wikipedia.org/?curid=5944849,wd:Q3296256,0,0,0,
applied-ethics,Applied ethics,4,ethics,988,https://en.wikipedia.org/?curid=988,wd:Q538733,1,0,0,"Applied ethics is the practical aspect of moral considerations. It is ethics with respect to real-world actions and their moral considerations in private and public life, the professions, health, tech"
entities-in-applied-linguistics,Applied linguistics,4,applied-linguistics,406551,https://en.wikipedia.org/?curid=406551,wd:Q321249,0,0,0,
topics-in-applied-linguistics,Applied linguistics,4,applied-linguistics,406551,https://en.wikipedia.org/?curid=406551,wd:Q321249,0,1,0,
entities-in-applied-psychology,Applied psychology,4,applied-psychology,326313,https://en.wikipedia.org/?curid=326313,wd:Q538904,0,0,0,
topics-in-applied-psychology,Applied psychology,4,applied-psychology,326313,https://en.wikipedia.org/?curid=326313,wd:Q538904,0,7,0,
approximation-theory,Approximation theory,4,analysis,1092713,https://en.wikipedia.org/?curid=1092713,wd:Q774123,1,0,0,"In mathematics, approximation theory is concerned with how functions can best be approximated with simpler functions, and with quantitatively characterizing the errors introduced thereby. What is mean"
entities-in-aquaculture,Aquaculture,4,aquaculture,1634,https://en.wikipedia.org/?curid=1634,wd:Q188989,1,3,0,"Aquaculture (less commonly spelled aquiculture), also known as aquafarming, is the controlled cultivation (""farming"") of aquatic organisms such as fish, crustaceans, mollusks, algae and other organism"
topics-in-aquaculture,Aquaculture,4,aquaculture,1634,https://en.wikipedia.org/?curid=1634,wd:Q188989,1,42,0,"Aquaculture (less commonly spelled aquiculture), also known as aquafarming, is the controlled cultivation (""farming"") of aquatic organisms such as fish, crustaceans, mollusks, algae and other organism"
arboriculture,Arboriculture,4,forestry,289895,https://en.wikipedia.org/?curid=289895,wd:Q127213,1,42,0,"Arboriculture (, from Latin: arboris + culture) is the cultivation, management, and study of individual trees, shrubs, vines, and other perennial woody plants. The science of arboriculture studies how"
entities-in-archaeology,Archaeology,4,archaeology,18951655,https://en.wikipedia.org/?curid=18951655,wd:Q23498,1,3,0,"Archaeology or archeology is the study of human activity through the recovery and analysis of material culture. The archaeological record consists of artifacts, architecture, biofacts or ecofacts, sit"
topics-in-archaeology,Archaeology,4,archaeology,18951655,https://en.wikipedia.org/?curid=18951655,wd:Q23498,1,50,0,"Archaeology or archeology is the study of human activity through the recovery and analysis of material culture. The archaeological record consists of artifacts, architecture, biofacts or ecofacts, sit"
architectural-acoustics,Architectural acoustics,4,acoustical-engineering,1028926,https://en.wikipedia.org/?curid=1028926,wd:Q2305951,1,45,0,Architectural acoustics (also known as building acoustics) is the science and engineering of achieving a good sound within a building and is a branch of acoustical engineering.  The first application 
architectural-design-values,Architectural design values,4,architectural-theory,17102646,https://en.wikipedia.org/?curid=17102646,wd:Q4787046,1,0,0,"Architectural design values make up an important part of what influences architects and designers when they make their design decisions. However, architects and designers are not always influenced by "
entities-in-architectural-engineering,Architectural engineering,4,architectural-engineering,19278728,https://en.wikipedia.org/?curid=19278728,wd:Q150737,1,0,0,"Architectural engineering or architecture engineering, also known as building engineering, is a discipline that deals with the engineering and construction of buildings, such as environmental, structu"
topics-in-architectural-engineering,Architectural engineering,4,architectural-engineering,19278728,https://en.wikipedia.org/?curid=19278728,wd:Q150737,1,30,0,"Architectural engineering or architecture engineering, also known as building engineering, is a discipline that deals with the engineering and construction of buildings, such as environmental, structu"
entities-in-architectural-styles,Architectural style,4,architectural-styles,44331442,https://en.wikipedia.org/?curid=44331442,wd:Q32880,1,0,0,"An architectural style is a classification of buildings (and nonbuilding structures) based on a set of characteristics and features, including overall appearance, arrangement of the components, method"
topics-in-architectural-styles,Architectural style,4,architectural-styles,44331442,https://en.wikipedia.org/?curid=44331442,wd:Q32880,1,38,0,"An architectural style is a classification of buildings (and nonbuilding structures) based on a set of characteristics and features, including overall appearance, arrangement of the components, method"
entities-in-architectural-theory,Architectural theory,4,architectural-theory,3704899,https://en.wikipedia.org/?curid=3704899,wd:Q47537,1,1,0,"Architectural theory is the act of thinking, discussing, and writing about architecture. Architectural theory is taught in all architecture schools and is practiced by the world's leading architects. "
topics-in-architectural-theory,Architectural theory,4,architectural-theory,3704899,https://en.wikipedia.org/?curid=3704899,wd:Q47537,1,0,0,"Architectural theory is the act of thinking, discussing, and writing about architecture. Architectural theory is taught in all architecture schools and is practiced by the world's leading architects. "
architecture-criticism,Architecture criticism,4,architectural-theory,18364057,https://en.wikipedia.org/?curid=18364057,wd:Q635319,1,0,0,"Architecture criticism is the critique of architecture. Everyday criticism relates to published or broadcast critiques of buildings, whether completed or not, both in terms of news and other criteria."
entities-in-arithmetic,Arithmetic,4,arithmetic,3118,https://en.wikipedia.org/?curid=3118,wd:Q11205,1,0,0,"Arithmetic is an elementary branch of mathematics that deals with numerical operations like addition, subtraction, multiplication, and division. In a wider sense, it also includes exponentiation, extr"
topics-in-arithmetic,Arithmetic,4,arithmetic,3118,https://en.wikipedia.org/?curid=3118,wd:Q11205,1,66,0,"Arithmetic is an elementary branch of mathematics that deals with numerical operations like addition, subtraction, multiplication, and division. In a wider sense, it also includes exponentiation, extr"
art-history,Art history,4,fields-of-history,21207536,https://en.wikipedia.org/?curid=21207536,wd:Q50637,1,3,0,"Art history is an academic discipline devoted to the study of artistic production and visual culture throughout human history. Art historians use a historical method or a philosophy, such as historica"
arthropodology,Arthropodology,4,zoology,19922061,https://en.wikipedia.org/?curid=19922061,wd:Q3520855,1,119,0,"Arthropodology (from Greek ἄρθρον - arthron, ""joint"", and πούς, gen.: ποδός - pous, podos, ""foot"", which together mean ""jointed feet"") is a biological discipline concerned with the study of arthropods"
artificial-general-intelligence,Artificial general intelligence,4,artificial-intelligence,586357,https://en.wikipedia.org/?curid=586357,wd:Q2264109,1,16,0,"Artificial general intelligence (AGI) is a hypothetical type of artificial intelligence that matches or surpasses human capabilities across virtually all cognitive tasks.
Beyond AGI, artificial superi"
entities-in-artificial-intelligence,Artificial intelligence,4,artificial-intelligence,1164,https://en.wikipedia.org/?curid=1164,wd:Q11660,1,13,0,"Artificial intelligence (AI) is the capability of computational systems to perform tasks typically associated with human intelligence, such as learning, reasoning, problem-solving, perception, and dec"
topics-in-artificial-intelligence,Artificial intelligence,4,artificial-intelligence,1164,https://en.wikipedia.org/?curid=1164,wd:Q11660,1,9,0,"Artificial intelligence (AI) is the capability of computational systems to perform tasks typically associated with human intelligence, such as learning, reasoning, problem-solving, perception, and dec"
artificial-neural-networks,Artificial neural network,4,machine-learning,21523,https://en.wikipedia.org/?curid=21523,wd:Q192776,1,102,0,"In machine learning, a neural network (NN) or neural net, also known as an artificial neural network (ANN), is a computational model inspired by the structure and functions of biological neural networ"
asset-management,Asset management,4,business-administration,6570919,https://en.wikipedia.org/?curid=6570919,wd:Q873442,1,1,0,Asset management is a systematic approach to the governance and realization of all value for which a group or entity is responsible. It may apply both to tangible assets (physical objects such as comp
entities-in-astrobiology,Astrobiology,4,astrobiology,2787,https://en.wikipedia.org/?curid=2787,wd:Q411,1,2,0,"Astrobiology (also xenology or exobiology) is a scientific field within the life and environmental sciences that studies the origins, early evolution, distribution, and future of life in the universe "
topics-in-astrobiology,Astrobiology,4,astrobiology,2787,https://en.wikipedia.org/?curid=2787,wd:Q411,1,0,0,"Astrobiology (also xenology or exobiology) is a scientific field within the life and environmental sciences that studies the origins, early evolution, distribution, and future of life in the universe "
entities-in-astrochemistry,Astrochemistry,4,astrochemistry,71268,https://en.wikipedia.org/?curid=71268,wd:Q11680018,1,0,0,Astrochemistry is the interdisciplinary scientific study of the abundance and reactions of molecules in space and their interaction with radiation. The discipline overlaps with astronomy and chemistry
topics-in-astrochemistry,Astrochemistry,4,astrochemistry,71268,https://en.wikipedia.org/?curid=71268,wd:Q11680018,1,0,0,Astrochemistry is the interdisciplinary scientific study of the abundance and reactions of molecules in space and their interaction with radiation. The discipline overlaps with astronomy and chemistry
astrometry,Astrometry,4,astrophotography,1181,https://en.wikipedia.org/?curid=1181,wd:Q181505,1,0,0,Astrometry is a branch of astronomy that involves precise measurements of the positions and movements of stars and other celestial bodies. It provides the kinematics and physical origin of the Solar S
entities-in-astrophotography,Astrophotography,4,astrophotography,143115,https://en.wikipedia.org/?curid=143115,wd:Q280855,1,0,0,"Astrophotography, also known as astronomical imaging, is the photography or imaging of astronomical objects, celestial events, or areas of the night sky. The first photograph of an astronomical object"
topics-in-astrophotography,Astrophotography,4,astrophotography,143115,https://en.wikipedia.org/?curid=143115,wd:Q280855,1,19,0,"Astrophotography, also known as astronomical imaging, is the photography or imaging of astronomical objects, celestial events, or areas of the night sky. The first photograph of an astronomical object"
astrophysical-plasma,Astrophysical plasma,4,plasma-physics,2254029,https://en.wikipedia.org/?curid=2254029,wd:Q987046,1,0,0,Astrophysical plasma is plasma outside of the Solar System. It is studied as part of astrophysics and is commonly observed in space. The accepted view of scientists is that much of the baryonic matter
entities-in-astrophysics,Astrophysics,4,astrophysics,361897,https://en.wikipedia.org/?curid=361897,wd:Q37547,0,20,0,
topics-in-astrophysics,Astrophysics,4,astrophysics,361897,https://en.wikipedia.org/?curid=361897,wd:Q37547,0,4,0,
atmosphere,Atmosphere,4,planetary-science,202899,https://en.wikipedia.org/?curid=202899,wd:Q8104,1,151,0,"An atmosphere is a layer of gases that envelop an astronomical object, held in place by the gravity of the object. The name originates from Ancient Greek  ἀτμός (atmós) 'vapour, steam' and  σφαῖρα (sp"
atmospheric-chemistry,Atmospheric chemistry,4,atmospheric-science,706999,https://en.wikipedia.org/?curid=706999,wd:Q287919,1,7,0,Atmospheric chemistry is a branch of atmospheric science that studies the chemistry of the Earth's atmosphere and that of other planets. This multidisciplinary approach of research draws on environmen
atmospheric-methane,Atmospheric methane,4,atmospheric-science,23092516,https://en.wikipedia.org/?curid=23092516,wd:Q4817113,1,0,0,"Since the beginning of the Industrial Revolution (around 1750), the methane concentration in the atmosphere has increased by about 160%, and human activities almost entirely caused this increase. Sinc"
atmospheric-optics,Atmospheric optics,4,optics,28779877,https://en.wikipedia.org/?curid=28779877,wd:Q1367365,1,15,0,"Atmospheric optics is ""the study of the optical characteristics of the atmosphere or products of atmospheric processes .... [including] temporal and spatial resolutions beyond those discernible with t"
atmospheric-physics,Atmospheric physics,4,atmospheric-science,801420,https://en.wikipedia.org/?curid=801420,wd:Q5334416,1,0,0,"Within the atmospheric sciences, atmospheric physics is the application of physics to the study of the atmosphere. Atmospheric physicists attempt to model Earth's atmosphere and the atmospheres of the"
entities-in-atmospheric-science,Atmospheric science,4,atmospheric-science,164633,https://en.wikipedia.org/?curid=164633,wd:Q757520,0,0,0,
topics-in-atmospheric-science,Atmospheric science,4,atmospheric-science,164633,https://en.wikipedia.org/?curid=164633,wd:Q757520,0,0,0,
entities-in-atomic-physics,Atomic physics,4,atomic-physics,1200,https://en.wikipedia.org/?curid=1200,wd:Q26383,1,0,0,Atomic physics is the field of physics that studies atoms as an isolated system of electrons and an atomic nucleus. Atomic physics typically refers to the study of atomic structure and the interaction
topics-in-atomic-physics,Atomic physics,4,atomic-physics,1200,https://en.wikipedia.org/?curid=1200,wd:Q26383,1,54,0,Atomic physics is the field of physics that studies atoms as an isolated system of electrons and an atomic nucleus. Atomic physics typically refers to the study of atomic structure and the interaction
attention-economics,Attention economy,4,mesoeconomics,3260249,https://en.wikipedia.org/?curid=3260249,wd:Q295287,1,0,0,"The attention economy refers to the incentives of advertising-driven companies, in particular, to maximize the time and attention their users give to their product.
Attention economics is an approach "
audio-engineering,Audio engineer,4,acoustical-engineering,21189305,https://en.wikipedia.org/?curid=21189305,wd:Q128124,1,53,0,"An audio engineer (also known as a sound engineer or recording engineer) helps to produce a recording or a live performance, balancing and adjusting sound sources using equalization, dynamics processi"
audio-signal-processing,Audio signal processing,4,signal-processing,2322,https://en.wikipedia.org/?curid=2322,wd:Q2719318,1,16,0,Audio signal processing is a subfield of signal processing that is concerned with the electronic manipulation of audio signals. Audio signals are electronic representations of sound waves—longitudinal
audit,Audit,4,accounting,224700,https://en.wikipedia.org/?curid=224700,wd:Q181487,1,20,0,"An audit is an ""independent examination of financial information of any entity, whether profit oriented or not, irrespective of its size or legal form when such an examination is conducted with a view"
austrian-school,Austrian school of economics,4,macroeconomics,1030,https://en.wikipedia.org/?curid=1030,wd:Q203411,1,1,0,"The Austrian school of economics is a school of economic thought that advocates strict adherence to methodological individualism, the concept that social phenomena result primarily from the motivation"
authentication,Authentication,4,computer-security,47967,https://en.wikipedia.org/?curid=47967,wd:Q212108,1,20,0,"Authentication (from Greek: αὐθεντικός authentikos, ""real, genuine"", from αὐθέντης authentes, ""author"") is the act of proving an assertion, such as the identity of a computer system user. In contrast "
authoritarianism,Authoritarianism,4,political-ideologies,21347657,https://en.wikipedia.org/?curid=21347657,wd:Q6229,1,7,0,"Authoritarianism is a political system characterized by the rejection of political plurality, the use of strong central power to preserve the political status quo, and reductions in democracy, separat"
authority,Authority,4,political-philosophy,170653,https://en.wikipedia.org/?curid=170653,wd:Q174834,1,0,0,"Authority is commonly understood as the legitimate power of a person or group over other people.
In a civil state, authority may be practiced by legislative, executive, and judicial branches of govern"
automata-theory,Automata theory,4,theory-of-computation,103356,https://en.wikipedia.org/?curid=103356,wd:Q214526,1,29,0,"Automata theory is the study of abstract machines and automata, as well as the computational problems that can be solved using them. It is a theory in theoretical computer science with close connectio"
automated-planning-and-scheduling,Automated planning and scheduling,4,artificial-intelligence,1505641,https://en.wikipedia.org/?curid=1505641,wd:Q2631895,1,21,0,"Automated planning and scheduling, sometimes denoted as simply AI planning, is a branch of artificial intelligence that concerns the realization of strategies or action sequences, typically for execut"
automated-theorem-proving,Automated theorem proving,4,programming-language-theory,2546,https://en.wikipedia.org/?curid=2546,wd:Q431667,1,2,0,Automated theorem proving (also known as ATP or automated deduction) is a subfield of automated reasoning and mathematical logic dealing with proving mathematical theorems by computer programs. Automa
entities-in-automotive-engineering,Automotive engineering,4,automotive-engineering,351882,https://en.wikipedia.org/?curid=351882,wd:Q124192,0,0,0,
topics-in-automotive-engineering,Automotive engineering,4,automotive-engineering,351882,https://en.wikipedia.org/?curid=351882,wd:Q124192,0,19,0,
autonomous-robots,Autonomous robot,4,robotics,48049,https://en.wikipedia.org/?curid=48049,wd:Q2916098,1,0,0,"An autonomous robot is a robot that acts without recourse to human control. Historic examples include space probes. Modern examples include self-driving vacuums and cars.
Industrial robot arms that wo"
aviation,Aviation,4,aerospace-engineering,58422,https://en.wikipedia.org/?curid=58422,wd:Q765633,1,3,0,"Aviation includes the activities surrounding mechanical flight and the aircraft industry. Aircraft include fixed-wing and rotary-wing types, morphable wings, wing-less lifting bodies, as well as light"
aviation-safety,Aviation safety,4,aerospace-engineering,682931,https://en.wikipedia.org/?curid=682931,wd:Q640853,1,4,0,"Aviation safety is the study and practice of managing risks in aviation. This includes preventing aviation accidents and incidents through research, training aviation personnel, protecting passengers "
bacteriology,Bacteriology,4,microbiology,58475,https://en.wikipedia.org/?curid=58475,wd:Q243748,1,0,0,"Bacteriology is the branch and specialty of biology that studies the morphology, ecology, genetics and biochemistry of bacteria as well as many other aspects related to them. This subdivision of micro"
ballistics,Ballistics,4,military-technology,212094,https://en.wikipedia.org/?curid=212094,wd:Q184631,1,36,0,"Ballistics is the field of mechanics concerned with the launching, flight behaviour and impact effects of projectiles, especially weapon munitions such as bullets, unguided bombs, rockets and the like"
entities-in-basic-psychology,Basic science (psychology),4,basic-psychology,22403616,https://en.wikipedia.org/?curid=22403616,wd:Q4867047,0,0,0,
topics-in-basic-psychology,Basic science (psychology),4,basic-psychology,22403616,https://en.wikipedia.org/?curid=22403616,wd:Q4867047,0,0,0,
bayesian-inference,Bayesian inference,4,statistical-inference,49571,https://en.wikipedia.org/?curid=49571,wd:Q812535,1,26,0,"Bayesian inference ( BAY-zee-ən or  BAY-zhən) is a method of statistical inference in which Bayes' theorem is used to calculate a probability of a hypothesis, given prior evidence, and update it as mo"
bayesian-probability,Bayesian probability,4,probability-theory,4890,https://en.wikipedia.org/?curid=4890,wd:Q812534,1,1,0,"Bayesian probability ( BAY-zee-ən or  BAY-zhən) is an interpretation of the concept of probability, in which, instead of frequency or propensity of some phenomenon, probability is interpreted as reaso"
bayesian-statistics,Bayesian statistics,4,statistical-inference,404412,https://en.wikipedia.org/?curid=404412,wd:Q4874481,1,33,0,"Bayesian statistics ( BAY-zee-ən or  BAY-zhən) is a theory in the field of statistics based on the Bayesian interpretation of probability, where probability expresses a degree of belief in an event. T"
beauty,Beauty,4,aesthetics,4431,https://en.wikipedia.org/?curid=4431,wd:Q7242,1,4,0,"Beauty is commonly described as a feature of objects that makes them pleasurable to perceive. Such objects include landscapes, sunsets, humans and works of art. Beauty, art and taste are the main subj"
beekeeping,Beekeeping,4,animal-husbandry,322091,https://en.wikipedia.org/?curid=322091,wd:Q176353,1,8,0,"Beekeeping (or apiculture, from Latin: apis + culture) is the maintenance of bee colonies, commonly in artificial beehives. Honey bees in the genus Apis are the most commonly kept species but other ho"
behavioural-economics,Behavioral economics,4,applied-economics,177698,https://en.wikipedia.org/?curid=177698,wd:Q647525,1,9,0,"Behavioral economics is the study of the psychological (e.g. cognitive, behavioral, affective, social) factors involved in the decisions of individuals or institutions, and how these decisions deviate"
behavioral-neuroscience,Behavioral neuroscience,4,neuroscience,605477,https://en.wikipedia.org/?curid=605477,wd:Q846566,1,0,0,"Behavioral neuroscience, also known as biological psychology, biopsychology, or psychobiology, is part of the broad, interdisciplinary field of neuroscience, with its primary focus being on the biolog"
behavioral-psychology,Behaviorism,4,basic-psychology,540801,https://en.wikipedia.org/?curid=540801,wd:Q168338,1,0,0,Behaviorism is a systematic approach to understanding the behavior of humans and other animals. It assumes that behavior is either a reflex elicited by the pairing of certain antecedent stimuli in the
behaviorism,Behaviorism,4,theoretical-psychology,540801,https://en.wikipedia.org/?curid=540801,wd:Q168338,0,5,0,
behavioral-genetics,Behavioural genetics,4,genetics,24235330,https://en.wikipedia.org/?curid=24235330,wd:Q1204375,1,3,0,"Behavioural genetics, also referred to as behaviour genetics, is a field of scientific research that uses genetic methods to investigate the nature and origins of individual differences in behaviour. "
belief,Belief,4,epistemology,102883,https://en.wikipedia.org/?curid=102883,wd:Q34394,1,16,0,"A belief is a subjective attitude that something is true or a state of affairs is the case. A subjective attitude is a mental state of having some stance, take, or opinion about something. In epistemo"
belle-experiment,Belle experiment,4,particle-physics,2832569,https://en.wikipedia.org/?curid=2832569,wd:Q815821,1,0,0,"The Belle experiment was a particle physics experiment conducted by the Belle Collaboration, an international collaboration of more than 400 physicists and engineers, at the High Energy Accelerator Re"
biochemical-engineering,Biochemical engineering,4,biotechnology,616670,https://en.wikipedia.org/?curid=616670,wd:Q2487696,1,11,0,"Biochemical engineering, also known as bioprocess engineering, is a field of study with roots stemming from chemical engineering and biological engineering. It mainly deals with the design, constructi"
entities-in-biochemistry,Biochemistry,4,biochemistry,3954,https://en.wikipedia.org/?curid=3954,wd:Q7094,1,15,0,"Biochemistry, or biological chemistry (distinct from chemical biology), is the study of chemical processes within and relating to living organisms.  A sub-discipline of both chemistry and biology, bio"
topics-in-biochemistry,Biochemistry,4,biochemistry,3954,https://en.wikipedia.org/?curid=3954,wd:Q7094,1,17,0,"Biochemistry, or biological chemistry (distinct from chemical biology), is the study of chemical processes within and relating to living organisms.  A sub-discipline of both chemistry and biology, bio"
biodiversity,Biodiversity,4,conservation-biology,45086,https://en.wikipedia.org/?curid=45086,wd:Q47041,1,16,0,"Biodiversity is the variability of life on Earth. It can be measured on various levels, for example, genetic variability, species diversity, ecosystem diversity and phylogenetic diversity. Diversity i"
biogeography,Biogeography,4,physical-geography,99358,https://en.wikipedia.org/?curid=99358,wd:Q52106,1,5,0,Biogeography is the study of the distribution of species and ecosystems in geographic space and through geological time. Organisms and biological communities often vary in a regular fashion along geog
bioinformatics,Bioinformatics,4,biotechnology,4214,https://en.wikipedia.org/?curid=4214,wd:Q128570,1,53,0,"Bioinformatics ( ) is an interdisciplinary field of science that develops computational methods and software tools for understanding biological data, especially when the data sets are large and comple"
bioinorganic-chemistry,Bioinorganic chemistry,4,inorganic-chemistry,1131060,https://en.wikipedia.org/?curid=1131060,wd:Q803925,1,12,0,Bioinorganic chemistry is a field that examines the role of metals in biology. Bioinorganic chemistry includes the study of both natural phenomena such as the behavior of metalloproteins as well as ar
entities-in-biological-anthropology,Biological anthropology,4,biological-anthropology,24232,https://en.wikipedia.org/?curid=24232,wd:Q27172,1,0,0,"Biological anthropology, also known as physical anthropology, is a natural science discipline concerned with the biological and behavioral aspects of human beings, their extinct hominin ancestors, and"
topics-in-biological-anthropology,Biological anthropology,4,biological-anthropology,24232,https://en.wikipedia.org/?curid=24232,wd:Q27172,1,49,0,"Biological anthropology, also known as physical anthropology, is a natural science discipline concerned with the biological and behavioral aspects of human beings, their extinct hominin ancestors, and"
entities-in-biological-hazard,Biological hazard,4,biological-hazard,77060,https://en.wikipedia.org/?curid=77060,wd:Q864360,1,0,0,"A biological hazard, or biohazard, is a biological substance that poses a threat (or is a hazard) to the health of living organisms, primarily humans. This could include a sample of a microorganism, v"
topics-in-biological-hazard,Biological hazard,4,biological-hazard,77060,https://en.wikipedia.org/?curid=77060,wd:Q864360,1,41,0,"A biological hazard, or biohazard, is a biological substance that poses a threat (or is a hazard) to the health of living organisms, primarily humans. This could include a sample of a microorganism, v"
membrane-biology,Biological membrane,4,cell-biology,4817,https://en.wikipedia.org/?curid=4817,wd:Q1587185,1,92,0,A biological membrane or biomembrane is a selectively permeable membrane that separates the interior of a cell from the external environment or creates intracellular compartments by serving as a bound
biological-oceanography,Biological oceanography,4,oceanography,6456388,https://en.wikipedia.org/?curid=6456388,wd:Q18378619,1,0,0,"Biological oceanography  is the study of how organisms affect and are affected by the physics, chemistry, and geology of the oceanographic system. Biological oceanography may also be referred to as oc"
entities-in-biological-systems-engineering,Biological systems engineering,4,biological-systems-engineering,9579270,https://en.wikipedia.org/?curid=9579270,wd:Q864858,1,0,0,Biological systems engineering or biosystems engineering is a broad-based engineering discipline with particular emphasis on non-medical biology. It can be thought of as a subset of the broader notion
topics-in-biological-systems-engineering,Biological systems engineering,4,biological-systems-engineering,9579270,https://en.wikipedia.org/?curid=9579270,wd:Q864858,1,0,0,Biological systems engineering or biosystems engineering is a broad-based engineering discipline with particular emphasis on non-medical biology. It can be thought of as a subset of the broader notion
biomaterials-science,Biomaterial,4,materials-science,6259941,https://en.wikipedia.org/?curid=6259941,wd:Q865663,1,58,0,"A biomaterial is a substance that has been engineered to interact with biological systems for a medical purpose – either a therapeutic (treat, augment, repair, or replace a tissue function of the body"
entities-in-biomechanical-engineering,Biomechanical engineering,4,biomechanical-engineering,14063216,https://en.wikipedia.org/?curid=14063216,wd:Q4915094,1,0,0,"Biomechanical engineering, also considered a subfield of mechanical engineering and biomedical engineering, combines principles of physics (with a focus on mechanics), biology, and engineering. Topics"
topics-in-biomechanical-engineering,Biomechanical engineering,4,biomechanical-engineering,14063216,https://en.wikipedia.org/?curid=14063216,wd:Q4915094,1,0,0,"Biomechanical engineering, also considered a subfield of mechanical engineering and biomedical engineering, combines principles of physics (with a focus on mechanics), biology, and engineering. Topics"
biomechanics,Biomechanics,4,biophysics,105355,https://en.wikipedia.org/?curid=105355,wd:Q193378,1,53,0,"Biomechanics is the study of the structure, function and motion of the mechanical aspects of biological systems using the methods of mechanics. It operates at any level, from whole organisms to organs"
entities-in-biomedical-engineering,Biomedical engineering,4,biomedical-engineering,4827,https://en.wikipedia.org/?curid=4827,wd:Q327092,1,0,0,"Biomedical engineering (BME) or medical engineering is the application of engineering principles and design concepts to medicine and biology for healthcare applications (e.g., diagnostic or therapeuti"
topics-in-biomedical-engineering,Biomedical engineering,4,biomedical-engineering,4827,https://en.wikipedia.org/?curid=4827,wd:Q327092,1,11,0,"Biomedical engineering (BME) or medical engineering is the application of engineering principles and design concepts to medicine and biology for healthcare applications (e.g., diagnostic or therapeuti"
biomimetics,Biomimetics,4,biotechnology,45784,https://en.wikipedia.org/?curid=45784,wd:Q1145644,1,0,0,"Biomimetics or biomimicry is the replication of the models, systems, and elements of nature for the purpose of solving complex human problems. The terms ""biomimetics"" and ""biomimicry"" are derived from"
biomolecular-engineering,Biomolecular engineering,4,molecular-engineering,11344743,https://en.wikipedia.org/?curid=11344743,wd:Q4915151,1,0,0,Biomolecular engineering is the application of engineering principles and practices to the purposeful manipulation of molecules of biological origin. Biomolecular engineers integrate knowledge of biol
bionics,Bionics,4,biomedical-engineering,946929,https://en.wikipedia.org/?curid=946929,wd:Q189131,1,0,0,"Bionics or biologically inspired engineering is the application of biological methods and systems found in nature to the study and design of engineering systems and modern technology.
The word bionic,"
bioorganic-chemistry,Bioorganic chemistry,4,organic-chemistry,6761001,https://en.wikipedia.org/?curid=6761001,wd:Q864640,1,0,0,Bioorganic chemistry is a scientific discipline that combines organic chemistry and biochemistry. It is the branch of life science that deals with the study of biological processes using chemical meth
biophysical-chemistry,Biophysical chemistry,4,organic-chemistry,24568072,https://en.wikipedia.org/?curid=24568072,wd:Q864661,1,0,0,Biophysical chemistry is a physical science that uses the concepts of physics and physical chemistry for the study of biological systems. The most common feature of the research in this subject is to 
entities-in-biophysics,Biophysics,4,biophysics,54000,https://en.wikipedia.org/?curid=54000,wd:Q7100,1,0,0,Biophysics is an interdisciplinary science that applies approaches and methods traditionally used in physics to study biological phenomena.
topics-in-biophysics,Biophysics,4,biophysics,54000,https://en.wikipedia.org/?curid=54000,wd:Q7100,1,2,0,Biophysics is an interdisciplinary science that applies approaches and methods traditionally used in physics to study biological phenomena.
entities-in-bioprocess-engineering,Bioprocess engineering,4,bioprocess-engineering,9580771,https://en.wikipedia.org/?curid=9580771,wd:Q864734,0,0,0,
topics-in-bioprocess-engineering,Bioprocess engineering,4,bioprocess-engineering,9580771,https://en.wikipedia.org/?curid=9580771,wd:Q864734,0,0,0,
biorobotics,Biorobotics,4,biotechnology,1006293,https://en.wikipedia.org/?curid=1006293,wd:Q3657270,1,0,0,"Biorobotics is an interdisciplinary science that combines the fields of biomedical engineering, cybernetics, and robotics to develop new technologies that integrate biology with mechanical systems to "
biosphere,Biosphere,4,ecology,4816,https://en.wikipedia.org/?curid=4816,wd:Q42762,1,0,0,"The biosphere (from Ancient Greek  βίος (bíos) 'life' and  σφαῖρα (sphaîra) 'sphere'), also called the ecosphere (from Ancient Greek  οἶκος (oîkos) 'settlement, house' and  σφαῖρα (sphaîra) 'sphere'),"
entities-in-biotechnology,Biotechnology,4,biotechnology,4502,https://en.wikipedia.org/?curid=4502,wd:Q7108,1,2,0,Biotechnology is a multidisciplinary field that involves the integration of natural sciences and engineering sciences to achieve the application of organisms and parts thereof for products and service
topics-in-biotechnology,Biotechnology,4,biotechnology,4502,https://en.wikipedia.org/?curid=4502,wd:Q7108,1,9,0,Biotechnology is a multidisciplinary field that involves the integration of natural sciences and engineering sciences to achieve the application of organisms and parts thereof for products and service
blended-learning,Blended learning,4,educational-technology,584757,https://en.wikipedia.org/?curid=584757,wd:Q869010,1,0,0,"Blended learning or hybrid learning, also known as technology-mediated instruction, web-enhanced instruction, or mixed-mode instruction, is an approach to education that combines online educational ma"
blockchain,Blockchain,4,computer-security,44065971,https://en.wikipedia.org/?curid=44065971,wd:Q20514253,1,39,0,"A blockchain is a distributed ledger with growing lists of records (blocks) that are securely linked together via cryptographic hashes. Each block contains a cryptographic hash of the previous block, "
blood,Blood,4,cell-biology,3997,https://en.wikipedia.org/?curid=3997,wd:Q7873,1,56,0,"Blood is a body fluid in the circulatory system of humans and other vertebrates that delivers necessary substances such as nutrients and oxygen to the cells of the body, and transports metabolic waste"
boolean-logic,Boolean algebra,4,mathematical-logic,54476844,https://en.wikipedia.org/?curid=54476844,wd:Q173183,1,26,0,"In mathematics and mathematical logic, Boolean algebra is a branch of algebra. It differs from elementary algebra in two ways. First, the values of the variables are the truth values true and false, u"
bronze-age,Bronze Age,4,prehistoric-period,4620,https://en.wikipedia.org/?curid=4620,wd:Q11761,1,3,0,"The Bronze Age is an archaeological and anthropological term defining a phase in the development of material culture among ancient societies in Asia, the Near East and Europe. An ancient civilisation "
brutalist-architecture,Brutalist architecture,4,architectural-styles,424948,https://en.wikipedia.org/?curid=424948,wd:Q994776,1,0,0,"Brutalist architecture is an architectural style that emerged during the 1950s in the United Kingdom, among the reconstruction projects of the post-war era. Brutalist buildings are known for minimalis"
building-materials,Building material,4,construction-engineering,464779,https://en.wikipedia.org/?curid=464779,wd:Q206615,1,23,0,"Building material is material used for construction. Many naturally occurring substances, such as clay, rocks, sand, wood, and even twigs and leaves, have been used to construct buildings and other st"
entities-in-business-administration,Business administration,4,business-administration,58886,https://en.wikipedia.org/?curid=58886,wd:Q2043282,1,0,0,"Business administration, also known as business management  is the administration of a commercial enterprise. It includes all aspects of overseeing and supervising the business operations of an organi"
topics-in-business-administration,Business administration,4,business-administration,58886,https://en.wikipedia.org/?curid=58886,wd:Q2043282,0,2,0,
entities-in-business-communication,Business communication,4,business-communication,2392115,https://en.wikipedia.org/?curid=2392115,wd:Q4115749,1,0,0,"Business communication is communication that is intended to help a business achieve a fundamental goal, through information sharing between employees as well as people outside the company. It includes"
topics-in-business-communication,Business communication,4,business-communication,2392115,https://en.wikipedia.org/?curid=2392115,wd:Q4115749,0,0,0,
business-process-management,Business process management,4,business-administration,22860272,https://en.wikipedia.org/?curid=22860272,wd:Q7007379,1,54,0,"Business process management (BPM) is the discipline in which people use various methods to discover, model, analyze, measure, improve, optimize, and automate business processes. Any combination of met"
calculus,Calculus,4,analysis,5176,https://en.wikipedia.org/?curid=5176,wd:Q149972,1,91,0,"Calculus is the mathematical study of continuous change, and the principal precursor of modern mathematical analysis. Originally called infinitesimal calculus or the calculus of infinitesimals, it has"
calorimetry,Calorimetry,4,analytical-chemistry,7522,https://en.wikipedia.org/?curid=7522,wd:Q634314,1,0,0,"In chemistry and thermodynamics, calorimetry (from Latin  calor 'heat' and Greek  μέτρον (metron) 'measure') is the science or act of measuring changes in state variables of a body for the purpose of "
cancer,Cancer,4,cell-biology,105219,https://en.wikipedia.org/?curid=105219,wd:Q12078,1,219,0,Cancer is a group of diseases involving uncontrolled cell growth typically resulting in tumors with the potential to invade or spread to other parts of the body. These malignant tumors contrast with b
carbohydrates,Carbohydrate,4,biochemistry,5932,https://en.wikipedia.org/?curid=5932,wd:Q11358,1,71,0,"A carbohydrate () is a sugar (saccharide) or a sugar derivative. For the simplest carbohydrates, the carbon-to-hydrogen-to-oxygen atomic ratio is 1:2:1, i.e. they are often represented by the empirica"
carboxylic-acids,Carboxylic acid,4,organic-chemistry,6099,https://en.wikipedia.org/?curid=6099,wd:Q134856,1,17,0,"In organic chemistry, a carboxylic acid is a polar, organic acid that contains a carboxyl group (−C(=O)−OH) attached to an R-group. The general formula of a carboxylic acid is often written as R−COOH "
card-games,Card game,4,applied-sociology,5360,https://en.wikipedia.org/?curid=5360,wd:Q142714,1,0,0,"A card game is any game that uses cards as the primary device with which the game is played, whether the cards are of a traditional design or specifically created for the game (proprietary). Countless"
cardiac-imaging,Cardiac imaging,4,cardiology,32154817,https://en.wikipedia.org/?curid=32154817,wd:Q5038319,1,0,0,"Cardiac imaging refers to minimally invasive imaging of the heart using ultrasound, magnetic resonance imaging (MRI), computed tomography (CT), or nuclear medicine (NM) imaging with PET or SPECT. Thes"
entities-in-cardiology,Cardiology,4,cardiology,5421,https://en.wikipedia.org/?curid=5421,wd:Q10379,1,0,0,Cardiology (from Ancient Greek  καρδίᾱ (kardiā) 'heart' and  -λογία (-logia) 'study') is the study of the heart. Cardiology is a branch of medicine that deals with disorders of the heart and the cardi
topics-in-cardiology,Cardiology,4,cardiology,5421,https://en.wikipedia.org/?curid=5421,wd:Q10379,1,30,0,Cardiology (from Ancient Greek  καρδίᾱ (kardiā) 'heart' and  -λογία (-logia) 'study') is the study of the heart. Cardiology is a branch of medicine that deals with disorders of the heart and the cardi
cardiovascular-disease,Cardiovascular disease,4,cardiology,512662,https://en.wikipedia.org/?curid=512662,wd:Q389735,1,220,0,"Cardiovascular disease (CVD) is any disease involving the heart or blood vessels. CVDs include coronary artery diseases (e.g. angina, heart attack), heart failure, hypertensive heart disease, rheumati"
cartography,Cartography,4,technical-geography,7294,https://en.wikipedia.org/?curid=7294,wd:Q42515,1,44,0,"Cartography () is the study and practice of making and using maps. Combining science, aesthetics and technique, cartography builds on the premise that reality (or an imagined reality) can be modeled i"
casting,Casting,4,materials-science,21501000,https://en.wikipedia.org/?curid=21501000,wd:Q496098,1,12,0,"Casting is a manufacturing process in which a liquid material is usually poured into a mold, which contains a hollow cavity of the desired shape, and then allowed to solidify. The solidified part is a"
catalysis,Catalysis,4,chemical-reactions,5914,https://en.wikipedia.org/?curid=5914,wd:Q82264,1,47,0,"Catalysis (, kə-TAL-iss-iss) is the increase in rate of a chemical reaction due to an added substance known as a catalyst ( KAT-əl-ist). Catalysts are not consumed by the reaction and remain unchanged"
categorical-logic,Categorical logic,4,mathematical-logic,1063799,https://en.wikipedia.org/?curid=1063799,wd:Q5051813,1,0,0,Categorical logic is the branch of mathematics in which tools and concepts from category theory are applied to the study of mathematical logic. It is also notable for its connections to theoretical co
category-theory,Category theory,4,algebra,5869,https://en.wikipedia.org/?curid=5869,wd:Q217413,1,27,0,Category theory is a general theory of mathematical structures and their relations. It was introduced by Samuel Eilenberg and Saunders Mac Lane in the mid-20th century in their foundational work on al
causality,Causality,4,metaphysics,37196,https://en.wikipedia.org/?curid=37196,wd:Q179289,1,11,0,"Causality is an influence by which one event, process, state, or subject (i.e., a cause) contributes to the production of another event, process, state, or object (i.e., an effect) where the cause is "
celestial-mechanics,Celestial mechanics,4,astrodynamics,102182,https://en.wikipedia.org/?curid=102182,wd:Q184274,1,23,0,"Celestial mechanics is the branch of astronomy that deals with the motions and gravitational interactions of objects in outer space. Historically, celestial mechanics applies principles of physics (cl"
cell-composition,Cell (biology),4,cell-biology,4230,https://en.wikipedia.org/?curid=4230,wd:Q7868,1,40,0,The cell is the basic structural and functional unit of all forms of life or organisms. The term comes from the Latin word cellula meaning 'small room'. A biological cell basically consists of a semip
entities-in-cell-biology,Cell biology,4,cell-biology,6339,https://en.wikipedia.org/?curid=6339,wd:Q7141,1,0,0,"Cell biology, cellular biology, or cytology, is the branch of biology that studies the structure, function, and behavior of the cells. All organisms are made of cells. A cell is the basic unit of life"
topics-in-cell-biology,Cell biology,4,cell-biology,6339,https://en.wikipedia.org/?curid=6339,wd:Q7141,1,14,0,"Cell biology, cellular biology, or cytology, is the branch of biology that studies the structure, function, and behavior of the cells. All organisms are made of cells. A cell is the basic unit of life"
cell-cycle,Cell cycle,4,cell-biology,7252,https://en.wikipedia.org/?curid=7252,wd:Q188941,1,165,0,"The cell cycle, or cell-division cycle, is the sequence of events that take place in a cell and 
lead to its division into two daughter cells. These events include the growth of the cell, duplication "
cell-death,Cell death,4,cell-biology,1067082,https://en.wikipedia.org/?curid=1067082,wd:Q2383867,1,5,0,"Cell death is the event of a biological cell ceasing to carry out its functions. This may be the result of the natural process of old cells dying and being replaced by new ones, as in programmed cell "
cell-growth,Cell growth,4,cell-biology,564779,https://en.wikipedia.org/?curid=564779,wd:Q189159,1,26,0,"Cell growth refers to an increase in the total mass of a cell, including both cytoplasmic, nuclear and organelle volume. Cell growth occurs when the overall rate of cellular biosynthesis (production o"
cell-physiology,Cell physiology,4,physiology,6227883,https://en.wikipedia.org/?curid=6227883,wd:Q3087369,1,0,0,"Cell physiology is the biological study of the activities that take place in a cell to keep it alive. The term physiology refers to normal functions in a living organism. Animal cells, plant cells and"
cell-signaling,Cell signaling,4,cell-biology,4109042,https://en.wikipedia.org/?curid=4109042,wd:Q210973,1,144,0,"Cell signaling (cell signalling in British English) is the biological process by which a cell interacts with itself, with other cells, and with the environment. Cell signaling is a fundamental propert"
cellular-automatons,Cellular automaton,4,theory-of-computation,54342,https://en.wikipedia.org/?curid=54342,wd:Q189156,1,0,0,"A cellular automaton (pl. cellular automata, abbrev. CA) is a discrete model of computation studied in automata theory. Cellular automata are also called cellular spaces, tessellation automata, homoge"
mobile-networks,Cellular network,4,telecommunications,735672,https://en.wikipedia.org/?curid=735672,wd:Q535695,1,0,0,"A cellular network or mobile network is a telecommunications network where the link to and from end nodes is wireless and the network is distributed over land areas called cells, each served by at lea"
cellular-neuroscience,Cellular neuroscience,4,neuroscience,20848680,https://en.wikipedia.org/?curid=20848680,wd:Q5058372,1,2,0,Cellular neuroscience is a branch of neuroscience concerned with the study of neurons at a cellular level. This includes morphology and physiological properties of single neurons. Several techniques s
censorship,Censorship,4,social-networks,17253537,https://en.wikipedia.org/?curid=17253537,wd:Q543,1,0,0,"Censorship is the suppression of speech, public communication, or other information. This may be done on the basis that such material is considered objectionable, harmful, sensitive, or ""inconvenient"""
centrifugation,Centrifugation,4,cell-biology,286021,https://en.wikipedia.org/?curid=286021,wd:Q1967135,1,0,0,"Centrifugation is a mechanical process that involves the use of the centrifugal force to separate particles from a solution according to their size, shape, density, medium viscosity and rotor speed. T"
ceramic-chemistry,Ceramic chemistry,4,inorganic-chemistry,18555533,https://en.wikipedia.org/?curid=18555533,wd:Q5063652,0,0,0,
ceramic-engineering,Ceramic engineering,4,materials-science,4480666,https://en.wikipedia.org/?curid=4480666,wd:Q1936199,1,19,0,"Ceramic engineering is the science of creating objects from inorganic, non-metallic materials. This is done using either heat or precipitation reactions on high-purity chemical solutions at lower temp"
change-management,Change management,4,business-administration,14599027,https://en.wikipedia.org/?curid=14599027,wd:Q116348,1,0,0,"Change management (CM) is a discipline that focuses on managing changes within an organization. Change management involves implementing approaches to prepare and support individuals, teams, and leader"
channel-capacity,Channel capacity,4,information-theory,231204,https://en.wikipedia.org/?curid=231204,wd:Q870845,1,32,0,"Channel capacity, in electrical engineering, computer science, and information theory, is the theoretical maximum rate at which information can be reliably transmitted over a communication channel.
Fo"
chaos-theory,Chaos theory,4,systems-theory,6295,https://en.wikipedia.org/?curid=6295,wd:Q166314,1,121,0,Chaos theory is an interdisciplinary area of scientific study and branch of mathematics. It focuses on underlying patterns and deterministic laws of dynamical systems that are highly sensitive to init
character-encoding,Character encoding,4,computer-data-storage,5295,https://en.wikipedia.org/?curid=5295,wd:Q184759,1,38,0,"Character encoding is a convention of using a numeric value to represent each character of a writing script. Not only can a character set include natural language symbols, but it can also include code"
characteristic-equation,Characteristic equation (calculus),4,analysis,31050469,https://en.wikipedia.org/?curid=31050469,wd:Q1062971,1,7,0,"In mathematics, the characteristic equation (or auxiliary equation) is an algebraic equation of degree n upon which depends the solution of a given nth-order differential equation or difference equati"
characterization,Characterization (materials science),4,analytical-chemistry,4932763,https://en.wikipedia.org/?curid=4932763,wd:Q2165586,1,0,0,Characterization in materials science is the broad and general process by which a material's structure and properties are probed and measured. It is a fundamental process in the field of materials sci
chatbots,Chatbot,4,natural-language-processing,148349,https://en.wikipedia.org/?curid=148349,wd:Q870780,1,1,0,A chatbot (originally chatterbot) is a software application or web interface designed to converse through text or speech. Modern chatbots are typically online and use generative artificial intelligenc
clock-reactions,Chemical clock,4,chemical-reactions,2908847,https://en.wikipedia.org/?curid=2908847,wd:Q584829,1,0,0,A chemical clock (or clock reaction) is a complex mixture of reacting chemical compounds in which the onset of an observable property (discoloration or coloration) occurs after a predictable induction
chemical-kinetics,Chemical kinetics,4,physical-chemistry,359135,https://en.wikipedia.org/?curid=359135,wd:Q209082,1,54,0,"Chemical kinetics, also known as reaction kinetics, is the branch of physical chemistry that is concerned with understanding the rates of chemical reactions. It is different from chemical thermodynami"
chemical-physics,Chemical physics,4,physical-chemistry,733929,https://en.wikipedia.org/?curid=733929,wd:Q2001702,1,0,0,"Chemical physics is a branch of physics that studies chemical processes from a physical point of view. It focuses on understanding the physical properties and behavior of chemical systems, using princ"
entities-in-chemical-reactions,Chemical reaction,4,chemical-reactions,6271,https://en.wikipedia.org/?curid=6271,wd:Q36534,1,1,0,"A chemical reaction is a process that leads to the chemical transformation of one set of chemical substances to another. When chemical reactions occur, the atoms are rearranged and the reaction is acc"
topics-in-chemical-reactions,Chemical reaction,4,chemical-reactions,6271,https://en.wikipedia.org/?curid=6271,wd:Q36534,1,12,0,"A chemical reaction is a process that leads to the chemical transformation of one set of chemical substances to another. When chemical reactions occur, the atoms are rearranged and the reaction is acc"
entities-in-chemical-reaction-engineering,Chemical reaction engineering,4,chemical-reaction-engineering,25034192,https://en.wikipedia.org/?curid=25034192,wd:Q2667887,1,0,0,Chemical reaction engineering (reaction engineering or reactor engineering) is a specialty in chemical engineering or industrial chemistry dealing with chemical reactors.  Frequently the term relates 
topics-in-chemical-reaction-engineering,Chemical reaction engineering,4,chemical-reaction-engineering,25034192,https://en.wikipedia.org/?curid=25034192,wd:Q2667887,1,0,0,Chemical reaction engineering (reaction engineering or reactor engineering) is a specialty in chemical engineering or industrial chemistry dealing with chemical reactors.  Frequently the term relates 
chemical-reactors-and-reactions,Chemical reactor,4,chemical-reaction-engineering,1162781,https://en.wikipedia.org/?curid=1162781,wd:Q557573,1,13,0,"A chemical reactor is an enclosed volume in which a chemical reaction takes place. In chemical engineering, it is generally understood to be a process vessel used to carry out a chemical reaction, whi"
chemical-substances,Chemical substance,4,chemical-reactions,9722260,https://en.wikipedia.org/?curid=9722260,wd:Q79529,1,191,0,"In chemistry, a substance is a unique form of matter with constant chemical composition and characteristic properties. Chemical substances may take the form of a single element or chemical compounds. "
chemical-synthesis,Chemical synthesis,4,chemical-reactions,85029,https://en.wikipedia.org/?curid=85029,wd:Q273499,1,9,0,"Chemical synthesis (chemical combination) is the artificial execution of chemical reactions to obtain one or more products. This occurs by physical and chemical manipulations, usually involving one or"
chemical-thermodynamics,Chemical thermodynamics,4,physical-chemistry,5936,https://en.wikipedia.org/?curid=5936,wd:Q739016,1,2,0,Chemical thermodynamics is the study of the interrelation of heat and work with chemical reactions or with physical changes of state within the confines of the laws of thermodynamics. Chemical thermod
chemiluminescence,Chemiluminescence,4,chemical-reactions,291436,https://en.wikipedia.org/?curid=291436,wd:Q2931725,1,20,0,"Chemiluminescence (also chemoluminescence) is the emission of light (luminescence) as the result of a chemical reaction, i.e. a chemical reaction results in a flash or glow of light.  A standard examp"
chromatography,Chromatography,4,analytical-chemistry,6329,https://en.wikipedia.org/?curid=6329,wd:Q170050,1,22,0,"In chemical analysis, chromatography is a laboratory technique for the separation of a mixture into its components. The mixture is dissolved in a fluid solvent (gas or liquid) called the mobile phase,"
chromosomes,Chromosome,4,molecular-biology,6438,https://en.wikipedia.org/?curid=6438,wd:Q37748,1,47,0,"A chromosome is a package of DNA containing part or all of the genetic material of an organism. In most chromosomes, the very long thin DNA fibers are coated with nucleosome-forming packaging proteins"
entities-in-chronobiology,Chronobiology,4,chronobiology,56566,https://en.wikipedia.org/?curid=56566,wd:Q506874,1,0,0,"Chronobiology is a field of biology that examines timing processes, including periodic (cyclic) phenomena in living organisms, such as their adaptation to solar- and lunar-related rhythms. These cycle"
topics-in-chronobiology,Chronobiology,4,chronobiology,56566,https://en.wikipedia.org/?curid=56566,wd:Q506874,1,65,0,"Chronobiology is a field of biology that examines timing processes, including periodic (cyclic) phenomena in living organisms, such as their adaptation to solar- and lunar-related rhythms. These cycle"
logic-circuits,Circuit (computer science),4,theory-of-computation,27753031,https://en.wikipedia.org/?curid=27753031,wd:Q5121567,1,0,0,"In theoretical computer science, a circuit is a model of computation in which input values proceed through a sequence of gates, each of which computes a function. Circuits of this kind provide a gener"
circulatory-system,Circulatory system,4,hematology,57330,https://en.wikipedia.org/?curid=57330,wd:Q11068,1,38,0,"In vertebrates, the circulatory system is a system of organs that includes the heart, blood vessels, and blood which is circulated throughout the body. It includes the cardiovascular system, or vascul"
bibliographic-citations,Citation,4,publishing,97585,https://en.wikipedia.org/?curid=97585,wd:Q1713,1,11,0,"A citation is a reference to a source. More precisely, a citation is an abbreviated alphanumeric expression embedded in the body of an intellectual work that denotes an entry in the bibliographic refe"
civil-law,Civil law (legal system),4,legal-systems,1048798,https://en.wikipedia.org/?curid=1048798,wd:Q5950118,1,55,0,"Civil law is a legal system rooted in the Roman Empire and was comprehensively codified and disseminated starting in the 19th century, most notably with France's Napoleonic Code (1804) and Germany's B"
entities-in-classical-antiquity,Classical antiquity,4,classical-antiquity,252905,https://en.wikipedia.org/?curid=252905,wd:Q486761,1,0,0,"Classical antiquity, also known as the classical era, classical period, classical age, or simply antiquity, is the period of cultural European history between the 8th century BC and the 5th century AD"
topics-in-classical-antiquity,Classical antiquity,4,classical-antiquity,252905,https://en.wikipedia.org/?curid=252905,wd:Q486761,1,59,0,"Classical antiquity, also known as the classical era, classical period, classical age, or simply antiquity, is the period of cultural European history between the 8th century BC and the 5th century AD"
classical-probability,Classical definition of probability,4,probability-theory,917778,https://en.wikipedia.org/?curid=917778,wd:Q908596,1,0,0,"The classical definition of probability or classical interpretation of probability is identified with the works of Jacob Bernoulli and Pierre-Simon Laplace:

The probability of an event is the ratio o"
classical-economics,Classical economics,4,macroeconomics,227141,https://en.wikipedia.org/?curid=227141,wd:Q271857,1,0,0,"Classical economics, also known as the classical school of economics, or classical political economy, is a school of thought in political economy that flourished, primarily in Britain, in the late 18t"
classical-genetics,Classical genetics,4,genetics,38203371,https://en.wikipedia.org/?curid=38203371,wd:Q54881,1,0,0,"Classical genetics is the branch of genetics based solely on visible results of reproductive acts. It is the oldest discipline in the field of genetics, going back to the experiments on Mendelian inhe"
entities-in-classical-logic,Classical logic,4,classical-logic,55868,https://en.wikipedia.org/?curid=55868,wd:Q236975,1,0,0,Classical logic (or standard logic) or Frege–Russell logic is the intensively studied and most widely used class of deductive logic. Classical logic has had much influence on analytic philosophy.
topics-in-classical-logic,Classical logic,4,classical-logic,55868,https://en.wikipedia.org/?curid=55868,wd:Q236975,1,0,0,Classical logic (or standard logic) or Frege–Russell logic is the intensively studied and most widely used class of deductive logic. Classical logic has had much influence on analytic philosophy.
classical-mechanics,Classical mechanics,4,mechanics,19555586,https://en.wikipedia.org/?curid=19555586,wd:Q11397,1,141,0,"In physics, classical mechanics is a theory that describes the effect of forces on the motion of macroscopic objects and bulk matter, without considering quantum effects, and often without incorporati"
click-chemistry,Click chemistry,4,organic-chemistry,1850601,https://en.wikipedia.org/?curid=1850601,wd:Q912270,1,0,0,"Click chemistry is an approach to chemical synthesis that is used to join two molecules. The application of the term, click, as a qualifier to the type of chemistry refers to an emphasis on efficiency"
client-server-model,Client–server model,4,computer-networks,6513,https://en.wikipedia.org/?curid=6513,wd:Q146813,1,15,0,"The client–server model is a form of messaging pattern in a distributed application structure that partitions tasks or workloads between the providers of a resource or service, called servers, and ser"
entities-in-climate,Climate,4,climate,5999,https://en.wikipedia.org/?curid=5999,wd:Q7937,1,0,0,"Climate is the long-term weather pattern in a region, typically averaged over 30 years. More rigorously, it is the mean and variability of meteorological variables over a time spanning from months to "
topics-in-climate,Climate,4,climate,5999,https://en.wikipedia.org/?curid=5999,wd:Q7937,1,26,0,"Climate is the long-term weather pattern in a region, typically averaged over 30 years. More rigorously, it is the mean and variability of meteorological variables over a time spanning from months to "
climate-change,Climate change,4,climate,5042951,https://en.wikipedia.org/?curid=5042951,wd:Q125928,1,33,0,Present-day climate change includes both global warming—the ongoing increase in global average temperature—and its wider effects on Earth's climate system. Climate change in a broader sense also inclu
climate-change-denial,Climate change denial,4,climate,12474403,https://en.wikipedia.org/?curid=12474403,wd:Q1931364,1,4,0,"Climate change denial (also global warming denial) is a form of science denial characterized by rejecting, refusing to acknowledge, disputing, or fighting the extensive evidence for anthropogenic glob"
climate-change-mitigation,Climate change mitigation,4,climate,2119179,https://en.wikipedia.org/?curid=2119179,wd:Q898653,1,44,0,"Climate change mitigation, also called climate change decarbonisation, is an action to limit the greenhouse gases in the atmosphere that cause climate change. Climate change mitigation actions include"
climate-of-the-united-states,Climate of the United States,4,climate,14831788,https://en.wikipedia.org/?curid=14831788,wd:Q1724625,1,0,0,"The climate of the United States varies due to changes in latitude, and a range of geographic features, including mountains and deserts. Generally, on the mainland, the climate of the U.S. becomes war"
climatology,Climatology,4,atmospheric-science,142440,https://en.wikipedia.org/?curid=142440,wd:Q52139,1,0,0,"Climatology (from Greek κλίμα, klima, ""slope""; and -λογία, -logia) or climate science is the scientific study of Earth's climate, typically defined as weather conditions averaged over a period of at l"
clinical-chemistry,Clinical chemistry,4,analytical-chemistry,65622,https://en.wikipedia.org/?curid=65622,wd:Q849994,1,43,0,"Clinical chemistry (also known as chemical pathology, clinical biochemistry or medical biochemistry) is a division in pathology and medical laboratory sciences focusing on qualitative tests of importa"
clinical-engineering,Clinical engineering,4,biomedical-engineering,4593785,https://en.wikipedia.org/?curid=4593785,wd:Q3275615,1,0,0,"Clinical engineering is a specialty within biomedical engineering responsible for using medical technology to optimize healthcare delivery.
Clinical engineers train and supervise biomedical equipment "
clinical-psychology,Clinical psychology,4,applied-psychology,492271,https://en.wikipedia.org/?curid=492271,wd:Q199906,1,97,0,"Clinical psychology is an integration of human science, behavioral science, theory, and clinical knowledge aimed at understanding, preventing, and relieving psychological distress or dysfunction as we"
entities-in-cloud-computing,Cloud computing,4,cloud-computing,19541494,https://en.wikipedia.org/?curid=19541494,wd:Q483639,0,0,0,
topics-in-cloud-computing,Cloud computing,4,cloud-computing,19541494,https://en.wikipedia.org/?curid=19541494,wd:Q483639,0,19,0,
cloud-databases,Cloud database,4,databases,33354721,https://en.wikipedia.org/?curid=33354721,wd:Q2499178,1,0,0,"A cloud database is a database that typically runs on a cloud computing platform, with access provided as a service. There are two common deployment models: users can run databases on the cloud indepe"
coastal-engineering,Coastal engineering,4,hydrology,15588021,https://en.wikipedia.org/?curid=15588021,wd:Q1797362,1,0,0,"Coastal engineering is a branch of civil engineering concerned with the specific demands posed by constructing at or near the coast, as well as the development of the coast itself.
The hydrodynamic im"
coastal-geography,Coastal geography,4,physical-geography,2160676,https://en.wikipedia.org/?curid=2160676,wd:Q1421309,1,4,0,"Coastal geography is the study of the constantly changing region between the ocean and the land, incorporating both the physical geography (i.e. coastal geomorphology, climatology and oceanography) an"
coding-theory,Coding theory,4,information-theory,321869,https://en.wikipedia.org/?curid=321869,wd:Q602136,1,56,0,"Coding theory is the study of the properties of codes and their respective fitness for specific applications. Codes are used for data compression, cryptography, error detection and correction, data tr"
cognitive-linguistics,Cognitive linguistics,4,psycholinguistics,72711,https://en.wikipedia.org/?curid=72711,wd:Q508969,1,0,0,Cognitive linguistics is an approach to the study of language that encompasses a number of complementary and sometimes overlapping theories. Their defining characteristic is the guiding assumption tha
cognitive-neuroscience,Cognitive neuroscience,4,neuroscience,50326,https://en.wikipedia.org/?curid=50326,wd:Q1138951,1,22,0,"Cognitive neuroscience is the scientific field that is concerned with the study of the biological processes and aspects that underlie cognition, with a specific focus on the neural connections in the "
cognitive-psychology,Cognitive psychology,4,basic-psychology,5961,https://en.wikipedia.org/?curid=5961,wd:Q23373,1,148,0,"Cognitive psychology is the scientific study of human mental processes such as attention, language use, memory, perception, problem solving, creativity, and reasoning. Cognitive psychology originated "
cognitivism,Cognitivism (psychology),4,theoretical-psychology,313565,https://en.wikipedia.org/?curid=313565,wd:Q23382,1,0,0,"In psychology, cognitivism is a theoretical framework for understanding the mind that gained credence in the 1950s. The movement was a response to behaviorism, which cognitivists said neglected to exp"
collaborative-learning,Collaborative learning,4,pedagogy,665948,https://en.wikipedia.org/?curid=665948,wd:Q2349659,1,6,0,"Collaborative learning is a situation in which two or more people learn or attempt to learn something together. Unlike individual learning, people engaged in collaborative learning capitalize on one a"
collective-intelligence,Collective intelligence,4,social-networks,20756850,https://en.wikipedia.org/?curid=20756850,wd:Q432197,1,8,0,"Collective intelligence (CI) or group intelligence (GI) is the emergent ability of groups, whether composed of humans alone, animals, or networks of humans and artificial agents, to solve problems, ma"
collision,Collision,4,mechanics,40898,https://en.wikipedia.org/?curid=40898,wd:Q238053,1,2,0,"In physics, a collision is any event in which two or more bodies exert forces on each other in a relatively short time. Although the most common use of the word collision refers to incidents in which "
combinatorial-optimization,Combinatorial optimization,4,algorithms-and-data-structures,420555,https://en.wikipedia.org/?curid=420555,wd:Q1333872,1,63,0,"Combinatorial optimization is a subfield of mathematical optimization   that consists of finding an optimal object from a finite set of objects, where the set of feasible solutions is discrete or can "
combinatorics,Combinatorics,4,discrete-mathematics,5170,https://en.wikipedia.org/?curid=5170,wd:Q76592,1,41,0,"Combinatorics is an area of mathematics primarily concerned with counting, both as a means and as an end to obtaining results, and certain properties of finite structures. It is closely related to man"
combustion,Combustion,4,chemical-reactions,5638,https://en.wikipedia.org/?curid=5638,wd:Q133235,1,0,0,"Combustion, or burning, is a high-temperature exothermic redox chemical reaction between a fuel (the reductant) and an oxidant, usually atmospheric oxygen, that produces oxidized, often gaseous produc"
commercial-aviation,Commercial aviation,4,aerospace-engineering,164468,https://en.wikipedia.org/?curid=164468,wd:Q9640723,1,19,0,"Commercial aviation is the part of civil aviation that involves operating aircraft for remuneration or hire, as opposed to private aviation."
common-law,Common law,4,legal-systems,5254,https://en.wikipedia.org/?curid=5254,wd:Q30216,1,205,0,"Common law is the body of law primarily developed through judicial decisions rather than statutes. Although common law may incorporate certain statutes, it is largely based on precedent—judicial rulin"
communication-protocol,Communication protocol,4,computer-networks,28030850,https://en.wikipedia.org/?curid=28030850,wd:Q132364,1,5,0,"A communication protocol is a system of rules that allows two or more entities of a communications system to transmit information. The protocol defines the rules, syntax, semantics, and synchronizatio"
communications-management,Communications management,4,business-administration,297914,https://en.wikipedia.org/?curid=297914,wd:Q4120586,1,1,0,"Communications management is the systematic planning, implementing, monitoring, and revision of all the channels of communication within an organization and between organizations. It also includes the"
satellite-communication,Communications satellite,4,telecommunications,45207,https://en.wikipedia.org/?curid=45207,wd:Q149918,1,10,0,A communications satellite is an artificial satellite that relays and amplifies radio telecommunication signals via a transponder; it creates a communication channel between a source transmitter and a
communism,Communism,4,political-ideologies,9209651,https://en.wikipedia.org/?curid=9209651,wd:Q6186,1,25,0,"Communism (from Latin  communis 'common, universal') is a political and economic ideology whose goal is the creation of a communist society, a socioeconomic order centered on common ownership of the m"
communitarianism,Communitarianism,4,political-ideologies,43375,https://en.wikipedia.org/?curid=43375,wd:Q324530,1,0,0,Communitarianism is a philosophy that emphasizes the connection between the individual and the community. Its overriding philosophy is based on the belief that a person's social identity and personali
community-psychology,Community psychology,4,applied-psychology,661270,https://en.wikipedia.org/?curid=661270,wd:Q1500547,1,0,0,"Community psychology is concerned with the community as the unit of study. This contrasts with most psychology, which focuses on the individual. Community psychology also studies the community as a co"
comparative-anatomy,Comparative anatomy,4,anatomy,265447,https://en.wikipedia.org/?curid=265447,wd:Q843900,1,0,0,"Comparative anatomy is a study of similarities and differences in the anatomy of different species. It is closely related to evolutionary biology and phylogeny (the evolution of species).
The science "
comparative-economic-systems,Comparative economic systems,4,macroeconomics,4849238,https://en.wikipedia.org/?curid=4849238,wd:Q3543374,1,0,0,"Comparative Economic Systems is the  sub-classification of economics dealing with the comparative study of different systems of economic organization, such as capitalism, socialism, feudalism and the "
comparative-historical-research,Comparative historical research,4,sociological-methodologies,13433884,https://en.wikipedia.org/?curid=13433884,wd:Q5155640,1,0,0,"Comparative historical research is a method of social science that examines historical events in order to create explanations that are valid beyond a particular time and place, either by direct compar"
entities-in-legal-systems,Comparative law,4,legal-systems,7378,https://en.wikipedia.org/?curid=7378,wd:Q741338,1,0,0,"Comparative law is the study of differences and similarities between the law and legal systems of different countries. More specifically, it involves the study of the different legal systems (or ""fami"
topics-in-legal-systems,Comparative law,4,legal-systems,7378,https://en.wikipedia.org/?curid=7378,wd:Q741338,1,1,0,"Comparative law is the study of differences and similarities between the law and legal systems of different countries. More specifically, it involves the study of the different legal systems (or ""fami"
comparative-physiology,Comparative physiology,4,physiology,9435784,https://en.wikipedia.org/?curid=9435784,wd:Q5155643,1,0,0,Comparative physiology is a subdiscipline of physiology that studies and exploits the diversity of functional characteristics of various kinds of organisms.  It is closely related to evolutionary phys
comparative-politics,Comparative politics,4,political-science,1414677,https://en.wikipedia.org/?curid=1414677,wd:Q32492,1,92,0,Comparative politics is a field in political science characterized either by the use of the comparative method or other empirical methods to explore politics both within and between countries. Substan
comparative-psychology,Comparative psychology,4,basic-psychology,380406,https://en.wikipedia.org/?curid=380406,wd:Q1483503,1,1,0,"Comparative psychology is the scientific study of the behavior and mental processes of non-human animals, especially as these relate to the phylogenetic history, adaptive significance, and development"
comparative-religion,Comparative religion,4,religious-studies,186861,https://en.wikipedia.org/?curid=186861,wd:Q1075827,1,0,0,"Comparative religion is the branch of religious studies that systematically compares the doctrines, practices, themes and impacts (including migration) of the world's religions. In general, the compar"
competition,Competition,4,macroeconomics,181592,https://en.wikipedia.org/?curid=181592,wd:Q476300,1,41,0,Competition is a rivalry where two or more parties strive for a common goal which cannot be shared: where one's gain is the other's loss (an example of which is a zero-sum game). Competition can arise
compilers,Compiler,4,computer-programming,5739,https://en.wikipedia.org/?curid=5739,wd:Q47506,1,84,0,"In computing, a compiler is software that translates computer code written in one programming language (the source language) into another language (the target language). The name ""compiler"" is primari"
complex-analysis,Complex analysis,4,analysis,5759,https://en.wikipedia.org/?curid=5759,wd:Q193756,1,108,0,"Complex analysis, traditionally known as the theory of functions of a complex variable, is the branch of mathematical analysis that investigates functions of a complex variable of complex numbers. It "
complex-geometry,Complex geometry,4,geometry,186101,https://en.wikipedia.org/?curid=186101,wd:Q2137810,1,1,0,"In mathematics, complex geometry is the study of geometric structures and constructions arising out of, or described by, the complex numbers. In particular, complex geometry is concerned with the stud"
complex-systems,Complex system,4,systems-theory,37438,https://en.wikipedia.org/?curid=37438,wd:Q854457,1,29,0,"A complex system is a system composed of many components that interact with one another. Examples of complex systems are Earth's global climate, organisms, the human brain, infrastructure such as powe"
entities-in-component-engineering,Component engineering,4,component-engineering,21037206,https://en.wikipedia.org/?curid=21037206,wd:Q5156697,1,0,0,"Component engineering is an engineering discipline primarily used to ensure the suitability and testability of suitable components required to manufacture a larger product.
The term combines two ideas"
topics-in-component-engineering,Component engineering,4,component-engineering,21037206,https://en.wikipedia.org/?curid=21037206,wd:Q5156697,1,0,0,"Component engineering is an engineering discipline primarily used to ensure the suitability and testability of suitable components required to manufacture a larger product.
The term combines two ideas"
component-based-software-engineering,Component-based software engineering,4,software-engineering,2816674,https://en.wikipedia.org/?curid=2816674,wd:Q609588,1,7,0,"Component-based software engineering (CBSE), also called component-based development (CBD), is a style of software engineering that aims to construct a software system from components that are loosely"
composite-materials,Composite material,4,materials-science,157616,https://en.wikipedia.org/?curid=157616,wd:Q181790,1,14,0,A composite or composite material (also composition material) is a material which is produced from two or more constituent materials. These constituent materials have notably dissimilar chemical or ph
compressed-sensing,Compressed sensing,4,signal-processing,11403316,https://en.wikipedia.org/?curid=11403316,wd:Q2665459,1,7,0,"Compressed sensing (also known as compressive sensing, compressive sampling, or sparse sampling) is a signal processing technique for efficiently acquiring and reconstructing a signal by finding solut"
computability-logic,Computability logic,4,non-classical-logic,616985,https://en.wikipedia.org/?curid=616985,wd:Q5157263,1,0,0,"Computability logic (CoL) is a research program and mathematical framework for redeveloping logic as a systematic formal theory of computability, as opposed to classical logic, which is a formal theor"
computability-theory,Computability theory,4,theory-of-computation,155414,https://en.wikipedia.org/?curid=155414,wd:Q818930,1,26,0,"Computability theory, also known as recursion theory, is a branch of mathematical logic, computer science, and the theory of computation that originated in the 1930s with the study of computable funct"
computational-astrophysics,Computational astrophysics,4,astrophysics,34240222,https://en.wikipedia.org/?curid=34240222,wd:Q5157302,1,0,0,"Computational astrophysics  refers to the methods and computing tools developed and used in astrophysics research. Like computational chemistry or computational physics, it is both a specific branch o"
entities-in-computational-chemistry,Computational chemistry,4,computational-chemistry,6019,https://en.wikipedia.org/?curid=6019,wd:Q369472,1,0,0,Computational chemistry is a branch of chemistry that uses computer simulations to assist in solving chemical problems. It uses methods of theoretical chemistry incorporated into computer programs to 
topics-in-computational-chemistry,Computational chemistry,4,computational-chemistry,6019,https://en.wikipedia.org/?curid=6019,wd:Q369472,1,66,0,Computational chemistry is a branch of chemistry that uses computer simulations to assist in solving chemical problems. It uses methods of theoretical chemistry incorporated into computer programs to 
computational-complexity-theory,Computational complexity theory,4,theory-of-computation,7543,https://en.wikipedia.org/?curid=7543,wd:Q205084,1,69,0,"In theoretical computer science and mathematics, computational complexity theory focuses on classifying computational problems according to their resource usage, and explores the relationships between"
computational-economics,Computational economics,4,applied-economics,1420447,https://en.wikipedia.org/?curid=1420447,wd:Q3610415,1,0,0,Computational or algorithmic economics is an interdisciplinary field combining computer science and economics to efficiently solve computationally-expensive problems in economics. Some of these areas 
computational-electromagnetics,Computational electromagnetics,4,computational-physics,3849994,https://en.wikipedia.org/?curid=3849994,wd:Q5157313,1,12,0,"Computational electromagnetics (CEM), computational electrodynamics or electromagnetic modeling is the process of modeling the interaction of electromagnetic fields with physical objects and the envir"
computational-geometry,Computational geometry,4,algorithms-and-data-structures,176927,https://en.wikipedia.org/?curid=176927,wd:Q874709,1,34,0,Computational geometry is a branch of computer science devoted to the study of algorithms that can be stated in terms of geometry. Some purely geometrical problems arise out of the study of computatio
computational-linguistics,Computational linguistics,4,applied-linguistics,5561,https://en.wikipedia.org/?curid=5561,wd:Q182557,1,0,0,"Computational linguistics is an interdisciplinary field concerned with the computational modelling of natural language, as well as the study of appropriate computational approaches to linguistic quest"
computational-mechanics,Computational mechanics,4,computational-physics,5205878,https://en.wikipedia.org/?curid=5205878,wd:Q919765,1,0,0,Computational mechanics is the discipline concerned with the use of computational methods to study phenomena governed by the principles of mechanics. Before the emergence of computational science (als
computational-neuroscience,Computational neuroscience,4,neuroscience,271430,https://en.wikipedia.org/?curid=271430,wd:Q8037925,1,46,0,"Computational neuroscience (also known as theoretical neuroscience or mathematical neuroscience) is a branch of neuroscience which employs mathematics, computer science, theoretical analysis and abstr"
computational-number-theory,Computational number theory,4,number-theory,511466,https://en.wikipedia.org/?curid=511466,wd:Q2646614,1,0,0,"In mathematics and computer science, computational number theory, also known as algorithmic number theory, is the study of 
computational methods for investigating and solving problems in number theor"
entities-in-computational-physics,Computational physics,4,computational-physics,106418,https://en.wikipedia.org/?curid=106418,wd:Q909554,1,0,0,"Computational physics is the study and implementation of numerical analysis to solve problems in physics. Historically, computational physics was the first application of modern computers in science, "
topics-in-computational-physics,Computational physics,4,computational-physics,106418,https://en.wikipedia.org/?curid=106418,wd:Q909554,1,2,0,"Computational physics is the study and implementation of numerical analysis to solve problems in physics. Historically, computational physics was the first application of modern computers in science, "
computational-sociology,Computational sociology,4,sociological-methodologies,984692,https://en.wikipedia.org/?curid=984692,wd:Q905036,1,0,0,"Computational sociology is a branch of sociology that uses computationally intensive methods to analyze and model social phenomena. Using computer simulations, artificial intelligence, complex statist"
entities-in-computational-statistics,Computational statistics,4,computational-statistics,15832717,https://en.wikipedia.org/?curid=15832717,wd:Q5157340,1,0,0,"Computational statistics, or statistical computing, is the study which is the intersection of statistics and computer science, and refers to the statistical methods that are enabled by using computati"
topics-in-computational-statistics,Computational statistics,4,computational-statistics,15832717,https://en.wikipedia.org/?curid=15832717,wd:Q5157340,1,0,0,"Computational statistics, or statistical computing, is the study which is the intersection of statistics and computer science, and refers to the statistical methods that are enabled by using computati"
computational-thermodynamics,Computational thermodynamics,4,computational-physics,53713224,https://en.wikipedia.org/?curid=53713224,wd:Q30672538,1,0,0,"Computational thermodynamics is the use of computers to simulate thermodynamic problems specific to materials science, particularly used in the construction of phase diagrams.
Several open and commerc"
computational-thinking,Computational thinking,4,pedagogy,19850468,https://en.wikipedia.org/?curid=19850468,wd:Q5157342,1,0,0,"Computational thinking refers to the thought processes involved in formulating problems so their solutions can be represented as computational steps and algorithms. In education, computational thinkin"
computer-animation,Computer animation,4,computer-graphics,6777,https://en.wikipedia.org/?curid=6777,wd:Q1401416,1,25,0,"Computer animation is the process used for digitally generating moving images. The more general term computer-generated imagery (CGI) encompasses both still images and moving images, while computer an"
entities-in-computer-architecture,Computer architecture,4,computer-architecture,25652303,https://en.wikipedia.org/?curid=25652303,wd:Q173212,1,0,0,"In computer science and computer engineering, a computer architecture is the structure of a computer system made from component parts. It can sometimes be a high-level description that ignores details"
topics-in-computer-architecture,Computer architecture,4,computer-architecture,25652303,https://en.wikipedia.org/?curid=25652303,wd:Q173212,1,77,0,"In computer science and computer engineering, a computer architecture is the structure of a computer system made from component parts. It can sometimes be a high-level description that ignores details"
entities-in-computer-data-storage,Computer data storage,4,computer-data-storage,5300,https://en.wikipedia.org/?curid=5300,wd:Q66221,1,0,0,Computer data storage or digital data storage is the retention of digital data via technology consisting of computer components and recording media. Digital data storage is a core function and fundame
topics-in-computer-data-storage,Computer data storage,4,computer-data-storage,5300,https://en.wikipedia.org/?curid=5300,wd:Q66221,1,64,0,Computer data storage or digital data storage is the retention of digital data via technology consisting of computer components and recording media. Digital data storage is a core function and fundame
entities-in-computer-graphics,Computer graphics (computer science),4,computer-graphics,18567168,https://en.wikipedia.org/?curid=18567168,wd:Q150971,1,0,0,Computer graphics is a sub-field of computer science which studies methods for digitally synthesizing and manipulating visual content. Although the term often refers to the study of three-dimensional 
topics-in-computer-graphics,Computer graphics (computer science),4,computer-graphics,18567168,https://en.wikipedia.org/?curid=18567168,wd:Q150971,1,0,0,Computer graphics is a sub-field of computer science which studies methods for digitally synthesizing and manipulating visual content. Although the term often refers to the study of three-dimensional 
entities-in-hardware-engineering,Computer hardware,4,hardware-engineering,21808348,https://en.wikipedia.org/?curid=21808348,wd:Q3966,1,0,0,"Computer hardware includes the physical parts of a computer, such as the central processing unit (CPU), random-access memory (RAM), motherboard, computer data storage, graphics card, sound card, and c"
topics-in-hardware-engineering,Computer hardware,4,hardware-engineering,21808348,https://en.wikipedia.org/?curid=21808348,wd:Q3966,1,9,0,"Computer hardware includes the physical parts of a computer, such as the central processing unit (CPU), random-access memory (RAM), motherboard, computer data storage, graphics card, sound card, and c"
entities-in-computer-networks,Computer network,4,computer-networks,4122592,https://en.wikipedia.org/?curid=4122592,wd:Q1301371,1,0,0,"In computer science, computer engineering, and telecommunications, a network is a group of communicating computers and peripherals known as hosts, which communicate data to other hosts via communicati"
topics-in-computer-networks,Computer network,4,computer-networks,4122592,https://en.wikipedia.org/?curid=4122592,wd:Q1301371,0,16,0,
entities-in-computer-programming,Computer programming,4,computer-programming,5311,https://en.wikipedia.org/?curid=5311,wd:Q80006,1,0,0,"Computer programming or coding is the composition of sequences of instructions, called programs, that computers can follow to perform tasks. It involves designing and implementing algorithms, step-by-"
topics-in-computer-programming,Computer programming,4,computer-programming,5311,https://en.wikipedia.org/?curid=5311,wd:Q80006,1,74,0,"Computer programming or coding is the composition of sequences of instructions, called programs, that computers can follow to perform tasks. It involves designing and implementing algorithms, step-by-"
entities-in-computer-security,Computer security,4,computer-security,7398,https://en.wikipedia.org/?curid=7398,wd:Q3510521,1,0,0,"Computer security (also cybersecurity, digital security, or information technology (IT) security) is a subdiscipline within the field of information security. It focuses on protecting computer softwar"
topics-in-computer-security,Computer security,4,computer-security,7398,https://en.wikipedia.org/?curid=7398,wd:Q3510521,1,16,0,"Computer security (also cybersecurity, digital security, or information technology (IT) security) is a subdiscipline within the field of information security. It focuses on protecting computer softwar"
computer-vision,Computer vision,4,artificial-intelligence,6596,https://en.wikipedia.org/?curid=6596,wd:Q844240,1,137,0,"Computer vision tasks include methods for acquiring, processing, analyzing, and understanding digital images, and extraction of high-dimensional data from the real world in order to produce numerical "
entities-in-computer-mediated-communication,Computer-mediated communication,4,computer-mediated-communication,320498,https://en.wikipedia.org/?curid=320498,wd:Q796573,1,0,0,Computer-mediated communication  (CMC) is defined as any human communication that occurs through the use of two or more electronic devices.  Computer-mediated communication is relevant to linguistics 
topics-in-computer-mediated-communication,Computer-mediated communication,4,computer-mediated-communication,320498,https://en.wikipedia.org/?curid=320498,wd:Q796573,1,0,0,Computer-mediated communication  (CMC) is defined as any human communication that occurs through the use of two or more electronic devices.  Computer-mediated communication is relevant to linguistics 
concentrated-solar-power,Concentrated solar power,4,solar-power,17805223,https://en.wikipedia.org/?curid=17805223,wd:Q285927,1,0,0,"Concentrated solar power (CSP), also called concentrating solar power or concentrated solar thermal, involves systems that collect solar heat for multiple purposes like cooking, desalination, or the g"
chemical-concentration,Concentration,4,chemical-reactions,7512,https://en.wikipedia.org/?curid=7512,wd:Q3686031,1,11,0,"In chemistry, concentration is the abundance of a constituent divided by the total volume of a mixture. Several types of mathematical description can be distinguished: mass concentration, molar concen"
concrete,Concrete,4,materials-science,5371,https://en.wikipedia.org/?curid=5371,wd:Q22657,1,27,0,"Concrete is a composite material composed of aggregate bound together with a fluid cement that cures to a solid. It is the second-most-used substance (after water), the most widely used building mater"
concurrent-computing,Concurrent computing,4,high-performance-computing,2581605,https://en.wikipedia.org/?curid=2581605,wd:Q128392,1,21,0,"Concurrent computing is a form of computing in which several computations are executed concurrently—during overlapping time periods—instead of sequentially—with one completing before the next starts.
"
condensation-reactions,Condensation reaction,4,chemical-reactions,172825,https://en.wikipedia.org/?curid=172825,wd:Q910058,1,15,0,"In organic chemistry, a condensation reaction is a type of chemical reaction in which two molecules are combined to form a single molecule, usually with the loss of a small molecule such as water. If "
entities-in-condensed-matter-physics,Condensed matter physics,4,condensed-matter-physics,5387,https://en.wikipedia.org/?curid=5387,wd:Q214781,1,0,0,"Condensed matter physics is the field of physics that deals with the macroscopic and microscopic physical properties of matter, especially the solid and liquid phases, that arise from electromagnetic "
topics-in-condensed-matter-physics,Condensed matter physics,4,condensed-matter-physics,5387,https://en.wikipedia.org/?curid=5387,wd:Q214781,1,51,0,"Condensed matter physics is the field of physics that deals with the macroscopic and microscopic physical properties of matter, especially the solid and liquid phases, that arise from electromagnetic "
conflict-management,Conflict management,4,business-administration,1767727,https://en.wikipedia.org/?curid=1767727,wd:Q1640893,1,0,0,Conflict management is the process of limiting the negative aspects of conflict while increasing the positive aspects of conflict in the workplace. The aim of conflict management is to enhance learnin
conflict-theories,Conflict theories,4,sociological-theories,266956,https://en.wikipedia.org/?curid=266956,wd:Q1412640,1,1,0,Conflict theories are perspectives in political philosophy and sociology which argue that individuals and groups (social classes) within society interact on the basis of conflict rather than agreement
connective-tissue,Connective tissue,4,cell-biology,228845,https://en.wikipedia.org/?curid=228845,wd:Q25615,1,38,0,"Connective tissue is biological tissue that is found in between other tissues in the body. Most types of connective tissue consists of three main components: elastic and collagen fibers, ground substa"
entities-in-conservation-biology,Conservation biology,4,conservation-biology,216216,https://en.wikipedia.org/?curid=216216,wd:Q641498,1,0,0,"Conservation biology is the study of the conservation of nature and of Earth's biodiversity with the aim of protecting species, their habitats, and ecosystems from excessive rates of extinction and th"
topics-in-conservation-biology,Conservation biology,4,conservation-biology,216216,https://en.wikipedia.org/?curid=216216,wd:Q641498,0,5,0,
conservatism,Conservatism,4,political-ideologies,6675,https://en.wikipedia.org/?curid=6675,wd:Q7169,1,10,0,"Conservatism is a cultural, social, and political philosophy and ideology that seeks to promote and preserve traditional institutions, customs, and values. The central tenets of conservatism may vary "
constitutional-economics,Constitutional economics,4,heterodox-economics,28240525,https://en.wikipedia.org/?curid=28240525,wd:Q1489796,1,0,0,"Constitutional economics is a research program in economics and constitutionalism that has been described as explaining the choice ""of alternative sets of legal-institutional-constitutional rules that"
entities-in-construction-engineering,Construction engineering,4,construction-engineering,50705,https://en.wikipedia.org/?curid=50705,wd:Q2674423,1,0,0,"Construction engineering, also known as construction operations, is a professional sub-discipline of civil engineering that deals with the designing, planning, construction, and operations management "
topics-in-construction-engineering,Construction engineering,4,construction-engineering,50705,https://en.wikipedia.org/?curid=50705,wd:Q2674423,1,1,0,"Construction engineering, also known as construction operations, is a professional sub-discipline of civil engineering that deals with the designing, planning, construction, and operations management "
consumer-behaviour,Consumer behaviour,4,applied-psychology,754957,https://en.wikipedia.org/?curid=754957,wd:Q301468,1,2,0,"Consumer behaviour is the study of individuals, groups, or organisations and all activities associated with the purchase, use and disposal of goods and services. It encompasses how the consumer's emot"
consumer-electronics,Consumer electronics,4,electronic-engineering,189768,https://en.wikipedia.org/?curid=189768,wd:Q581105,1,66,0,"Consumer electronics, also known as home electronics, are electronic devices intended for everyday household use. Consumer electronics include those used for entertainment, communications, and recreat"
contemporary-history,Contemporary history,4,modern-era,10689543,https://en.wikipedia.org/?curid=10689543,wd:Q186075,1,57,0,"Contemporary history, in English-language historiography, is a subset of modern history that describes the historical period from about 1945 to the present. In the social sciences, contemporary histor"
content-repositories,Content repository,4,databases,18877735,https://en.wikipedia.org/?curid=18877735,wd:Q4501235,1,0,0,"A content  repository or content store is a database of digital content with an associated set of data management, search and access methods allowing application-independent access to the content, rat"
continuous-optimization,Continuous optimization,4,mathematical-optimization,420577,https://en.wikipedia.org/?curid=420577,wd:Q5165499,1,0,0,"Continuous optimization is a branch of optimization in applied mathematics.
As opposed to discrete optimization, the variables used in the objective function are required to be continuous variables—th"
continuum-mechanics,Continuum mechanics,4,mechanics,5918,https://en.wikipedia.org/?curid=5918,wd:Q193463,1,0,0,Continuum mechanics is a branch of mechanics that deals with the deformation of and transmission of forces through materials modeled as a continuous medium (also called a continuum) rather than as dis
entities-in-research-institutes,Contract research organization,4,research-institutes,1984610,https://en.wikipedia.org/?curid=1984610,wd:Q760102,1,0,0,"In the life sciences, a contract research organization or clinical research organization (CRO) is a company that provides support to the  pharmaceutical, biotechnology, and medical device industries i"
topics-in-research-institutes,Contract research organization,4,research-institutes,1984610,https://en.wikipedia.org/?curid=1984610,wd:Q760102,1,0,0,"In the life sciences, a contract research organization or clinical research organization (CRO) is a company that provides support to the  pharmaceutical, biotechnology, and medical device industries i"
contract-theory,Contract theory,4,microeconomics,296775,https://en.wikipedia.org/?curid=296775,wd:Q1918846,1,2,0,"From an economic perspective, contract theory studies how economic actors can and do construct contractual arrangements, generally in the presence of information asymmetry. Because of its connections "
entities-in-control-theory-and-engineering,Control engineering,4,control-theory-and-engineering,7011,https://en.wikipedia.org/?curid=7011,wd:Q4917288,1,0,0,"Control engineering, also known as control systems engineering and, in some European countries, automation engineering, is an engineering discipline that deals with control systems, applying control t"
topics-in-control-theory-and-engineering,Control engineering,4,control-theory-and-engineering,7011,https://en.wikipedia.org/?curid=7011,wd:Q4917288,1,3,0,"Control engineering, also known as control systems engineering and, in some European countries, automation engineering, is an engineering discipline that deals with control systems, applying control t"
control-system,Control system,4,control-theory-and-engineering,275473,https://en.wikipedia.org/?curid=275473,wd:Q959968,1,39,0,"A control system manages, commands, directs, or regulates the behavior of other devices or systems using control loops. It can range from a single home heating controller using a thermostat controllin"
control-theory,Control theory,4,control-theory-and-engineering,7039,https://en.wikipedia.org/?curid=7039,wd:Q6501221,1,89,0,Control theory is a field of control engineering and applied mathematics that deals with the control of dynamical systems. The aim is to develop a model or algorithm governing the application of syste
convex-geometry,Convex geometry,4,geometry,4165882,https://en.wikipedia.org/?curid=4165882,wd:Q1783542,1,4,0,"In mathematics, convex geometry is the branch of geometry studying convex sets, mainly in Euclidean space. Convex sets occur naturally in many areas: computational geometry, convex analysis, discrete "
conveyor-system,Conveyor system,4,industrial-engineering,13215001,https://en.wikipedia.org/?curid=13215001,wd:Q577998,1,0,0,A conveyor system is a common piece of mechanical handling equipment that moves materials from one location to another. Conveyors are especially useful in applications involving the transport of heavy
cooking,Cooking,4,food-science,5355,https://en.wikipedia.org/?curid=5355,wd:Q38695,1,10,0,"Cooking, also known as cookery, is the art, science and craft of using heat to make food more palatable, digestible, nutritious, or safe. Cooking techniques and ingredients vary widely, from grilling "
coordination-chemistry,Coordination complex,4,inorganic-chemistry,7304,https://en.wikipedia.org/?curid=7304,wd:Q238156,1,121,0,"A coordination complex is a chemical compound consisting of a central atom or ion, which is usually metallic and is called the coordination centre, and a surrounding array of bound molecules or ions, "
copyright-law,Copyright,4,branches-of-law,5278,https://en.wikipedia.org/?curid=5278,wd:Q1297822,1,63,0,"A copyright is a type of intellectual property that gives its owner the exclusive legal right to copy, distribute, adapt, display, and perform a creative work, usually for a limited time. The creative"
corporate-finance,Corporate finance,4,finance,34742901,https://en.wikipedia.org/?curid=34742901,wd:Q1134763,1,83,0,"Corporate finance is an area of finance that deals with the sources of funding, and the capital structure of businesses, the actions that managers take to increase the value of the firm to the shareho"
corporatism,Corporatism,4,political-ideologies,27619138,https://en.wikipedia.org/?curid=27619138,wd:Q192886,1,0,0,"Corporatism is a political ideology and political system of interest representation and policymaking whereby corporate groups, such as agricultural, labour, military, business, scientific, or guild as"
correlations,Correlation,4,descriptive-statistics,157057,https://en.wikipedia.org/?curid=157057,wd:Q186290,1,7,0,"In statistics, correlation is a type of statistical relationship between two random variables or bivariate data. It usually refers to the extent to which a pair of quantities are linearly related. Mor"
corruption,Corruption,4,political-science,3608404,https://en.wikipedia.org/?curid=3608404,wd:Q366,1,13,0,Corruption is a form of dishonesty or a criminal offense that is undertaken by a person or an organization that is entrusted in a position of authority to acquire illicit benefits or abuse power for o
cosmetics,Cosmetics,4,process-engineering,158015,https://en.wikipedia.org/?curid=158015,wd:Q131207,1,75,0,"Cosmetics are substances that are intended for application to the body for cleansing, beautifying, promoting attractiveness, or altering appearance. They are mixtures of chemical compounds derived fro"
counseling-psychology,Counseling psychology,4,applied-psychology,505326,https://en.wikipedia.org/?curid=505326,wd:Q12166572,1,0,0,"Counseling or Counselling psychology is an international discipline. It is practiced in the United States and Canada, the United Kingdom and Ireland, Australia and New Zealand, Hong Kong and Korea, an"
count-data,Count data,4,descriptive-statistics,15690807,https://en.wikipedia.org/?curid=15690807,wd:Q5176731,1,0,0,"In statistics, count data is a statistical data type describing countable quantities, data which can take only the counting numbers, non-negative integer values {0, 1, 2, 3, ...}, and where these inte"
creationism,Creationism,4,belief-systems,5326,https://en.wikipedia.org/?curid=5326,wd:Q130352,1,15,0,"Creationism is the religious belief that nature, and aspects such as the universe, Earth, life, and humans, originated with supernatural acts of divine creation, and is often pseudoscientific. In its "
creativity,Creativity,4,aesthetics,142910,https://en.wikipedia.org/?curid=142910,wd:Q170658,1,0,0,Creativity is the ability to generate novel and valuable ideas or works through the exercise of imagination. The products of creativity may be classified as either intangible or physical. Intangible p
criminal-investigation,Criminal investigation,4,law-enforcement,5236980,https://en.wikipedia.org/?curid=5236980,wd:Q1964968,1,0,0,"Criminal investigation is an applied science that involves the study of facts that are then used to inform criminal trials. A complete criminal investigation can include searching, interviews, interro"
criminal-law,Criminal law,4,branches-of-law,21351321,https://en.wikipedia.org/?curid=21351321,wd:Q146491,1,41,0,"Criminal law is the body of law that relates to crime. It proscribes conduct perceived as threatening, harmful, or otherwise endangering to the property, health, safety, and welfare of people, includi"
criminal-procedure,Criminal procedure,4,law-enforcement,37297,https://en.wikipedia.org/?curid=37297,wd:Q146071,1,0,0,"Criminal procedure is the adjudication process of the criminal law. While criminal procedure differs dramatically by jurisdiction, the process generally begins with a formal criminal charge with the p"
crisis-management,Crisis management,4,business-administration,348268,https://en.wikipedia.org/?curid=348268,wd:Q1141276,1,0,0,Crisis management is the process by which an organization deals with a disruptive and unexpected event that threatens to harm the organization or its stakeholders. The study of crisis management origi
critical-phenomena,Critical phenomena,4,thermodynamics,376800,https://en.wikipedia.org/?curid=376800,wd:Q900634,1,31,0,"In physics, critical phenomena is the collective name associated with the
physics of critical points. Most of them stem from the divergence of the 
correlation length, but also the dynamics slows down"
critical-psychology,Critical psychology,4,applied-psychology,7801,https://en.wikipedia.org/?curid=7801,wd:Q1640336,1,0,0,"Critical psychology  is a perspective on psychology that draws extensively on critical theory. Critical psychology challenges the assumptions, theories and methods of mainstream psychology and attempt"
critical-systems-thinking,Critical systems thinking,4,systems-thinking,17740455,https://en.wikipedia.org/?curid=17740455,wd:Q5186773,1,1,0,"Critical systems thinking (CST) is a systems thinking approach designed to aid decision-makers, and other stakeholders, improve complex problem situations that cross departmental and, often, organizat"
critical-theory,Critical theory,4,sociological-theories,42736966,https://en.wikipedia.org/?curid=42736966,wd:Q301751,1,46,0,"Critical theory is a social, historical, and political school of thought and philosophical perspective which centers on analyzing and challenging systemic power relations in society, arguing that know"
critical-thinking,Critical thinking,4,pedagogy,276872,https://en.wikipedia.org/?curid=276872,wd:Q843894,1,0,0,"Critical thinking is the process of analyzing available facts, evidence, observations, and arguments to reach sound conclusions or informed choices. It involves recognizing underlying assumptions, pro"
cross-cultural-psychology,Cross-cultural psychology,4,basic-psychology,11507939,https://en.wikipedia.org/?curid=11507939,wd:Q2084504,1,0,0,"Cross-cultural psychology is the scientific study of human behavior and mental processes, including both their variability and invariance, under diverse cultural conditions. Through expanding research"
cross-validation,Cross-validation (statistics),4,data-analysis,416612,https://en.wikipedia.org/?curid=416612,wd:Q541014,1,26,0,"Cross-validation, sometimes called rotation estimation or out-of-sample testing, is any of various similar model validation techniques for assessing how the results of a statistical analysis will gene"
cryochemistry,Cryochemistry,4,physical-chemistry,8769764,https://en.wikipedia.org/?curid=8769764,wd:Q4118971,1,0,0,"Cryochemistry is the study of chemical interactions at temperatures below −150 °C (−238 °F; 123 K). It is derived from the Greek word cryos, meaning 'cold'. It overlaps with many other sciences, inclu"
cryogenics,Cryogenics,4,materials-science,7176,https://en.wikipedia.org/?curid=7176,wd:Q192116,1,13,0,"In physics, cryogenics is the production and behaviour of materials at very low temperatures.
The 13th International Institute of Refrigeration's (IIR) International Congress of Refrigeration (held in"
cryptanalysis,Cryptanalysis,4,computer-security,5715,https://en.wikipedia.org/?curid=5715,wd:Q897511,1,33,0,Cryptanalysis (from Greek  kryptós 'hidden' and  analýein 'to analyze') refers to the process of analyzing information systems in order to understand hidden aspects of the systems. Cryptanalysis is us
cryptography,Cryptography,4,computer-security,18934432,https://en.wikipedia.org/?curid=18934432,wd:Q8789,1,9,0,"Cryptography, or cryptology, is the practice and study of techniques for secure communication in the presence of adversarial behavior. More generally, cryptography is about constructing and analyzing "
crystal-engineering,Crystal engineering,4,materials-science,5340351,https://en.wikipedia.org/?curid=5340351,wd:Q5191408,1,0,0,Crystal engineering studies the design and synthesis of solid-state structures with desired properties through deliberate control of intermolecular interactions.   It is an interdisciplinary academic 
crystallography,Crystallography,4,condensed-matter-physics,7794,https://en.wikipedia.org/?curid=7794,wd:Q160398,1,28,0,Crystallography is the branch of science devoted to the study of molecular and crystalline structure and properties. The word crystallography is derived from the Ancient Greek word κρύσταλλος (krústal
entities-in-cultural-anthropology,Cultural anthropology,4,cultural-anthropology,5388,https://en.wikipedia.org/?curid=5388,wd:Q28598,1,1,0,"Cultural anthropology is a branch of anthropology focused on the study of cultural variation among humans. It is in contrast to social anthropology, which perceives cultural variation as a subset of a"
topics-in-cultural-anthropology,Cultural anthropology,4,cultural-anthropology,5388,https://en.wikipedia.org/?curid=5388,wd:Q28598,1,26,0,"Cultural anthropology is a branch of anthropology focused on the study of cultural variation among humans. It is in contrast to social anthropology, which perceives cultural variation as a subset of a"
cultural-economics,Cultural economics,4,mesoeconomics,11359053,https://en.wikipedia.org/?curid=11359053,wd:Q1041282,1,0,0,"Cultural economics is the branch of economics that studies the relation of culture to economic outcomes. Here, 'culture' is defined by shared beliefs and preferences of respective groups. Programmatic"
cultural-geography,Cultural geography,4,human-geography,2678329,https://en.wikipedia.org/?curid=2678329,wd:Q168891,1,0,0,Cultural geography is a subfield within human geography. Though the first traces of the study of different nations and cultures on Earth can be dated back to ancient geographers such as Ptolemy or Str
cultural-history,Cultural history,4,fields-of-history,424789,https://en.wikipedia.org/?curid=424789,wd:Q858517,1,0,0,"Cultural history records and interprets events in human history with respect to the contemporaneous social, cultural and political milieu, arts, and manners. Jacob Burckhardt (1818–1897) helped found "
cultural-psychology,Cultural psychology,4,basic-psychology,2700105,https://en.wikipedia.org/?curid=2700105,wd:Q1378247,1,0,0,"Cultural psychology is the study of how cultures reflect and shape their members' psychological processes.
It is based on the premise that mind and culture are inseparable and mutually constitutive. T"
culture,Culture,4,applied-sociology,19159508,https://en.wikipedia.org/?curid=19159508,wd:Q11042,1,22,0,"Culture ( KUL-chər or  KUUL-chər) is a concept that encompasses the social behavior, institutions, and norms found in human societies, as well as the knowledge, beliefs, arts, laws, customs, capabilit"
customer-relationship-management,Customer relationship management,4,business-administration,6968,https://en.wikipedia.org/?curid=6968,wd:Q485643,1,19,0,"Customer relationship management (CRM) is a strategic process that organizations use to manage, analyze, and improve their interactions with customers. By using data-driven insights, CRM often involve"
cybernetics,Cybernetics,4,systems-theory,20786042,https://en.wikipedia.org/?curid=20786042,wd:Q123637,1,1,0,"Cybernetics is the transdisciplinary study of circular causal processes such as feedback and recursion, where the effects of a system's actions (its outputs) return as inputs to that system, influenci"
cytoskeleton,Cytoskeleton,4,cell-biology,156970,https://en.wikipedia.org/?curid=156970,wd:Q154626,1,23,0,"The cytoskeleton is a complex, dynamic network of interlinking protein filaments present in the cytoplasm of all cells, including those of bacteria and archaea. In eukaryotes, it extends from the cell"
dna,DNA,4,molecular-biology,7955,https://en.wikipedia.org/?curid=7955,wd:Q7430,1,39,0,"Deoxyribonucleic acid (; DNA) is a polymer composed of two polynucleotide chains that coil around each other to form a double helix. The polymer carries genetic instructions for the development, funct"
dairy-farming,Dairy farming,4,animal-husbandry,449934,https://en.wikipedia.org/?curid=449934,wd:Q14096331,1,0,0,"Dairy farming is a class of agriculture for the long-term production of milk, which is processed (either on the farm or at a dairy plant, either of which may be called a dairy) for the eventual sale o"
dance,Dance,4,performing-arts,7885,https://en.wikipedia.org/?curid=7885,wd:Q11639,1,12,0,"Dance is an art form, consisting of sequences of body movements with aesthetic and often symbolic value, either improvised or purposefully selected. Dance can be categorized and described by its chore"
data,Data (computer science),4,databases,2234333,https://en.wikipedia.org/?curid=2234333,wd:Q494756,0,0,0,
entities-in-data-analysis,Data analysis,4,data-analysis,2720954,https://en.wikipedia.org/?curid=2720954,wd:Q1988917,1,0,0,"Data analysis is the process of inspecting, cleansing, transforming, and modeling data with the goal of discovering useful information, informing conclusions, and supporting decision-making. Data anal"
topics-in-data-analysis,Data analysis,4,data-analysis,2720954,https://en.wikipedia.org/?curid=2720954,wd:Q1988917,1,1,0,"Data analysis is the process of inspecting, cleansing, transforming, and modeling data with the goal of discovering useful information, informing conclusions, and supporting decision-making. Data anal"
entities-in-data-collection,Data collection,4,data-collection,11501746,https://en.wikipedia.org/?curid=11501746,wd:Q4929239,1,0,0,"Data collection or data gathering is the process of gathering and measuring information on targeted variables in an established system, which then enables one to answer relevant questions and evaluate"
topics-in-data-collection,Data collection,4,data-collection,11501746,https://en.wikipedia.org/?curid=11501746,wd:Q4929239,1,0,0,"Data collection or data gathering is the process of gathering and measuring information on targeted variables in an established system, which then enables one to answer relevant questions and evaluate"
data-transmission,Data communication,4,computer-networks,42168,https://en.wikipedia.org/?curid=42168,wd:Q389772,1,67,0,Data communication is the transfer of data over a point-to-point or point-to-multipoint communication channel. Data communication comprises data transmission and data reception and can be classified a
data-compression,Data compression,4,signal-processing,8013,https://en.wikipedia.org/?curid=8013,wd:Q2493,1,60,0,"In information theory, data compression, source coding, or bit-rate reduction is the process of encoding information using fewer bits than the original representation. Any particular compression is ei"
data-exchange,Data exchange,4,computer-networks,10231058,https://en.wikipedia.org/?curid=10231058,wd:Q1172338,1,16,0,Data exchange is the process of moving data from one information system to another. It often involves transforming data that is native to the source system into a form that is consumable by the target
data-management,Data management,4,business-administration,759312,https://en.wikipedia.org/?curid=759312,wd:Q1149776,1,29,0,"Data management comprises all disciplines related to handling data as a valuable resource, it is  the practice of managing an organization's data so it can be analyzed for decision making."
entities-in-data-science,Data science,4,data-science,35458904,https://en.wikipedia.org/?curid=35458904,wd:Q2374463,0,0,0,
topics-in-data-science,Data science,4,data-science,35458904,https://en.wikipedia.org/?curid=35458904,wd:Q2374463,0,21,0,
data-structures,Data structure,4,algorithms-and-data-structures,8519,https://en.wikipedia.org/?curid=8519,wd:Q175263,1,36,0,"In computer science, a data structure is a data organization and storage format that is usually chosen for efficient access to data. More precisely, a data structure is a collection of data values, th"
data-warehouses,Data warehouse,4,databases,7990,https://en.wikipedia.org/?curid=7990,wd:Q193351,1,11,0,"In computing, a data warehouse (DW or DWH), also known as an enterprise data warehouse (EDW), is a system used for reporting and data analysis and is a core component of business intelligence. Data wa"
entities-in-databases,Database,4,databases,8377,https://en.wikipedia.org/?curid=8377,wd:Q8513,1,1,0,"In computing, a database is an organized collection of data or a type of data store based on the use of a database management system (DBMS), the software that interacts with end users, applications, a"
topics-in-databases,Database,4,databases,8377,https://en.wikipedia.org/?curid=8377,wd:Q8513,1,6,0,"In computing, a database is an organized collection of data or a type of data store based on the use of a database management system (DBMS), the software that interacts with end users, applications, a"
debugging,Debugging,4,software-development,24998792,https://en.wikipedia.org/?curid=24998792,wd:Q845566,1,8,0,"In engineering, debugging is the process of finding the root cause, workarounds, and possible fixes for bugs.
For software, debugging tactics can involve interactive debugging, control flow analysis, "
decarbonylation,Decarbonylation,4,chemical-reactions,28123482,https://en.wikipedia.org/?curid=28123482,wd:Q15197274,1,0,0,"In chemistry, decarbonylation is a type of organic reaction that involves the loss of carbon monoxide (CO).  It is often an undesirable reaction, since it represents a degradation.  In the chemistry o"
decision-theory,Decision theory,4,statistical-inference,446216,https://en.wikipedia.org/?curid=446216,wd:Q177571,1,49,0,"Decision theory or the theory of rational choice is a branch of probability, economics, and analytic philosophy that uses expected utility and probability to model how individuals would behave rationa"
decision-tree-learning,Decision tree learning,4,machine-learning,577003,https://en.wikipedia.org/?curid=577003,wd:Q16766476,1,23,0,"Decision tree learning is a supervised learning approach used in statistics, data mining and machine learning. In this formalism, a classification or regression decision tree is used as a predictive m"
definitions-of-philosophy,Definitions of philosophy,4,metaphilosophy,70061189,https://en.wikipedia.org/?curid=70061189,wd:Q111165739,1,0,0,Definitions of philosophy aim at determining what all forms of philosophy have in common and how to distinguish philosophy from other disciplines. Many different definitions have been proposed but the
deformation-of-materials,Deformation (engineering),4,materials-science,237876,https://en.wikipedia.org/?curid=237876,wd:Q2672013,1,89,0,"In engineering, deformation (the change in size or shape of an object) may be elastic or plastic.
If the deformation is negligible, the object is said to be rigid."
democracy,Democracy,4,political-ideologies,7959,https://en.wikipedia.org/?curid=7959,wd:Q7174,1,118,0,"Democracy is a form of government in which political power is vested in the people or the population of a state. Under a minimalist definition of democracy, rulers are elected through competitive elec"
demographic-economics,Demographic economics,4,macroeconomics,20226904,https://en.wikipedia.org/?curid=20226904,wd:Q3044431,1,0,0,"Demographic economics or population economics is the application of economic analysis to demography, the study of human populations, including size, growth, density, distribution, and vital statistics"
demography,Demography,4,applied-sociology,45642,https://en.wikipedia.org/?curid=45642,wd:Q37732,1,29,0,"Demography (from Ancient Greek  δῆμος (dêmos) 'people, society' and  -γραφία (-graphía) 'writing, drawing, description') is the statistical study of human populations: their size, composition (e.g., e"
dendrochronology,Dendrochronology,4,chronobiology,37800,https://en.wikipedia.org/?curid=37800,wd:Q80205,1,0,0,"Dendrochronology  (or tree-ring dating) is the scientific method of dating tree rings (also called growth rings) to the exact year they were formed in a tree. As well as dating them, this can give dat"
density-estimation,Density estimation,4,data-analysis,554671,https://en.wikipedia.org/?curid=554671,wd:Q17088227,1,0,0,"In statistics, probability density estimation or simply density estimation is the construction of an estimate, based on observed data, of an unobservable underlying probability density function.  The "
entities-in-dentistry,Dentistry,4,dentistry,8005,https://en.wikipedia.org/?curid=8005,wd:Q12128,1,6,0,"Dentistry, also known as dental medicine and oral medicine, is the branch of medicine focused on the teeth, gums, and mouth. It consists of the study, diagnosis, prevention, management, and treatment "
topics-in-dentistry,Dentistry,4,dentistry,8005,https://en.wikipedia.org/?curid=8005,wd:Q12128,1,48,0,"Dentistry, also known as dental medicine and oral medicine, is the branch of medicine focused on the teeth, gums, and mouth. It consists of the study, diagnosis, prevention, management, and treatment "
dependable-systems,Dependability,4,computer-architecture,661384,https://en.wikipedia.org/?curid=661384,wd:Q2689057,1,0,0,"In systems engineering, dependability is a measure of a system's availability, reliability, maintainability, and in some cases, other characteristics such as durability, safety and security.  In real-"
entities-in-dermatology,Dermatology,4,dermatology,74553,https://en.wikipedia.org/?curid=74553,wd:Q171171,0,1,0,
topics-in-dermatology,Dermatology,4,dermatology,74553,https://en.wikipedia.org/?curid=74553,wd:Q171171,0,71,0,
description-logic,Description logic,4,non-classical-logic,183503,https://en.wikipedia.org/?curid=183503,wd:Q387196,1,0,0,Description logics (DL) are a family of formal knowledge representation languages. Many DLs are more expressive than propositional logic but less expressive than first-order logic. In contrast to the 
entities-in-descriptive-statistics,Descriptive statistics,4,descriptive-statistics,8187,https://en.wikipedia.org/?curid=8187,wd:Q380344,1,0,0,"A descriptive statistic (in the count noun sense) is a summary statistic that quantitatively describes or summarizes features from a collection of information, while descriptive statistics (in the mas"
topics-in-descriptive-statistics,Descriptive statistics,4,descriptive-statistics,8187,https://en.wikipedia.org/?curid=8187,wd:Q380344,1,0,0,"A descriptive statistic (in the count noun sense) is a summary statistic that quantitatively describes or summarizes features from a collection of information, while descriptive statistics (in the mas"
desertification,Desertification,4,conservation-biology,8104,https://en.wikipedia.org/?curid=8104,wd:Q183481,1,11,0,"Desertification is a type of gradual land degradation of fertile land into arid desert due to a combination of natural processes and human activities.
The immediate cause of desertification is the los"
design-management,Design management,4,business-administration,3555307,https://en.wikipedia.org/?curid=3555307,wd:Q1064289,1,1,0,"Design management is a field of inquiry that uses design, strategy, project management and supply chain techniques to control a creative process, support a culture of creativity, and build a structure"
design-of-experiments,Design of experiments,4,data-collection,9541,https://en.wikipedia.org/?curid=9541,wd:Q2334061,1,21,0,"The design of experiments (DOE), also known as experiment design or experimental design, is the design of any task that aims to describe and explain the variation of information under conditions that "
detection-theory,Detection theory,4,information-theory,1156527,https://en.wikipedia.org/?curid=1156527,wd:Q120811,1,1,0,"Detection theory or signal detection theory is a means to measure the ability to differentiate between information-bearing patterns (called stimulus in living organisms, signal in machines) and random"
determinism,Determinism,4,metaphysics,47922,https://en.wikipedia.org/?curid=47922,wd:Q131133,1,10,0,Determinism is the metaphysical view that all events within the universe (or multiverse) can occur only in one possible way. Deterministic theories throughout the history of philosophy have developed 
development-economics,Development economics,4,macroeconomics,210183,https://en.wikipedia.org/?curid=210183,wd:Q1127188,1,46,0,Development economics is a branch of economics that deals with economic aspects of the development process in low- and middle- income countries. Its focus is not only on methods of promoting economic 
development-geography,Development geography,4,human-geography,2149045,https://en.wikipedia.org/?curid=2149045,wd:Q1503175,1,0,0,"Development geography is a branch of geography which refers to the standard of living and its quality of life of its human inhabitants. In this context, development is a process of change that affects"
developmental-neuroscience,Development of the nervous system,4,neuroscience,189701,https://en.wikipedia.org/?curid=189701,wd:Q1345738,1,102,0,"The construction of the nervous system is one of the most complex processes in embryology. Development of the nervous system, or neural development (neurodevelopment), refers to the processes that gen"
development-studies,Development studies,4,political-science,1105116,https://en.wikipedia.org/?curid=1105116,wd:Q651571,1,0,0,Development studies is an interdisciplinary branch of social science. Development studies is offered as a specialized master's degree at some reputable universities worldwide. It has grown in populari
entities-in-developmental-biology,Developmental biology,4,developmental-biology,8449,https://en.wikipedia.org/?curid=8449,wd:Q213713,1,0,0,Developmental biology is the scientific study of the processes by which animals and plants grow and develop. The field of developmental biology is further defined by its study of phenomena such as reg
topics-in-developmental-biology,Developmental biology,4,developmental-biology,8449,https://en.wikipedia.org/?curid=8449,wd:Q213713,1,7,0,Developmental biology is the scientific study of the processes by which animals and plants grow and develop. The field of developmental biology is further defined by its study of phenomena such as reg
developmental-psychology,Developmental psychology,4,basic-psychology,9014,https://en.wikipedia.org/?curid=9014,wd:Q175002,1,120,0,"Developmental psychology is the scientific study of how and why the human mind grows, changes, and adapts over the course of a human lifetime. Originally concerned with infants and children, the field"
deviant-logic,Deviant logic,4,non-classical-logic,4135768,https://en.wikipedia.org/?curid=4135768,wd:Q5266983,1,0,0,"Deviant logic is a type of logic incompatible with classical logic. Philosopher Susan Haack uses the term deviant logic to describe certain non-classical systems of logic. In these logics:

the set of"
differential-algebra,Differential algebra,4,algebra,1816587,https://en.wikipedia.org/?curid=1816587,wd:Q2997772,1,0,0,"In mathematics, differential algebra is, broadly speaking, the area of mathematics consisting in the study of differential equations and differential operators as algebraic objects in view of deriving"
differential-anaysis,Differential equation,4,analysis,1424309,https://en.wikipedia.org/?curid=1424309,wd:Q11214,1,82,0,"In mathematics, a differential equation is an equation that relates one or more unknown functions and their derivatives. In applications, the functions generally represent physical quantities, the der"
differential-geometry,Differential geometry,4,geometry,8625,https://en.wikipedia.org/?curid=8625,wd:Q188444,1,122,0,"Differential geometry is a mathematical discipline that studies the geometry of smooth shapes and smooth spaces, otherwise known as smooth manifolds. It uses the techniques of vector calculus, linear "
differential-psychology,Differential psychology,4,basic-psychology,15447,https://en.wikipedia.org/?curid=15447,wd:Q1224394,1,0,0,Differential psychology studies the ways in which individuals differ in their behavior and the processes that underlie it. It is a discipline that develops classifications (taxonomies) of psychologica
differential-topology,Differential topology,4,topology,8562,https://en.wikipedia.org/?curid=8562,wd:Q1224402,1,0,0,"In mathematics, differential topology is the field dealing with the topological properties and smooth properties of smooth manifolds. In this sense differential topology is distinct from the closely r"
trigonometric-differentiation,Differentiation of trigonometric functions,4,trigonometry,13146531,https://en.wikipedia.org/?curid=13146531,wd:Q3296857,1,0,0,"The differentiation of trigonometric functions is the mathematical process of finding the derivative of a trigonometric function, or its rate of change with respect to a variable. For example, the der"
digital-electronics,Digital electronics,4,electronic-engineering,39068,https://en.wikipedia.org/?curid=39068,wd:Q173156,1,50,0,Digital electronics is a field of electronics involving the study of digital signals and the engineering of devices that use or produce them. It deals with the relationship between binary inputs and o
digital-image-processing,Digital image processing,4,signal-processing,97922,https://en.wikipedia.org/?curid=97922,wd:Q1070689,1,68,0,"Digital image processing is the use of a digital computer to process digital images through an algorithm. As a subcategory or field of digital signal processing, digital image processing has many adva"
digital-media,Digital media,4,mass-communication,53723,https://en.wikipedia.org/?curid=53723,wd:Q1076968,1,20,0,"In mass communication, digital media is any communication media that operates in conjunction with various encoded machine-readable data formats. Digital content can be created, viewed, distributed, mo"
digital-signal-processing,Digital signal processing,4,signal-processing,8525,https://en.wikipedia.org/?curid=8525,wd:Q173142,1,0,0,"Digital signal processing (DSP) is the use of digital processing, such as by computers or more specialized digital signal processors, to perform a wide variety of signal processing operations.  The di"
dimensionality-reduction,Dimensionality reduction,4,data-science,579867,https://en.wikipedia.org/?curid=579867,wd:Q16000077,1,28,0,"Dimensionality reduction, or dimension reduction, is the transformation of data from a high-dimensional space into a low-dimensional space so that the low-dimensional representation retains some meani"
direct-instruction,Direct instruction,4,pedagogy,10518721,https://en.wikipedia.org/?curid=10518721,wd:Q5280349,1,0,0,"Direct instruction (DI) is the explicit teaching of a skill set using lectures or demonstrations of the material to students. A particular subset, denoted by capitalization as Direct Instruction, refe"
entities-in-directional-statistics,Directional statistics,4,directional-statistics,1444970,https://en.wikipedia.org/?curid=1444970,wd:Q3497519,1,0,0,"Directional statistics (also circular statistics or spherical statistics) is the subdiscipline of statistics that deals with directions (unit vectors in Euclidean space, Rn), axes (lines through the o"
topics-in-directional-statistics,Directional statistics,4,directional-statistics,1444970,https://en.wikipedia.org/?curid=1444970,wd:Q3497519,1,0,0,"Directional statistics (also circular statistics or spherical statistics) is the subdiscipline of statistics that deals with directions (unit vectors in Euclidean space, Rn), axes (lines through the o"
discrete-calculus,Discrete calculus,4,discrete-mathematics,61660335,https://en.wikipedia.org/?curid=61660335,wd:Q20968946,1,0,0,"Discrete calculus or the calculus of discrete functions, is the mathematical study of incremental change, in the same way that geometry is the study of shape and algebra is the study of generalization"
discrete-differential-geometry,Discrete differential geometry,4,discrete-mathematics,17700015,https://en.wikipedia.org/?curid=17700015,wd:Q958922,1,0,0,"Discrete differential geometry is the study of discrete counterparts of notions in differential geometry. Instead of smooth curves and surfaces, there are polygons, meshes, and simplicial complexes. I"
discrete-geometry,Discrete geometry,4,discrete-mathematics,386468,https://en.wikipedia.org/?curid=386468,wd:Q906377,1,10,0,Discrete geometry and combinatorial geometry are branches of geometry that study combinatorial properties and constructive methods of discrete geometric objects.  Most questions in discrete geometry i
entities-in-discrete-mathematics,Discrete mathematics,4,discrete-mathematics,8492,https://en.wikipedia.org/?curid=8492,wd:Q121416,1,0,0,"Discrete mathematics is the study of mathematical structures that can be considered ""discrete"" (in a way analogous to discrete variables, having a one-to-one correspondence (bijection) with natural nu"
topics-in-discrete-mathematics,Discrete mathematics,4,discrete-mathematics,8492,https://en.wikipedia.org/?curid=8492,wd:Q121416,1,0,0,"Discrete mathematics is the study of mathematical structures that can be considered ""discrete"" (in a way analogous to discrete variables, having a one-to-one correspondence (bijection) with natural nu"
discrete-optimization,Discrete optimization,4,mathematical-optimization,420567,https://en.wikipedia.org/?curid=420567,wd:Q1493786,1,0,0,"Discrete optimization is a branch of optimization in applied mathematics and computer science. As opposed to continuous optimization, some or all of the variables used in a discrete optimization probl"
distributed-computing,Distributed computing,4,high-performance-computing,8501,https://en.wikipedia.org/?curid=8501,wd:Q180634,1,72,0,"Distributed computing is a field of computer science that studies distributed systems, defined as computer systems whose inter-communicating components are located on different networked computers. 
T"
distributed-databases,Distributed database,4,databases,41054,https://en.wikipedia.org/?curid=41054,wd:Q989016,1,0,0,A distributed database is a database in which data is stored across different physical locations. It may be stored in multiple computers located in the same physical location (e.g. a data centre); or 
product-distribution,Distribution (marketing),4,marketing,239863,https://en.wikipedia.org/?curid=239863,wd:Q867147,1,0,0,"Distribution is the process of making a product or service available for the consumer or business user who needs it, and a distributor is a business involved in the distribution stage of the value cha"
distribution-theory,Distribution (mathematics),4,analysis,51955,https://en.wikipedia.org/?curid=51955,wd:Q865811,1,44,0,Distributions (or generalized functions) are objects that generalize the classical notion of functions in mathematical analysis.  Distributions make it possible to differentiate functions whose deriva
rational-trigonometry,Divine Proportions: Rational Trigonometry to Universal Geometry,4,trigonometry,2696396,https://en.wikipedia.org/?curid=2696396,wd:Q1960635,1,0,0,"Divine Proportions: Rational Trigonometry to Universal Geometry is a 2005 book by the mathematician Norman J. Wildberger on a proposed alternative approach to Euclidean geometry and trigonometry, call"
document-oriented_databases,Document-oriented database,4,databases,15002414,https://en.wikipedia.org/?curid=15002414,wd:Q1235236,1,1,0,"A document-oriented database, or document store, is a computer program and data storage system designed for storing, retrieving, and managing document-oriented information, also known as semi-structur"
drama,Drama,4,literary-genres,20913753,https://en.wikipedia.org/?curid=20913753,wd:Q25372,1,3,0,"Drama is the specific mode of fiction represented in performance: a play, opera, mime, ballet, etc., performed in a theatre, or on radio or television. Considered as a genre of poetry in general, the "
drawing,Drawing,4,visual-arts,8544,https://en.wikipedia.org/?curid=8544,wd:Q93184,1,9,0,"Drawing is a visual art that uses an instrument to mark paper or another two-dimensional surface, or a digital representation of such. Traditionally, the instruments used to create a drawing include p"
drilling-engineering,Drilling engineering,4,petroleum-engineering,6710843,https://en.wikipedia.org/?curid=6710843,wd:Q5307646,1,0,0,"Drilling engineering is a subset of petroleum engineering.
Drilling engineers design and implement procedures to drill wells as safely and economically as possible. They work closely with the drilling"
drug-development,Drug development,4,pharmacology,3218783,https://en.wikipedia.org/?curid=3218783,wd:Q2198549,1,1,0,Drug development is the process of bringing a new pharmaceutical drug to the market once a lead compound has been identified through the process of drug discovery. It includes preclinical research on 
drug-discovery,Drug discovery,4,pharmacology,571274,https://en.wikipedia.org/?curid=571274,wd:Q1418791,1,54,0,"In the fields of medicine, biotechnology, and pharmacology, drug discovery is the process by which new candidate medications are discovered.
Historically, drugs were discovered by identifying the acti"
dynamic-semantics,Dynamic semantics,4,non-classical-logic,24202081,https://en.wikipedia.org/?curid=24202081,wd:Q104841357,1,5,0,"Dynamic semantics is a framework in logic and natural language semantics that treats the meaning of a sentence as its potential to update a context. In static semantics, knowing the meaning of a sente"
dynamics,Dynamics (mechanics),4,mechanics,226020,https://en.wikipedia.org/?curid=226020,wd:Q128030,1,3,0,"In classical mechanics, dynamics  is the study of forces and their effect on motion. It is in contrast to statics, which deals with forces on objects at rest. The fundamental principle of dynamics is "
early-middle-ages,Early Middle Ages,4,middle-ages,532476,https://en.wikipedia.org/?curid=532476,wd:Q202763,1,9,0,"The Early Middle Ages (or early medieval period), sometimes controversially referred to as the Dark Ages, is typically regarded by historians as lasting from the late 5th to the 10th century. They mar"
early-childhood-education,Early childhood education,4,educational-stages,429541,https://en.wikipedia.org/?curid=429541,wd:Q1472221,1,4,0,"Early childhood education (ECE), also known as nursery education, is a branch of education theory that relates to the teaching of children (formally and informally) from birth up to the age of eight. "
early-modern-period,Early modern period,4,modern-era,1291656,https://en.wikipedia.org/?curid=1291656,wd:Q5308718,1,67,0,"The early modern period (1500–1800) is a historical period, with divisions based primarily on the history of Europe and the broader concept of modernity. There is no exact date that marks the beginnin"
geomagnetics,Earth's magnetic field,4,geology,146983,https://en.wikipedia.org/?curid=146983,wd:Q6500960,1,4,0,"Earth's magnetic field, also known as the geomagnetic field, is the magnetic field that extends from Earth's interior out into space, where it interacts with the solar wind, a stream of       charged "
entities-in-earthquake-engineering,Earthquake engineering,4,earthquake-engineering,2111048,https://en.wikipedia.org/?curid=2111048,wd:Q909789,1,0,0,"Earthquake engineering is an interdisciplinary branch of engineering that designs and analyzes structures, such as buildings and bridges, with earthquakes in mind. Its overall goal is to make such str"
topics-in-earthquake-engineering,Earthquake engineering,4,earthquake-engineering,2111048,https://en.wikipedia.org/?curid=2111048,wd:Q909789,1,0,0,"Earthquake engineering is an interdisciplinary branch of engineering that designs and analyzes structures, such as buildings and bridges, with earthquakes in mind. Its overall goal is to make such str"
earthquake-resistant-structures,Earthquake-resistant structures,4,earthquake-engineering,18621290,https://en.wikipedia.org/?curid=18621290,wd:Q5327277,1,0,0,"Earthquake-resistant or aseismic structures are designed to protect buildings to some or greater extent from earthquakes. While no structure can be entirely impervious to earthquake damage, the goal o"
earthworks,Earthworks (engineering),4,geotechnical-engineering,1096021,https://en.wikipedia.org/?curid=1096021,wd:Q11880367,1,12,0,Earthworks are engineering works created through the processing of parts of the earth's surface involving quantities of soil or unformed rock.
east-asian-religions,East Asian religions,4,belief-systems,9473941,https://en.wikipedia.org/?curid=9473941,wd:Q5262635,1,24,0,"In the study of comparative religion, the East Asian religions, form a subset of the Eastern religions which originated in East Asia.

This group includes Chinese religion overall, which further inclu"
ecological-economics,Ecological economics,4,macroeconomics,177694,https://en.wikipedia.org/?curid=177694,wd:Q1049066,1,41,0,"Ecological economics, bioeconomics, ecolonomy, eco-economics, or ecol-econ is both a transdisciplinary and an interdisciplinary field of academic research addressing the interdependence and coevolutio"
entities-in-ecology,Ecology,4,ecology,9630,https://en.wikipedia.org/?curid=9630,wd:Q7150,1,3,0,Ecology (from Ancient Greek  οἶκος (oîkos) 'house' and  -λογία (-logía) 'study of') is the natural science of the relationships among living organisms and their environment. Ecology considers organism
topics-in-ecology,Ecology,4,ecology,9630,https://en.wikipedia.org/?curid=9630,wd:Q7150,1,5,0,Ecology (from Ancient Greek  οἶκος (oîkos) 'house' and  -λογία (-logía) 'study of') is the natural science of the relationships among living organisms and their environment. Ecology considers organism
econometrics,Econometrics,4,applied-economics,10390,https://en.wikipedia.org/?curid=10390,wd:Q160039,1,2,0,"Econometrics is an application of statistical methods to economic data in order to give empirical content to economic relationships. More precisely, it is ""the quantitative analysis of actual economic"
economic-development,Economic development,4,macroeconomics,148131,https://en.wikipedia.org/?curid=148131,wd:Q4530482,1,0,0,"In economics, economic development (or economic and social development) is the process by which the economic well-being and quality of life of a nation, region, local community, or an individual are i"
economic-geography,Economic geography,4,macroeconomics,177512,https://en.wikipedia.org/?curid=177512,wd:Q187097,1,3,0,"Economic geography is the subfield of human geography that studies economic activity and factors affecting it. It can also be considered a subfield or method in economics.
Economic geography takes a v"
economic-history,Economic history,4,macroeconomics,45633,https://en.wikipedia.org/?curid=45633,wd:Q47398,1,0,0,"Economic history is the study of history using methodological tools from economics or with a special attention to economic phenomena. Research is conducted using a combination of historical methods, s"
economic-indicators,Economic indicator,4,macroeconomics,72529,https://en.wikipedia.org/?curid=72529,wd:Q1167393,1,18,0,An economic indicator is a statistic about an economic activity. Economic indicators allow analysis of economic performance and predictions of future performance. One application of economic indicator
economic-sectors,Economic sector,4,macroeconomics,12255159,https://en.wikipedia.org/?curid=12255159,wd:Q3958441,1,11,0,"An economic sector is a part of an economy that includes similar economic activities and industries. One classical breakdown of economic activity distinguishes three sectors:

Primary: involves the re"
economic-sociology,Economic sociology,4,applied-sociology,819720,https://en.wikipedia.org/?curid=819720,wd:Q610859,1,1,0,"Economic sociology is the study of the social cause and effect of various economic phenomena. The field can be broadly divided into a classical period and a contemporary one, known as ""new economic so"
economic-systems,Economic system,4,microeconomics,692262,https://en.wikipedia.org/?curid=692262,wd:Q273005,1,178,0,"An economic system, or economic order, is a system of production, resource allocation and distribution of goods and services within an economy. It includes the combination of the various institutions,"
econophysics,Econophysics,4,heterodox-economics,664332,https://en.wikipedia.org/?curid=664332,wd:Q295430,1,0,0,"Econophysics is a transdisciplinary research field in heterodox economics. It applies theories and methods originally developed by physicists to problems in economics, usually those including uncertai"
ecosystems,Ecosystem,4,ecology,9632,https://en.wikipedia.org/?curid=9632,wd:Q37813,1,188,0,An ecosystem (or ecological system) is a system formed by organisms in interaction with their environment. The biotic and abiotic components are linked together through nutrient cycles and energy flow
ecosystem-ecology,Ecosystem ecology,4,ecology,1765418,https://en.wikipedia.org/?curid=1765418,wd:Q3402485,1,14,0,Ecosystem ecology is the integrated study of living (biotic) and non-living (abiotic) components of ecosystems and their interactions within an ecosystem framework. This science examines how ecosystem
education-economics,Education economics,4,microeconomics,19918654,https://en.wikipedia.org/?curid=19918654,wd:Q861689,1,0,0,"Education economics or the economics of education is the study of economic issues relating to education, including the demand for education, the financing and provision of education, and the comparati"
entities-in-educational-policy,Education policy,4,education-policy,1355251,https://en.wikipedia.org/?curid=1355251,wd:Q452348,1,0,0,"Education policy consists of the principles and policy decisions that influence the field of education, as well as the collection of laws and rules that govern the operation of education systems. Educ"
topics-in-educational-policy,Education policy,4,education-policy,1355251,https://en.wikipedia.org/?curid=1355251,wd:Q452348,0,1,0,
entities-in-educational-institutions,Educational institution,4,educational-institutions,2145242,https://en.wikipedia.org/?curid=2145242,wd:Q2385804,1,6,0,"An educational institution is a place where people of different ages gain an education, including preschools, childcare, primary-elementary schools, secondary-high schools, and universities.  They pro"
topics-in-educational-institutions,Educational institution,4,educational-institutions,2145242,https://en.wikipedia.org/?curid=2145242,wd:Q2385804,0,7,0,
educational-psychology,Educational psychology,4,applied-psychology,10332,https://en.wikipedia.org/?curid=10332,wd:Q59157,1,31,0,Educational psychology is the branch of psychology concerned with the scientific study of human learning. The study of learning processes from both cognitive and behavioral perspectives allows researc
educational-robotics,Educational robotics,4,educational-technology,37120802,https://en.wikipedia.org/?curid=37120802,wd:Q3437271,1,1,0,"Educational robotics teaches the design, analysis, application and operation of robots. Robots include articulated robots, mobile robots or autonomous vehicles. Educational robotics can be taught from"
entities-in-educational-stages,Educational stage,4,educational-stages,3333758,https://en.wikipedia.org/?curid=3333758,wd:Q18189,1,0,0,"Educational stages are subdivisions of formal learning, typically covering early childhood education, primary education, secondary education and tertiary education. The United Nations Educational, Sci"
topics-in-educational-stages,Educational stage,4,educational-stages,3333758,https://en.wikipedia.org/?curid=3333758,wd:Q18189,0,0,0,
entities-in-educational-technology,Educational technology,4,educational-technology,1944675,https://en.wikipedia.org/?curid=1944675,wd:Q1068473,0,1,0,
topics-in-educational-technology,Educational technology,4,educational-technology,1944675,https://en.wikipedia.org/?curid=1944675,wd:Q1068473,0,8,0,
electric-power-distribution,Electric power distribution,4,power-engineering,212253,https://en.wikipedia.org/?curid=212253,wd:Q844861,1,25,0,Electric power distribution is the final stage in the delivery of electricity. Electricity is carried from the transmission system to individual consumers. Distribution substations connect to the tran
electric-power-systems,Electric power system,4,power-engineering,14105333,https://en.wikipedia.org/?curid=14105333,wd:Q2388981,1,9,0,"An electric power system is a network of electrical components deployed to supply, transfer, and use electric power. An example of a power system is the electrical grid that provides power to homes an"
electric-power-transmission,Electric power transmission,4,power-engineering,38824,https://en.wikipedia.org/?curid=38824,wd:Q200928,1,96,0,"Electric power transmission is the bulk movement of electrical energy from a generating site, such as a power plant, to an electrical substation. A long conductor used to facilitate such movement is c"
electric-vehicles,Electric vehicle,4,automotive-engineering,279350,https://en.wikipedia.org/?curid=279350,wd:Q13629441,1,30,0,"An electric vehicle (EV) is a vehicle propelled mostly by electric power. EVs encompass  road (cars, buses, trucks and personal transporters), rail (trains, trams and monorails), boats and submersible"
electrical-networks,Electrical network,4,electromagnetism,9559,https://en.wikipedia.org/?curid=9559,wd:Q132629,1,117,0,"An electrical network is an interconnection of electrical components (e.g., batteries, resistors, inductors, capacitors, switches, transistors) or a model of such an interconnection, consisting of ele"
electricity-generation,Electricity generation,4,power-engineering,9540,https://en.wikipedia.org/?curid=9540,wd:Q383973,1,1,0,"Electricity generation is the process of generating electric power from sources of primary energy. For utilities in the electric power industry, it is the stage prior to its delivery (transmission, di"
electroanalytical-methods,Electroanalytical methods,4,analytical-chemistry,10989135,https://en.wikipedia.org/?curid=10989135,wd:Q1669557,1,0,0,Electroanalytical methods are a class of techniques in analytical chemistry which study an analyte by measuring the potential (volts) and/or current (amperes) in an electrochemical cell containing the
entities-in-electrochemical-engineering,Electrochemical engineering,4,electrochemical-engineering,30129507,https://en.wikipedia.org/?curid=30129507,wd:Q2474620,0,0,0,
topics-in-electrochemical-engineering,Electrochemical engineering,4,electrochemical-engineering,30129507,https://en.wikipedia.org/?curid=30129507,wd:Q2474620,0,0,0,
electrochemistry,Electrochemistry,4,physical-chemistry,9601,https://en.wikipedia.org/?curid=9601,wd:Q7877,1,139,0,Electrochemistry is the branch of physical chemistry concerned with the relationship between electrical potential difference and identifiable chemical change. These reactions involve electrons moving 
electromagnetic-radiation,Electromagnetic radiation,4,electromagnetism,9426,https://en.wikipedia.org/?curid=9426,wd:Q12969754,1,32,0,"In physics, electromagnetic radiation (EMR) or electromagnetic wave (EMW) is a self-propagating wave of the electromagnetic field that carries momentum and radiant energy through space. It encompasses"
electrodynamics,Electromagnetism,4,electromagnetism,9532,https://en.wikipedia.org/?curid=9532,wd:Q11406,1,41,0,"In physics, electromagnetism is an interaction that occurs between particles with electric charge via electromagnetic fields. The electromagnetic force is one of the four fundamental forces of nature."
entities-in-electromagnetism,Electromagnetism,4,electromagnetism,9532,https://en.wikipedia.org/?curid=9532,wd:Q11406,1,0,0,"In physics, electromagnetism is an interaction that occurs between particles with electric charge via electromagnetic fields. The electromagnetic force is one of the four fundamental forces of nature."
topics-in-electromagnetism,Electromagnetism,4,electromagnetism,9532,https://en.wikipedia.org/?curid=9532,wd:Q11406,1,36,0,"In physics, electromagnetism is an interaction that occurs between particles with electric charge via electromagnetic fields. The electromagnetic force is one of the four fundamental forces of nature."
entities-in-electromechanics,Electromechanics,4,electromechanics,31322120,https://en.wikipedia.org/?curid=31322120,wd:Q533188,0,0,0,
topics-in-electromechanics,Electromechanics,4,electromechanics,31322120,https://en.wikipedia.org/?curid=31322120,wd:Q533188,0,8,0,
electron-beam-technology,Electron-beam technology,4,manufacturing-engineering,758730,https://en.wikipedia.org/?curid=758730,wd:Q5358163,1,23,0,"Since the mid-20th century, electron-beam technology has provided the basis for a variety of novel and specialized applications in semiconductor manufacturing, microelectromechanical systems, nanoelec"
entities-in-electronic-engineering,Electronic engineering,4,electronic-engineering,28923910,https://en.wikipedia.org/?curid=28923910,wd:Q126095,0,0,0,
topics-in-electronic-engineering,Electronic engineering,4,electronic-engineering,28923910,https://en.wikipedia.org/?curid=28923910,wd:Q126095,0,0,0,
electronic-oscillators,Electronic oscillator,4,electronic-engineering,9920,https://en.wikipedia.org/?curid=9920,wd:Q249997,1,9,0,"An electronic oscillator is an electronic circuit that produces a periodic, oscillating or alternating current (AC) signal, usually a sine wave, square wave or a triangle wave, powered by a direct cur"
electrostatics,Electrostatics,4,electromagnetism,368328,https://en.wikipedia.org/?curid=368328,wd:Q26336,1,24,0,"Electrostatics is a branch of physics that studies slow-moving or stationary electric charges on macroscopic objects where quantum effects can be neglected. Under these circumstances, the electric fie"
elemental-analysis,Elemental analysis,4,analytical-chemistry,1367595,https://en.wikipedia.org/?curid=1367595,wd:Q2533665,1,0,0,"Elemental analysis is a process where a sample of some material (e.g., soil, waste or drinking water, bodily fluids, minerals, chemical compounds) is analyzed for its elemental and sometimes isotopic "
elementary-algebra,Elementary algebra,4,algebra,9710,https://en.wikipedia.org/?curid=9710,wd:Q211294,1,0,0,"Elementary algebra, also known as high school algebra or college algebra, encompasses the basic concepts of algebra. It is often contrasted with arithmetic: arithmetic deals with specified numbers, wh"
email,Email,4,computer-networks,9738,https://en.wikipedia.org/?curid=9738,wd:Q9158,1,20,0,Electronic mail (usually shortened to email; alternatively hyphenated e-mail) is a method of transmitting and receiving digital messages using electronic devices over a computer network. It was concei
embedded-systems,Embedded system,4,computer-architecture,46630,https://en.wikipedia.org/?curid=46630,wd:Q193040,1,59,0,"An embedded system is a specialized computer system—a combination of a computer processor, computer memory, and input/output peripheral devices—that has a dedicated function within a larger mechanical"
embryology,Embryology,4,developmental-biology,162717,https://en.wikipedia.org/?curid=162717,wd:Q131683,1,148,0,"Embryology (from Greek ἔμβρυον, embryon, 'the unborn, embryo'; and -λογία, -logia) is the branch of zoology that studies the prenatal development of gametes sex cells, fertilization and development of"
entities-in-emergency-medicine,Emergency medicine,4,emergency-medicine,52974,https://en.wikipedia.org/?curid=52974,wd:Q2861470,1,0,0,"Emergency medicine is the medical specialty concerned with the care of illnesses or injuries requiring immediate medical attention. Emergency physicians (or ""ER doctors"") specialize in providing care "
topics-in-emergency-medicine,Emergency medicine,4,emergency-medicine,52974,https://en.wikipedia.org/?curid=52974,wd:Q2861470,1,0,0,"Emergency medicine is the medical specialty concerned with the care of illnesses or injuries requiring immediate medical attention. Emergency physicians (or ""ER doctors"") specialize in providing care "
entities-in-endocrinology,Endocrinology,4,endocrinology,9311,https://en.wikipedia.org/?curid=9311,wd:Q162606,1,0,0,"Endocrinology (from endocrine + -ology) is a branch of biology and medicine dealing with the endocrine system, its diseases, and its specific secretions known as hormones. It is also concerned with th"
topics-in-endocrinology,Endocrinology,4,endocrinology,9311,https://en.wikipedia.org/?curid=9311,wd:Q162606,1,209,0,"Endocrinology (from endocrine + -ology) is a branch of biology and medicine dealing with the endocrine system, its diseases, and its specific secretions known as hormones. It is also concerned with th"
endodontics,Endodontics,4,dentistry,1028619,https://en.wikipedia.org/?curid=1028619,wd:Q852143,1,9,0,Endodontics (from Greek  endo- 'inside' and  odont- 'tooth') is the dental specialty concerned with the study and treatment of the dental pulp.
energy-development,Energy development,4,environmental-policy,533487,https://en.wikipedia.org/?curid=533487,wd:Q25584060,1,22,0,"Energy development is the field of activities focused on obtaining sources of energy from natural resources. These activities include the production of fossil fuel-derived, nuclear, and renewable sour"
energy-economics,Energy economics,4,macroeconomics,177696,https://en.wikipedia.org/?curid=177696,wd:Q473160,1,3,0,Energy economics is a broad scientific subject area which includes topics related to supply and use of energy in societies. Considering the cost of energy services and associated value gives economic 
energy-recovery,Energy recovery,4,energy-storage,6109551,https://en.wikipedia.org/?curid=6109551,wd:Q3588981,1,3,0,Energy recovery includes any technique or method of minimizing the input of energy to an overall system by the exchange of energy from one sub-system of the overall system with another. The energy can
entities-in-energy-storage,Energy storage,4,energy-storage,24130,https://en.wikipedia.org/?curid=24130,wd:Q837718,1,0,0,Energy storage is the capture of energy produced at one time for use at a later time to reduce imbalances between energy demand and energy production. A device that stores energy is generally called a
topics-in-energy-storage,Energy storage,4,energy-storage,24130,https://en.wikipedia.org/?curid=24130,wd:Q837718,1,36,0,Energy storage is the capture of energy produced at one time for use at a later time to reduce imbalances between energy demand and energy production. A device that stores energy is generally called a
entrepreneurial-economics,Entrepreneurial economics,4,microeconomics,3018376,https://en.wikipedia.org/?curid=3018376,wd:Q3610420,1,0,0,Entrepreneurial economics is the field of study that focuses on the study of entrepreneur and entrepreneurship within the economy. The accumulation of factors of production per se does not explain eco
environmental-chemistry,Environmental chemistry,4,environmental-engineering,656979,https://en.wikipedia.org/?curid=656979,wd:Q321355,1,4,0,"Environmental chemistry is the scientific study of the chemical and biochemical phenomena that occur in natural places. It should not be confused with green chemistry, which seeks to reduce potential "
environmental-economics,Environmental economics,4,macroeconomics,47763,https://en.wikipedia.org/?curid=47763,wd:Q753291,1,1,0,Environmental economics is a sub-field of economics concerned with environmental issues. It has become a widely studied subject due to growing environmental concerns in the twenty-first century. Envir
environmental-effects-of-mining,Environmental effects of mining,4,conservation-biology,23754906,https://en.wikipedia.org/?curid=23754906,wd:Q5381247,1,8,0,"Environmental impact of mining can occur at local, regional, and global scales through direct and indirect mining practices. Mining can cause erosion, sinkholes, loss of biodiversity, or the contamina"
environmental-effects-of-paper,Environmental effects of paper,4,conservation-biology,23020667,https://en.wikipedia.org/?curid=23020667,wd:Q5381249,1,18,0,The environmental impact of paper is significant. This has led to changes in industry and behaviour at both business and personal levels. With the use of modern technology such as the printing press a
entities-in-environmental-engineering,Environmental engineering,4,environmental-engineering,50702,https://en.wikipedia.org/?curid=50702,wd:Q146326,1,0,0,"Environmental engineering is a professional engineering discipline related to environmental science. It encompasses broad scientific topics like chemistry, biology, ecology, geology, hydraulics, hydro"
topics-in-environmental-engineering,Environmental engineering,4,environmental-engineering,50702,https://en.wikipedia.org/?curid=50702,wd:Q146326,1,1,0,"Environmental engineering is a professional engineering discipline related to environmental science. It encompasses broad scientific topics like chemistry, biology, ecology, geology, hydraulics, hydro"
environmental-governance,Environmental governance,4,environmental-policy,25271012,https://en.wikipedia.org/?curid=25271012,wd:Q3039637,1,7,0,"Environmental governance are the processes of decision-making involved in the control and management of the environment and natural resources. These processes includes government, business and civil s"
environmental-health,Environmental health,4,environmental-engineering,314696,https://en.wikipedia.org/?curid=314696,wd:Q932068,1,7,0,Environmental health is the branch of public health concerned with all aspects of the natural and built environment affecting human health. Its study determines the requirements for a healthy environm
entities-in-environmental-policy,Environmental policy,4,environmental-policy,3407706,https://en.wikipedia.org/?curid=3407706,wd:Q919526,1,0,0,"Environmental policy is the pledge by governments or organizations to adopt laws, regulations, and other policy tools aimed at addressing environmental issues. These typically involve air and water po"
topics-in-environmental-policy,Environmental policy,4,environmental-policy,3407706,https://en.wikipedia.org/?curid=3407706,wd:Q919526,1,72,0,"Environmental policy is the pledge by governments or organizations to adopt laws, regulations, and other policy tools aimed at addressing environmental issues. These typically involve air and water po"
environmental-psychology,Environmental psychology,4,applied-psychology,1639997,https://en.wikipedia.org/?curid=1639997,wd:Q618752,1,0,0,Environmental psychology is a branch of psychology that explores the relationship between humans and the external world. It examines the way in which the natural- and our built environments shape us a
environmental-remediation,Environmental remediation,4,environmental-policy,406260,https://en.wikipedia.org/?curid=406260,wd:Q2019586,1,11,0,"Environmental remediation is the cleanup of hazardous substances dealing with the removal, treatment and containment of pollution or contaminants from environmental media such as soil, groundwater, se"
environmental-sociology,Environmental sociology,4,applied-sociology,506422,https://en.wikipedia.org/?curid=506422,wd:Q2167019,1,68,0,Environmental sociology is the study of interactions between societies and their natural environment. The field emphasizes the social factors that influence environmental resource management and cause
entities-in-environmental-studies,Environmental studies,4,environmental-studies,1195462,https://en.wikipedia.org/?curid=1195462,wd:Q5381367,1,0,0,Environmental studies (EVS or EVST) is a multidisciplinary academic field which systematically studies human interaction with the environment. Environmental studies connects principles from the physic
topics-in-environmental-studies,Environmental studies,4,environmental-studies,1195462,https://en.wikipedia.org/?curid=1195462,wd:Q5381367,1,58,0,Environmental studies (EVS or EVST) is a multidisciplinary academic field which systematically studies human interaction with the environment. Environmental studies connects principles from the physic
environmentalism,Environmentalism,4,political-ideologies,1866009,https://en.wikipedia.org/?curid=1866009,wd:Q2855609,1,3,0,"Environmentalism is a broad philosophy, ideology, and social movement about supporting life, habitats, and surroundings. While environmentalism focuses on the environmental and nature-related aspects "
enzyme-kinetics,Enzyme kinetics,4,chemical-reactions,3043886,https://en.wikipedia.org/?curid=3043886,wd:Q883112,1,1,0,"Enzyme kinetics is the study of the rates of enzyme-catalysed chemical reactions. In enzyme kinetics, the reaction rate is measured and the effects of varying the conditions of the reaction are invest"
entities-in-epidemiology,Epidemiology,4,epidemiology,66997,https://en.wikipedia.org/?curid=66997,wd:Q133805,1,0,0,"Epidemiology is the study and analysis of the distribution (who, when, and where), patterns and determinants of health and disease conditions in a defined population, and application of this knowledge"
topics-in-epidemiology,Epidemiology,4,epidemiology,66997,https://en.wikipedia.org/?curid=66997,wd:Q133805,1,36,0,"Epidemiology is the study and analysis of the distribution (who, when, and where), patterns and determinants of health and disease conditions in a defined population, and application of this knowledge"
entities-in-epistemology,Epistemology,4,epistemology,9247,https://en.wikipedia.org/?curid=9247,wd:Q9471,1,1,0,"Epistemology is the branch of philosophy that examines the nature, origin, and limits of knowledge. Also called the theory of knowledge, it explores different types of knowledge, such as propositional"
topics-in-epistemology,Epistemology,4,epistemology,9247,https://en.wikipedia.org/?curid=9247,wd:Q9471,1,48,0,"Epistemology is the branch of philosophy that examines the nature, origin, and limits of knowledge. Also called the theory of knowledge, it explores different types of knowledge, such as propositional"
equations,Equation,4,algebra,9284,https://en.wikipedia.org/?curid=9284,wd:Q11345,1,52,0,"In mathematics, an equation is a mathematical formula that expresses the equality of two expressions, by connecting them with the equals sign =. The word equation and its cognates in other languages m"
equilibrium-chemistry,Equilibrium chemistry,4,physical-chemistry,26707415,https://en.wikipedia.org/?curid=26707415,wd:Q5384482,1,1,0,"Equilibrium chemistry is concerned with systems in chemical equilibrium. The unifying principle is that the free energy of a system at equilibrium is the minimum possible, so that the slope of the fre"
estimation-theory,Estimation theory,4,statistical-inference,1565926,https://en.wikipedia.org/?curid=1565926,wd:Q1376021,1,1,0,Estimation theory is a branch of statistics that deals with estimating the values of parameters based on measured empirical data that has a random component.  The parameters describe an underlying phy
entities-in-ethics,Ethics,4,ethics,9258,https://en.wikipedia.org/?curid=9258,wd:Q9465,1,0,0,"Ethics is the philosophical study of moral phenomena. Also called moral philosophy, it investigates normative questions about what people ought to do or which behavior is morally right. Its main branc"
topics-in-ethics,Ethics,4,ethics,9258,https://en.wikipedia.org/?curid=9258,wd:Q9465,1,111,0,"Ethics is the philosophical study of moral phenomena. Also called moral philosophy, it investigates normative questions about what people ought to do or which behavior is morally right. Its main branc"
ethnic-religions,Ethnic religion,4,belief-systems,344406,https://en.wikipedia.org/?curid=344406,wd:Q1189816,1,0,0,"In religious studies, an ethnic religion or ethnoreligion is a religion or belief associated with notions of heredity and a particular ethnicity. Ethnic religions are often distinguished from universa"
entities-in-ethnography,Ethnography,4,ethnography,152626,https://en.wikipedia.org/?curid=152626,wd:Q132151,1,0,0,Ethnography is a branch of anthropology and the systematic study of individual cultures. It explores cultural phenomena from the point of view of the subject of the study. Ethnography is also a type o
topics-in-ethnography,Ethnography,4,ethnography,152626,https://en.wikipedia.org/?curid=152626,wd:Q132151,1,34,0,Ethnography is a branch of anthropology and the systematic study of individual cultures. It explores cultural phenomena from the point of view of the subject of the study. Ethnography is also a type o
ethology,Ethology,4,zoology,9425,https://en.wikipedia.org/?curid=9425,wd:Q7155,1,15,0,Ethology is a branch of zoology that studies the behaviour of non-human animals. It has its scientific roots in the work of Charles Darwin and of American and German ornithologists of the late 19th an
etymology,Etymology,4,descriptive-linguistics,888207,https://en.wikipedia.org/?curid=888207,wd:Q35245,1,0,0,"Etymology ( ET-ih-MOL-ə-jee) is the study of the origin and evolution of words—including their constituent units of sound and meaning—across time. In the 21st century, as a subfield within linguistics"
euclidean-geometry,Euclidean geometry,4,geometry,9417,https://en.wikipedia.org/?curid=9417,wd:Q162886,1,206,0,"Euclidean geometry is a mathematical system attributed to Euclid, an ancient Greek mathematician, which he described in his textbook on geometry, Elements. Euclid's approach consists in assuming a sma"
event-stores,Event store,4,databases,47617027,https://en.wikipedia.org/?curid=47617027,wd:Q25099531,1,0,0,"An event store is a type of database optimized for storage of events.
Conceptually, an event store records only the events affecting an entity, dossier, or policy, and the state of the entity at any p"
entities-in-evolutionary-biology,Evolutionary biology,4,evolutionary-biology,418101,https://en.wikipedia.org/?curid=418101,wd:Q840400,1,0,0,"Evolutionary biology is a subfield of biology that analyzes the four mechanisms of evolution: natural selection, mutation, genetic drift, and gene flow. Natural selection was independently discovered "
topics-in-evolutionary-biology,Evolutionary biology,4,evolutionary-biology,418101,https://en.wikipedia.org/?curid=418101,wd:Q840400,1,1,0,"Evolutionary biology is a subfield of biology that analyzes the four mechanisms of evolution: natural selection, mutation, genetic drift, and gene flow. Natural selection was independently discovered "
evolutionary-developmental-biology,Evolutionary developmental biology,4,evolutionary-biology,57414,https://en.wikipedia.org/?curid=57414,wd:Q1044484,1,152,0,"Evolutionary developmental biology, informally known as evo-devo, is a field of biological research that compares the developmental processes of different organisms to infer how developmental processe"
evolutionary-economics,Evolutionary economics,4,applied-economics,162791,https://en.wikipedia.org/?curid=162791,wd:Q1382559,1,1,0,"Evolutionary economics is a school of economic thought that is inspired by evolutionary biology. Although not defined by a strict set of principles and uniting various approaches, it treats economic d"
evolutionary-origin-of-religions,Evolutionary origin of religion,4,religious-studies,19011806,https://en.wikipedia.org/?curid=19011806,wd:Q477774,1,0,0,"The evolutionary origin of religion and religious behavior is a field of study related to evolutionary psychology, the origin of language and mythology, and cross-cultural comparison of the anthropolo"
evolutionary-psychology,Evolutionary psychology,4,basic-psychology,9703,https://en.wikipedia.org/?curid=9703,wd:Q219695,1,14,0,Evolutionary psychology is a theoretical approach in psychology that examines cognition and behavior from a modern evolutionary perspective. It seeks to identify human psychological adaptations with r
evolutionary-psychology-of-religion,Evolutionary psychology of religion,4,religious-studies,14780759,https://en.wikipedia.org/?curid=14780759,wd:Q5418717,1,0,0,The evolutionary psychology of religion is the study of religious belief using evolutionary psychology principles. It is one approach to the psychology of religion. As with all other organs and organ 
exact-statistics,Exact statistics,4,statistical-inference,19510610,https://en.wikipedia.org/?curid=19510610,wd:Q5419224,1,0,0,"Exact statistics, such as that described in exact test, is a branch of statistics that was developed to provide more accurate results pertaining to statistical testing and interval estimation by elimi"
executive-branch,Executive (government),4,branches-of-government,10263,https://en.wikipedia.org/?curid=10263,wd:Q35798,1,0,0,"The executive is the part of the government that executes or enforces the law and policy of a government. It can be organised as a branch of government, as in liberal democracies, or as an organ of th"
exercise-physiology,Exercise physiology,4,physiology,395477,https://en.wikipedia.org/?curid=395477,wd:Q472094,1,46,0,"Exercise physiology is the physiology of physical exercise. It is one of the allied health professions, and involves the study of the acute responses and chronic adaptations to exercise. Exercise phys"
exoplanetology,Exoplanet orbital and physical parameters,4,planetary-science,15032003,https://en.wikipedia.org/?curid=15032003,wd:Q3809431,1,0,0,This page describes exoplanet orbital and physical parameters.
experiential-learning,Experiential learning,4,pedagogy,545590,https://en.wikipedia.org/?curid=545590,wd:Q1307600,1,6,0,"Experiential learning (ExL) is the process of learning through experience, and is more narrowly defined as ""learning through reflection on doing"". Hands-on learning can be a form of experiential learn"
experiment,Experiment,4,data-collection,59861,https://en.wikipedia.org/?curid=59861,wd:Q101965,1,65,0,"An experiment is a procedure carried out to support or refute a hypothesis, or determine the efficacy or likelihood of something previously untried.  Experiments provide insight into cause-and-effect "
research-experiments,Experiment,4,research-methods,59861,https://en.wikipedia.org/?curid=59861,wd:Q101965,1,4,0,"An experiment is a procedure carried out to support or refute a hypothesis, or determine the efficacy or likelihood of something previously untried.  Experiments provide insight into cause-and-effect "
experimental-economics,Experimental economics,4,applied-economics,548102,https://en.wikipedia.org/?curid=548102,wd:Q47627,1,3,0,"Experimental economics is the application of experimental methods to study economic questions. Data collected in experiments are used to estimate effect size, test the validity of economic theories, a"
entities-in-experimental-physics,Experimental physics,4,experimental-physics,685311,https://en.wikipedia.org/?curid=685311,wd:Q18366,1,0,0,Experimental physics is the category of disciplines and sub-disciplines in the field of physics that are concerned with the observation of physical phenomena and experiments. Methods vary from discipl
topics-in-experimental-physics,Experimental physics,4,experimental-physics,685311,https://en.wikipedia.org/?curid=685311,wd:Q18366,1,25,0,Experimental physics is the category of disciplines and sub-disciplines in the field of physics that are concerned with the observation of physical phenomena and experiments. Methods vary from discipl
experimental-psychology,Experimental psychology,4,basic-psychology,364299,https://en.wikipedia.org/?curid=364299,wd:Q475042,1,2,0,Experimental psychology is the work done by those who apply experimental methods to psychological study and the underlying processes. Experimental psychologists employ human participants and animal su
scientific-explanation,Explanation,4,philosophy-of-science,216186,https://en.wikipedia.org/?curid=216186,wd:Q7958,1,0,0,"An explanation is a set of statements usually constructed to describe a set of facts that clarifies the causes, context, and consequences of those facts. It may establish rules or laws, and clarifies "
evolutionary-genetics,Extended evolutionary synthesis,4,genetics,47971685,https://en.wikipedia.org/?curid=47971685,wd:Q15808610,1,0,0,The Extended Evolutionary Synthesis (EES) consists of a set of theoretical concepts argued to be more comprehensive than the earlier modern synthesis of evolutionary biology that took place between 19
exterior-algebra,Exterior algebra,4,algebra,221537,https://en.wikipedia.org/?curid=221537,wd:Q1196652,1,16,0,"In mathematics, the exterior algebra or Grassmann algebra of a vector space 
  
    
      
        V
      
    
    {\displaystyle V}
  
 is an associative algebra that contains 
  
    
      
    "
extragalactic-astronomy,Extragalactic astronomy,4,astrophysics,44063,https://en.wikipedia.org/?curid=44063,wd:Q502038,1,0,0,"Extragalactic astronomy is the branch of astronomy concerned with objects outside the Milky Way galaxy. In other words, it is the study of all astronomical objects which are not covered by galactic as"
extraterrestrial-life,Extraterrestrial life,4,astrobiology,9588,https://en.wikipedia.org/?curid=9588,wd:Q181508,1,21,0,"Extraterrestrial life, or alien life (colloquially aliens), is life that originates from another world rather than on Earth. No extraterrestrial life has yet been scientifically or conclusively detect"
extreme-value-theory,Extreme value theory,4,statistical-inference,50732,https://en.wikipedia.org/?curid=50732,wd:Q729429,1,1,0,"Extreme value theory or extreme value analysis (EVA) is the study of extremes in statistical distributions.
It is widely used in many disciplines, such as structural engineering, finance, actuarial sc"
fail-safe,Fail-safe,4,safety-engineering,41136,https://en.wikipedia.org/?curid=41136,wd:Q1392940,1,2,0,"In engineering, a fail-safe is a design feature or practice that, in the event of a failure of the design feature, inherently responds in a way that will cause minimal or no harm to other equipment, t"
failure-mode-and-effects-analysis,Failure mode and effects analysis,4,safety-engineering,981631,https://en.wikipedia.org/?curid=981631,wd:Q1389268,1,0,0,"Failure mode and effects analysis (FMEA; often written with ""failure modes"" in plural) is the process of reviewing as many components, assemblies, and subsystems as possible to identify potential fail"
faith,Faith,4,epistemology,11064,https://en.wikipedia.org/?curid=11064,wd:Q5410500,1,26,0,"In religion, faith is the ""belief in God or in the doctrines or teachings of religion"".
Religious people often think of faith as confidence based on a perceived degree of warrant, or evidence, while o"
family-economics,Family economics,4,microeconomics,9091287,https://en.wikipedia.org/?curid=9091287,wd:Q623006,1,0,0,"Family economics applies economic concepts such as production, division of labor, distribution, and decision making to the family. It is used to explain outcomes unique to family—such as marriage, the"
fascism,Fascism,4,political-ideologies,11054,https://en.wikipedia.org/?curid=11054,wd:Q6223,1,9,0,"Fascism ( FASH-iz-əm) is a far-right, authoritarian, and ultranationalist political ideology and movement that rose to prominence in early-20th-century Europe. Fascism is characterized by support for "
fashion,Fashion,4,applied-sociology,11657,https://en.wikipedia.org/?curid=11657,wd:Q12684,1,19,0,"Fashion is a term used interchangeably to describe the creation of clothing, footwear, accessories, cosmetics, and jewellery of different cultural aesthetics and their mix and match into outfits that "
fasteners,Fastener,4,industrial-processes,877127,https://en.wikipedia.org/?curid=877127,wd:Q2002016,1,10,0,"A fastener (US English) or fastening (UK English) is a hardware device that mechanically joins or affixes two or more objects together. In general, fasteners are used to create non-permanent joints; t"
material-fatigue,Fatigue (material),4,materials-science,348898,https://en.wikipedia.org/?curid=348898,wd:Q507234,1,5,0,"In materials science, fatigue is the initiation and propagation of cracks in a material due to cyclic loading. Once a fatigue crack has initiated, it grows a small amount with each loading cycle, typi"
fault-tree-analysis,Fault tree analysis,4,safety-engineering,70526,https://en.wikipedia.org/?curid=70526,wd:Q428453,1,7,0,Fault tree analysis (FTA) is a type of failure analysis in which an undesired state of a system is examined. This analysis method is mainly used in safety engineering and reliability engineering to un
federated-database-systems,Federated database system,4,databases,1270246,https://en.wikipedia.org/?curid=1270246,wd:Q83571,1,0,0,"A federated database system (FDBS) is a type of meta-database management system (DBMS), which transparently maps multiple autonomous database systems into a single federated database. The constituent "
feminist-economics,Feminist economics,4,macroeconomics,177765,https://en.wikipedia.org/?curid=177765,wd:Q3302930,1,0,0,"Feminist economics is the critical study of economics and economies, with a focus on gender-aware and inclusive economic inquiry and policy analysis. Feminist economic researchers include academics, a"
femtochemistry,Femtochemistry,4,physical-chemistry,450543,https://en.wikipedia.org/?curid=450543,wd:Q910223,1,3,0,"Femtochemistry is the area of physical chemistry that studies chemical reactions on extremely short timescales (approximately 10−15 seconds or one femtosecond, hence the name) in order to study the ve"
fibers,Fiber,4,materials-science,140558,https://en.wikipedia.org/?curid=140558,wd:Q161,1,49,0,Fiber (spelled fibre in British English; from Latin: fibra) is a natural or artificial substance that is significantly longer than it is wide. Fibers are often used in the manufacture of other materia
file-formats,File format,4,computer-data-storage,18933600,https://en.wikipedia.org/?curid=18933600,wd:Q235557,1,0,0,A file format is the way that information is encoded for storage in a computer file. It may describe the encoding at various levels of abstraction including low-level bit and byte layout as well high-
file-sharing,File sharing,4,computer-networks,18949797,https://en.wikipedia.org/?curid=18949797,wd:Q22666,1,22,0,"File sharing is the practice of distributing or providing access to digital media, such as computer programs, multimedia (audio, images and video), documents or electronic books. Common methods of sto"
file-systems,File system,4,computer-data-storage,1010280,https://en.wikipedia.org/?curid=1010280,wd:Q174989,1,41,0,"In computing, a file system or filesystem (often abbreviated to FS or fs) governs file organization and access. A local file system is a capability of an operating system that services the application"
entities-in-motion-pictures,Film,4,motion-pictures,21555729,https://en.wikipedia.org/?curid=21555729,wd:Q11424,1,1,0,"A film, movie, or motion picture is a work of visual art that simulates experiences and otherwise communicates ideas, stories, perceptions, emotions, or atmosphere through the use of moving images tha"
topics-in-motion-pictures,Film,4,motion-pictures,21555729,https://en.wikipedia.org/?curid=21555729,wd:Q11424,1,15,0,"A film, movie, or motion picture is a work of visual art that simulates experiences and otherwise communicates ideas, stories, perceptions, emotions, or atmosphere through the use of moving images tha"
film-industry,Film industry,4,motion-pictures,649481,https://en.wikipedia.org/?curid=649481,wd:Q1415395,1,40,0,"The film industry or motion picture industry comprises the technological and commercial institutions of filmmaking, i.e., film production companies, film studios, cinematography, animation, film produ"
filtering-theory,Filter (signal processing),4,signal-processing,23434533,https://en.wikipedia.org/?curid=23434533,wd:Q3072260,1,35,0,"In signal processing, a filter is a device or process that removes some unwanted components or features from a signal. Filtering is a class of signal processing, the defining feature of filters being "
entities-in-finance,Finance,4,finance,11162,https://en.wikipedia.org/?curid=11162,wd:Q43015,1,0,0,"Finance refers to resources, and the discipline that studies such resources, that allow an entity to gain the consumption and saving opportunity within a specified timeframe; with related concepts suc"
topics-in-finance,Finance,4,finance,11162,https://en.wikipedia.org/?curid=11162,wd:Q43015,1,6,0,"Finance refers to resources, and the discipline that studies such resources, that allow an entity to gain the consumption and saving opportunity within a specified timeframe; with related concepts suc"
financial-accounting,Financial accounting,4,accounting,465334,https://en.wikipedia.org/?curid=465334,wd:Q949180,1,54,0,"Financial accounting is a branch of accounting concerned with the summary, analysis and reporting of financial transactions related to a business. This involves the preparation of financial statements"
financial-economics,Financial economics,4,microeconomics,63262,https://en.wikipedia.org/?curid=63262,wd:Q2294553,1,106,0,"Financial economics is the branch of economics characterized by a ""concentration on monetary activities"", in which ""money of one type or another is likely to appear on both sides of a trade"".
 
Its co"
financial-institutions,Financial institution,4,finance,208836,https://en.wikipedia.org/?curid=208836,wd:Q650241,1,32,0,"A financial institution, sometimes called a banking institution, is a business entity that provides service as an intermediary for different types of financial monetary transactions."
financial-risk-management,Financial risk management,4,finance,1526304,https://en.wikipedia.org/?curid=1526304,wd:Q2906013,1,85,0,"Financial risk management is the practice of protecting economic value in a firm by managing exposure to financial risk - principally credit risk and market risk, with more specific variants as listed"
financial-services,Financial services,4,finance,433425,https://en.wikipedia.org/?curid=433425,wd:Q837171,1,24,0,"Financial services are economic services tied to finance provided by financial institutions. Financial services encompass a broad range of service sector activities, especially as concerns financial m"
discrete-exterior-calculus,Finite element method,4,discrete-mathematics,18233581,https://en.wikipedia.org/?curid=18233581,wd:Q220184,1,28,0,Finite element method (FEM) is a popular method for numerically solving differential equations arising in engineering and mathematical modeling. Typical problem areas of interest include the tradition
fire-safety,Fire safety,4,safety-engineering,987507,https://en.wikipedia.org/?curid=987507,wd:Q2997557,1,23,0,Fire safety is the set of practices intended to reduce destruction caused by fire. Fire safety measures include those that are intended to prevent the ignition of an uncontrolled fire and those that a
first-aid,First aid,4,emergency-medicine,11296,https://en.wikipedia.org/?curid=11296,wd:Q133981,1,20,0,"First aid is the first and immediate assistance given to any person with a medical emergency, with care provided to preserve life, prevent the condition from worsening, or to promote recovery until me"
first-order-logic,First-order logic,4,classical-logic,10983,https://en.wikipedia.org/?curid=10983,wd:Q4055684,1,127,0,"First-order logic, also called predicate logic, predicate calculus, or quantificational logic, is a type of formal system used in mathematics, philosophy, linguistics, and computer science. First-orde"
fish-farming,Fish farming,4,aquaculture,153520,https://en.wikipedia.org/?curid=153520,wd:Q209894,1,34,0,"Fish farming or pisciculture involves commercial breeding of fish, most often for food, in fish tanks or artificial enclosures such as fish ponds. It is a particular type of aquaculture, which is the "
flight-instruments,Flight instruments,4,aerospace-engineering,79537,https://en.wikipedia.org/?curid=79537,wd:Q517061,1,6,0,"Flight instruments  are the instruments in the cockpit of an aircraft that provide the pilot with data about the flight situation of that aircraft, such as altitude, airspeed, vertical speed, heading "
floriculture,Floriculture,4,horticulture,893280,https://en.wikipedia.org/?curid=893280,wd:Q199169,1,0,0,"Floriculture (from  Latin: floris + culture) is the study of the efficient production of the plants that produce showy, colourful and even edible flowers and foliage. It is a commercially successful b"
flue-gas,Flue gas,4,pollution,1976198,https://en.wikipedia.org/?curid=1976198,wd:Q2556360,1,0,0,"Flue gas is the gas exiting to the atmosphere via a flue, which is a pipe or channel for conveying exhaust gases, as from a fireplace, oven, furnace, boiler or steam generator. It often refers to the "
fluid-mechanics,Fluid mechanics,4,mechanics,2684988,https://en.wikipedia.org/?curid=2684988,wd:Q172145,1,142,0,"Fluid mechanics is the branch of physics concerned with the mechanics of fluids (liquids, gases, and plasmas) and the forces on them.
Originally applied to water (hydromechanics), it found application"
fluorescence-imaging,Fluorescence imaging,4,physical-chemistry,59921575,https://en.wikipedia.org/?curid=59921575,wd:Q65121075,1,37,0,Fluorescence imaging is a type of non-invasive imaging technique that can help visualize biological processes taking place in a living organism. Fluorescence images can be produced from a variety of m
folklore,Folklore,4,literary-genres,11303,https://en.wikipedia.org/?curid=11303,wd:Q36192,1,34,0,"Folklore is the body of expressive culture shared by a particular group of people, culture or subculture. This includes oral traditions such as tales, legends, proverbs, poems, jokes, and other oral t"
food-chemistry,Food chemistry,4,food-science,7888444,https://en.wikipedia.org/?curid=7888444,wd:Q910172,1,32,0,"Food chemistry is the study of chemical processes and interactions of all biological and non-biological components of foods. The biological substances include such items as meat, poultry, lettuce, bee"
food-engineering,Food engineering,4,food-science,1515853,https://en.wikipedia.org/?curid=1515853,wd:Q6631525,1,0,0,"Food engineering is a scientific, academic, and professional field that interprets and applies principles of engineering, science, and mathematics to food manufacturing and operations, including the p"
food-microbiology,Food microbiology,4,food-science,7073591,https://en.wikipedia.org/?curid=7073591,wd:Q1810993,1,0,0,"Food microbiology is the study of the microorganisms that inhabit, create, or contaminate food. This includes the study of microorganisms causing food spoilage; pathogens that may cause disease (espec"
food-physical-chemistry,Food physical chemistry,4,food-science,32969820,https://en.wikipedia.org/?curid=32969820,wd:Q17067324,1,2,0,Food physical chemistry is considered to be a branch of food chemistry concerned with the study of both physical and chemical interactions in foods in terms of physical and chemical principles applied
entities-in-food-science,Food science,4,food-science,252137,https://en.wikipedia.org/?curid=252137,wd:Q1637030,1,0,0,Food science (or bromatology) is the study of food and its chemical properties. Its scope overlaps with agricultural science and nutritional science and extends to the scientific aspects of food safet
topics-in-food-science,Food science,4,food-science,252137,https://en.wikipedia.org/?curid=252137,wd:Q1637030,1,7,0,Food science (or bromatology) is the study of food and its chemical properties. Its scope overlaps with agricultural science and nutritional science and extends to the scientific aspects of food safet
foodomics,Foodomics,4,food-science,41827467,https://en.wikipedia.org/?curid=41827467,wd:Q15813877,1,0,0,"Foodomics was coined in 2009 as ""a discipline that studies the Food and Nutrition domains through the application and integration of advanced -omics technologies to improve consumer's well-being, heal"
forensic-linguistics,Forensic linguistics,4,applied-linguistics,602412,https://en.wikipedia.org/?curid=602412,wd:Q938318,1,0,0,"Forensic linguistics, legal linguistics, or language and the law is the application of linguistic knowledge, methods, and insights to the forensic context of law, language, crime investigation, trial,"
forensic-science,Forensic science,4,law-enforcement,45710,https://en.wikipedia.org/?curid=45710,wd:Q495304,1,9,0,"Forensic science, often known as with criminalistics, is the application of science principles and methods to support decision-making related to rules or law, generally criminal and civil law. and is "
entities-in-forestry,Forestry,4,forestry,53912,https://en.wikipedia.org/?curid=53912,wd:Q38112,1,1,0,"Forestry is the science and craft of creating, managing, planting, using, conserving and repairing forests and woodlands for associated resources for human and environmental benefits. Forestry is prac"
topics-in-forestry,Forestry,4,forestry,53912,https://en.wikipedia.org/?curid=53912,wd:Q38112,1,3,0,"Forestry is the science and craft of creating, managing, planting, using, conserving and repairing forests and woodlands for associated resources for human and environmental benefits. Forestry is prac"
formal-languages,Formal language,4,programming-language-theory,10939,https://en.wikipedia.org/?curid=10939,wd:Q192161,1,19,0,"In logic, mathematics, computer science, and linguistics, a formal language is a set of strings whose symbols are taken from a set called ""alphabet"".
The alphabet of a formal language consists of symb"
linguistic-formal-semantics,Formal semantics (natural language),4,theoretical-linguistics,31395652,https://en.wikipedia.org/?curid=31395652,wd:Q5469969,1,6,0,"Formal semantics is the scientific study of linguistic meaning through formal tools from logic and mathematics. It is an interdisciplinary field, sometimes regarded as a subfield of both linguistics a"
formal-verification,Formal verification,4,programming-language-theory,270054,https://en.wikipedia.org/?curid=270054,wd:Q173326,1,21,0,"In the context of hardware and software systems, formal verification is the act of proving or disproving the correctness of a system with respect to a certain formal specification or property, using f"
linguistic-formalism,Formalism (linguistics),4,theoretical-linguistics,36056028,https://en.wikipedia.org/?curid=36056028,wd:Q20057358,0,0,0,
fossil-fuels,Fossil fuel,4,fuel-power,48146,https://en.wikipedia.org/?curid=48146,wd:Q12748,1,17,0,"A fossil fuel is a flammable carbon compound- or hydrocarbon-containing material formed naturally in the Earth's crust from the buried remains of prehistoric organisms (animals, plants or microplankto"
fossil-fuel-power-stations,Fossil fuel power station,4,fuel-power,1560443,https://en.wikipedia.org/?curid=1560443,wd:Q1434958,1,27,0,"A fossil fuel power station is a thermal power station that burns fossil fuel, such as coal, oil, or natural gas, to produce electricity. Fossil fuel power stations have machines that convert the heat"
foundations,Foundation (engineering),4,geotechnical-engineering,693334,https://en.wikipedia.org/?curid=693334,wd:Q191360,1,0,0,"In engineering, a foundation is the element of a structure which connects it to the ground or more rarely, water (as with floating structures), transferring loads from the structure to the ground. Fou"
foundations-of-statistics,Foundations of statistics,4,statistical-inference,15515301,https://en.wikipedia.org/?curid=15515301,wd:Q5474576,1,0,0,"The Foundations of Statistics are the mathematical and philosophical bases for statistical methods. These bases are the theoretical frameworks that ground and justify methods of statistical inference,"
fourier-analysis,Fourier analysis,4,signal-processing,11659,https://en.wikipedia.org/?curid=11659,wd:Q1365258,1,62,0,"In mathematics, the sciences, and engineering, Fourier analysis () is the study of the way general functions on the real line, circle, integers, finite cyclic group or general locally compact Abelian "
fourier-optics,Fourier optics,4,optics,312008,https://en.wikipedia.org/?curid=312008,wd:Q1003236,1,15,0,"Fourier optics is the study of classical optics using Fourier transforms (FTs), in which the waveform being considered is regarded as made up of a combination, or superposition, of plane waves. It has"
fraud,Fraud,4,computer-security,58790,https://en.wikipedia.org/?curid=58790,wd:Q28813,1,2,0,"In law, fraud is intentional deception to deprive a victim of a legal right or to gain from a victim unlawfully or unfairly. Fraud can violate civil law (e.g., a fraud victim may sue the fraud perpetr"
free-logic,Free logic,4,mathematical-logic,1635110,https://en.wikipedia.org/?curid=1635110,wd:Q3502887,1,0,0,A free logic is a logic with fewer existential presuppositions than classical logic. Free logics may allow for terms that do not denote any object. Free logics may also allow models that have an empty
free-will,Free will,4,metaphysics,47921,https://en.wikipedia.org/?curid=47921,wd:Q9476,1,5,0,"Free will is generally understood as the capacity or ability of people to (a) choose between different possible courses of action, (b) exercise control over their actions in a way that is necessary fo"
frequentist-inference,Frequentist inference,4,statistical-inference,15537745,https://en.wikipedia.org/?curid=15537745,wd:Q2158281,1,0,0,"Frequentist inference is a type of statistical inference based in frequentist probability, which treats ""probability"" in equivalent terms to ""frequency"" and draws conclusions from sample-data by means"
frequentist-probability,Frequentist probability,4,probability-theory,10869,https://en.wikipedia.org/?curid=10869,wd:Q1455566,1,0,0,Frequentist probability or frequentism is an interpretation of probability; it defines an event's probability (the long-run probability) as the limit of its relative frequency in infinitely many trial
freshwater-ecosystem,Freshwater ecosystem,4,conservation-biology,762047,https://en.wikipedia.org/?curid=762047,wd:Q2890135,1,17,0,"Freshwater ecosystems are a subset of Earth's aquatic ecosystems that include the biological communities inhabiting freshwater waterbodies such as lakes, ponds, rivers, streams, springs, bogs, and wet"
entities-in-fuel-power,Fuel,4,fuel-power,21188370,https://en.wikipedia.org/?curid=21188370,wd:Q42501,1,0,0,Fuel are any materials that can react with other substances to release energy as thermal energy or to be used for work. The concept was originally applied solely to those materials capable of releasin
topics-in-fuel-power,Fuel,4,fuel-power,21188370,https://en.wikipedia.org/?curid=21188370,wd:Q42501,1,22,0,Fuel are any materials that can react with other substances to release energy as thermal energy or to be used for work. The concept was originally applied solely to those materials capable of releasin
functional-analysis,Functional analysis,4,analysis,11180,https://en.wikipedia.org/?curid=11180,wd:Q190549,1,120,0,"Functional analysis is a branch of mathematical analysis, the core of which is formed by the study of vector spaces endowed with some kind of limit-related structure (for example, inner product, norm,"
functional-data-analysis,Functional data analysis,4,data-analysis,2141368,https://en.wikipedia.org/?curid=2141368,wd:Q5508814,1,0,0,"Functional data analysis (FDA) is a branch of statistics that analyses data providing information about curves, surfaces or anything else varying over a continuum.  In its most general form, under an "
functional-linguistics,Functional linguistics,4,theoretical-linguistics,11669,https://en.wikipedia.org/?curid=11669,wd:Q8963060,1,9,0,"Functional linguistics is an approach to the study of language characterized by taking systematically into account the speaker's and the hearer's side, and the communicative needs of the speaker and o"
functional-programming,Functional programming,4,computer-programming,10933,https://en.wikipedia.org/?curid=10933,wd:Q193076,1,20,0,"In computer science, functional programming is a programming paradigm where programs are constructed by applying and composing functions. It is a declarative programming paradigm in which function def"
functional-psychology,Functional psychology,4,theoretical-psychology,13512823,https://en.wikipedia.org/?curid=13512823,wd:Q2301783,1,0,0,Functional psychology or functionalism refers to a psychological school of thought that was a direct outgrowth of Darwinian thinking which focuses attention on the utility and purpose of behavior that
fungiculture,Fungiculture,4,agriculture,2192496,https://en.wikipedia.org/?curid=2192496,wd:Q2067736,1,0,0,"Fungiculture is the cultivation of fungi such as mushrooms. Cultivating fungi can yield foods (primarily mushrooms), medicine, construction materials and other products. A mushroom farm is involved in"
fusion-power,Fusion power,4,plasma-physics,55017,https://en.wikipedia.org/?curid=55017,wd:Q641442,1,44,0,"Fusion power is a potential method of electric power generation from heat released by nuclear fusion reactions. In fusion, two light atomic nuclei combine to form a heavier nucleus and release energy."
futures-studies,Futures studies,4,fields-of-history,1508301,https://en.wikipedia.org/?curid=1508301,wd:Q188867,1,35,0,"Futures studies, futures research or futurology is the systematic, interdisciplinary and holistic study of social and technological advancement, and other environmental trends, often for the purpose o"
galactic-astronomy,Galactic astronomy,4,astrophysics,44057,https://en.wikipedia.org/?curid=44057,wd:Q58908,1,25,0,"Galactic astronomy is the study of the Milky Way galaxy and all its contents. This is in contrast to extragalactic astronomy, which is the study of everything outside our galaxy, including all other g"
gambling,Gambling,4,applied-sociology,11921,https://en.wikipedia.org/?curid=11921,wd:Q11416,1,4,0,"Gambling (also known as betting or gaming) is the wagering of something of value (""the stakes"") on a random event with the intent of winning something else of value, where instances of strategy are di"
game-controllers,Game controller,4,hardware-engineering,104339,https://en.wikipedia.org/?curid=104339,wd:Q865422,1,11,0,"A game controller, gaming controller, or simply controller, is an input device or input/output device used with video games or entertainment systems to provide input to a video game. Input devices tha"
game-theory,Game theory,4,microeconomics,11924,https://en.wikipedia.org/?curid=11924,wd:Q44455,1,38,0,"Game theory is the study of mathematical models of strategic interactions. It has applications in many fields of social science, and is used extensively in economics, logic, systems science and comput"
gardening,Gardening,4,conservation-biology,11984,https://en.wikipedia.org/?curid=11984,wd:Q124946,1,11,0,"Gardening is the process of growing plants for their vegetables, fruits, flowers, herbs, or ornamental purposes within a designated space. Gardens fulfill a wide assortment of purposes, notably the pr"
gases,Gas,4,condensed-matter-physics,18993869,https://en.wikipedia.org/?curid=18993869,wd:Q11432,1,31,0,"Gas is a state of matter with neither fixed volume nor fixed shape. It is a compressible form of fluid, in contrast to a liquid. A pure gas consists of individual atoms (e.g. a noble gas like neon), o"
entities-in-gastroenterology,Gastroenterology,4,gastroenterology,12976,https://en.wikipedia.org/?curid=12976,wd:Q120569,1,0,0,"Gastroenterology (from the Greek gastḗr- ""belly"", -énteron ""intestine"", and -logía ""study of"") is the branch of medicine focused on the digestive system and its disorders. The digestive system consist"
topics-in-gastroenterology,Gastroenterology,4,gastroenterology,12976,https://en.wikipedia.org/?curid=12976,wd:Q120569,1,29,0,"Gastroenterology (from the Greek gastḗr- ""belly"", -énteron ""intestine"", and -logía ""study of"") is the branch of medicine focused on the digestive system and its disorders. The digestive system consist"
gastrointestinal-disease,Gastrointestinal disease,4,gastroenterology,1062956,https://en.wikipedia.org/?curid=1062956,wd:Q2300099,1,130,0,"Gastrointestinal diseases (abbrev. GI diseases or GI illnesses) refer to diseases involving the gastrointestinal tract, namely the esophagus, stomach, small intestine, large intestine and rectum; and "
general-relativity,General relativity,4,relativity,12024,https://en.wikipedia.org/?curid=12024,wd:Q11452,1,120,0,"General relativity, also known as the general theory of relativity, and as Einstein's theory of gravity, is the geometric theory of gravitation published by Albert Einstein in May 1916 and is the acce"
general-topology,General topology,4,topology,178649,https://en.wikipedia.org/?curid=178649,wd:Q621550,1,118,0,"In mathematics, general topology (or point set topology) is the branch of topology that deals with the basic set-theoretic definitions and constructions used in topology. It is the foundation of most "
generalized-trigonometry,Generalized trigonometry,4,trigonometry,22850636,https://en.wikipedia.org/?curid=22850636,wd:Q2102848,1,0,0,"Ordinary trigonometry studies triangles in the Euclidean plane ⁠
  
    
      
        
          
            R
          
          
            2
          
        
      
    
    {\displaystyle"
generative-grammar,Generative grammar,4,theoretical-linguistics,444515,https://en.wikipedia.org/?curid=444515,wd:Q36108,1,6,0,Generative grammar is a research tradition in linguistics that aims to explain the cognitive basis of language by formulating and testing explicit models of humans' subconscious grammatical knowledge.
genetic-engineering,Genetic engineering,4,biomedical-engineering,12383,https://en.wikipedia.org/?curid=12383,wd:Q159236,1,64,0,"Genetic engineering, also called genetic modification or genetic manipulation, is the modification and manipulation of an organism's genes using technology. It is a set of technologies used to change "
genetic-epidemiology,Genetic epidemiology,4,genetics,16017459,https://en.wikipedia.org/?curid=16017459,wd:Q5532897,1,0,0,"Genetic epidemiology is the study of the role of genetic factors in determining health and disease in families and in populations, and the interplay of such genetic factors with environmental factors."
genetic-modification,Genetically modified organism,4,biotechnology,12339,https://en.wikipedia.org/?curid=12339,wd:Q182726,1,2,0,A genetically modified organism (GMO) is any organism whose genetic material has been altered using genetic engineering techniques. The exact definition of a genetically modified organism and what con
entities-in-genetics,Genetics,4,genetics,12266,https://en.wikipedia.org/?curid=12266,wd:Q7162,1,1,0,"Genetics is the study of genes, genetic variation, and heredity in organisms. It is an important branch in biology because heredity is vital to organisms' evolution. Gregor Mendel, a Moravian Augustin"
topics-in-genetics,Genetics,4,genetics,12266,https://en.wikipedia.org/?curid=12266,wd:Q7162,1,28,0,"Genetics is the study of genes, genetic variation, and heredity in organisms. It is an important branch in biology because heredity is vital to organisms' evolution. Gregor Mendel, a Moravian Augustin"
genomics,Genomics,4,genetics,55170,https://en.wikipedia.org/?curid=55170,wd:Q222046,1,85,0,"Genomics is an interdisciplinary field of molecular biology focusing on the structure, function, evolution, mapping, and editing of genomes. A genome is an organism's complete set of DNA, including al"
geochemistry,Geochemistry,4,geology,39562,https://en.wikipedia.org/?curid=39562,wd:Q161764,1,31,0,Geochemistry is the science that uses the tools and principles of chemistry to explain the mechanisms behind major geological systems such as the Earth's crust and its oceans. The realm of geochemistr
geodesy,Geodesy,4,geology,12608,https://en.wikipedia.org/?curid=12608,wd:Q131089,1,54,0,"Geodesy (, jee-OD-iss-ee) or geodetics is the science of measuring and representing the geometry, gravity, and spatial orientation of the Earth in temporally varying 3D space. It is called planetary g"
geographic-information-systems,Geographic information system,4,technical-geography,12398,https://en.wikipedia.org/?curid=12398,wd:Q483130,1,88,0,"A geographic information system (GIS) consists of integrated computer hardware and software that store, manage, analyze, edit, output, and visualize geographic data. Much of this often happens within "
geography-of-africa,Geography of Africa,4,regional-geography,1854,https://en.wikipedia.org/?curid=1854,wd:Q781650,1,72,0,"Africa is a continent comprising 63 political territories, representing the largest of the great southward projections from the main mass of Earth's surface. Within its regular outline, it comprises a"
geography-of-antarctica,Geography of Antarctica,4,regional-geography,1274,https://en.wikipedia.org/?curid=1274,wd:Q2742952,1,0,0,"The geography of Antarctica is dominated by its south polar location and, thus, by ice. The Antarctic continent, located in the Earth's Southern Hemisphere, is centered asymmetrically around the South"
geography-of-asia,Geography of Asia,4,regional-geography,1318227,https://en.wikipedia.org/?curid=1318227,wd:Q2001617,1,87,0,"Geography of Asia reviews geographical concepts of classifying Asia, comprising 58 countries and territories."
geography-of-europe,Geography of Europe,4,regional-geography,1187515,https://en.wikipedia.org/?curid=1187515,wd:Q119716,1,151,0,"Europe is traditionally defined as one of seven continents. Physiographically, it is the northwestern peninsula of the larger landmass known as Eurasia (or the larger Afro-Eurasia); Asia occupies the "
geography-of-north-america,Geography of North America,4,regional-geography,6545069,https://en.wikipedia.org/?curid=6545069,wd:Q583355,1,44,0,"North America is the third largest continent, and is also a portion of the second largest supercontinent if North and South America are combined into the Americas and Africa, Europe, and Asia are cons"
geography-of-south-america,Geography of South America,4,regional-geography,5244370,https://en.wikipedia.org/?curid=5244370,wd:Q968983,1,34,0,"The geography of South America contains many diverse regions and climates. Geographically, South America is generally considered a continent forming the southern portion of the landmass of the America"
geomatics,Geomatics,4,technical-geography,510905,https://en.wikipedia.org/?curid=510905,wd:Q619798,1,0,0,"Geomatics is defined in the ISO/TC 211 series of standards as the ""discipline concerned with the collection, distribution, storage, analysis, processing, presentation of geographic data or geographic "
geometric-group-theory,Geometric group theory,4,geometry,955164,https://en.wikipedia.org/?curid=955164,wd:Q2662474,1,3,0,Geometric group theory is an area in mathematics devoted to the study of finitely generated groups via exploring the connections between algebraic properties of such groups and topological and geometr
geometric-topology,Geometric topology,4,topology,621732,https://en.wikipedia.org/?curid=621732,wd:Q1939186,1,47,0,"In mathematics, geometric topology is the study of manifolds and maps between them, particularly embeddings of one manifold into another."
geometrical-optics,Geometrical optics,4,optics,731780,https://en.wikipedia.org/?curid=731780,wd:Q467980,1,56,0,"Geometrical optics, or ray optics, is a model of optics that describes light propagation in terms of rays. The ray in geometrical optics is an abstraction useful for approximating the paths along whic"
entities-in-geometry,Geometry,4,geometry,18973446,https://en.wikipedia.org/?curid=18973446,wd:Q8087,1,0,0,"Geometry is a branch of mathematics concerned with properties of space such as the distance, shape, size, and relative position of figures. Geometry is, along with arithmetic, one of the oldest branch"
topics-in-geometry,Geometry,4,geometry,18973446,https://en.wikipedia.org/?curid=18973446,wd:Q8087,0,0,0,
geometric-number-theory,Geometry of numbers,4,number-theory,250153,https://en.wikipedia.org/?curid=250153,wd:Q1466519,1,0,0,"Geometry of numbers, also known as geometric number theory, is the part of number theory which uses geometry for the study of algebraic numbers. Typically, a ring of algebraic integers is viewed as a "
geomorphology,Geomorphology,4,physical-geography,78534,https://en.wikipedia.org/?curid=78534,wd:Q52109,1,128,0,Geomorphology (from Ancient Greek  γῆ (gê) 'earth';  μορφή (morphḗ) 'form' and  λόγος (lógos) 'study') is the scientific study of the origin and evolution of topographic and bathymetric features gener
geopolitics,Geopolitics,4,political-science,163225,https://en.wikipedia.org/?curid=163225,wd:Q159385,1,0,0,"Geopolitics (from Ancient Greek  γῆ gê 'earth, land' and  πολιτική politikḗ 'politics') is the study of the effects of Earth's geography on politics and international relations. Geopolitics usually re"
georgism,Georgism,4,macroeconomics,368329,https://en.wikipedia.org/?curid=368329,wd:Q679595,1,3,0,"Georgism, in modern times also called Geoism, and known historically as the single tax movement, is an economic ideology holding that persons should own the value that they produce themselves, while t"
geostatistics,Geostatistics,4,technical-geography,51531,https://en.wikipedia.org/?curid=51531,wd:Q1440020,1,0,0,"Geostatistics is a branch of statistics focusing on spatial or spatiotemporal datasets. Developed originally to predict probability distributions of ore grades for mining operations, it is currently a"
entities-in-geotechnical-engineering,Geotechnical engineering,4,geotechnical-engineering,12306,https://en.wikipedia.org/?curid=12306,wd:Q1349130,1,0,0,"Geotechnical engineering, also known as geotechnics, is the branch of civil engineering concerned with the engineering behavior of earth materials. It uses the principles of soil mechanics and rock me"
topics-in-geotechnical-engineering,Geotechnical engineering,4,geotechnical-engineering,12306,https://en.wikipedia.org/?curid=12306,wd:Q1349130,1,20,0,"Geotechnical engineering, also known as geotechnics, is the branch of civil engineering concerned with the engineering behavior of earth materials. It uses the principles of soil mechanics and rock me"
geotechnical-investigation,Geotechnical investigation,4,geotechnical-engineering,5580290,https://en.wikipedia.org/?curid=5580290,wd:Q2066351,1,41,0,Geotechnical investigations are performed by geotechnical engineers or engineering geologists to obtain information on the physical properties of soil earthworks and foundations for proposed structure
entities-in-geothermal-power,Geothermal power,4,geothermal-power,13021878,https://en.wikipedia.org/?curid=13021878,wd:Q3215493,1,0,0,"Geothermal power is electrical power generated from geothermal energy. Technologies in use include dry steam power stations, flash steam power stations and binary cycle power stations. Geothermal elec"
topics-in-geothermal-power,Geothermal power,4,geothermal-power,13021878,https://en.wikipedia.org/?curid=13021878,wd:Q3215493,0,17,0,
gerontology,Gerontology,4,developmental-biology,436824,https://en.wikipedia.org/?curid=436824,wd:Q10387,1,0,0,"Gerontology ( JERR-ən-TOL-ə-jee) is the study of the biological, cognitive, cultural, psychological, and social aspects of ageing. The word was coined by Ilya Ilyich Mechnikov in 1903, from the Greek "
gestalt-therapy,Gestalt therapy,4,theoretical-psychology,470286,https://en.wikipedia.org/?curid=470286,wd:Q828879,1,0,0,"Gestalt therapy is a form of psychotherapy that emphasizes personal responsibility and focuses on the individual's experience in the present moment, the therapist–client relationship, the environmenta"
glaciology,Glaciology,4,geology,231504,https://en.wikipedia.org/?curid=231504,wd:Q52120,1,0,0,"Glaciology (from Latin  glacies 'frost, ice' and Ancient Greek  λόγος (logos) 'subject matter'; lit. 'study of ice') is the scientific study of glaciers, or, more generally, ice and natural phenomena "
global-analysis,Global analysis,4,topology,42027498,https://en.wikipedia.org/?curid=42027498,wd:Q17017346,1,0,0,"In mathematics, global analysis, also called analysis on manifolds, is the study of the global and topological properties of differential equations on manifolds and vector bundles.  Global analysis us"
global-change,Global change,4,climate,1777495,https://en.wikipedia.org/?curid=1777495,wd:Q737514,1,0,0,Global change in broad sense refers to planetary-scale changes in the Earth system. It is most commonly used to encompass the variety of changes connected to the rapid increase in human activities whi
glycobiology,Glycobiology,4,biochemistry,216956,https://en.wikipedia.org/?curid=216956,wd:Q899224,0,9,0,
gnosticism,Gnosticism,4,belief-systems,12471,https://en.wikipedia.org/?curid=12471,wd:Q48420,1,5,0,Gnosticism (from Ancient Greek  γνωστικός (gnōstikós) 'having knowledge'; Koine Greek: [ɣnostiˈkos]) is a collection of different religious and philosophical ideas and systems that fully developed by 
graph-databases,Graph database,4,databases,24799509,https://en.wikipedia.org/?curid=24799509,wd:Q595971,1,1,0,"A graph database (GDB) is a database that uses graph structures for semantic queries with nodes, edges, and properties to represent and store data. A key concept of the system is the graph (or edge or"
graph-theory,Graph theory,4,discrete-mathematics,12401,https://en.wikipedia.org/?curid=12401,wd:Q131476,1,237,0,"In mathematics and computer science, graph theory is the study of graphs, which are mathematical structures used to model pairwise relations between objects. A graph in this context is made up of vert"
graphical-models,Graphical model,4,data-science,447298,https://en.wikipedia.org/?curid=447298,wd:Q1143367,1,24,0,A graphical model or probabilistic graphical model (PGM) or structured probabilistic model is a probabilistic model for which a graph expresses the conditional dependence structure between random vari
green-economics,Green economy,4,macroeconomics,996699,https://en.wikipedia.org/?curid=996699,wd:Q598188,1,1,0,"A green economy is an economy that aims at reducing environmental risks and ecological scarcities, and that aims for sustainable development without degrading the environment. It is closely related wi"
entities-in-gynaecology,Gynaecology,4,gynaecology,52967,https://en.wikipedia.org/?curid=52967,wd:Q1221899,1,0,0,"Gynaecology (or gynecology in American English) is the area of medicine concerned with conditions affecting the female reproductive system. It is sometimes combined with the field of obstetrics, which"
topics-in-gynaecology,Gynaecology,4,gynaecology,52967,https://en.wikipedia.org/?curid=52967,wd:Q1221899,1,56,0,"Gynaecology (or gynecology in American English) is the area of medicine concerned with conditions affecting the female reproductive system. It is sometimes combined with the field of obstetrics, which"
hardness-of-materials,Hardness,4,materials-science,3588836,https://en.wikipedia.org/?curid=3588836,wd:Q3236003,1,12,0,"In materials science, hardness (antonym: softness) is a measure of the resistance to localized plastic deformation, such as an indentation (over an area) or a scratch (linear), induced mechanically ei"
hardware-description-language,Hardware description language,4,hardware-engineering,74554,https://en.wikipedia.org/?curid=74554,wd:Q173341,1,3,0,"In computer engineering, a hardware description language (HDL) is a specialized computer language used to describe the structure and behavior of electronic circuits, usually to design application-spec"
harmonic-analysis,Harmonic analysis,4,analysis,14147,https://en.wikipedia.org/?curid=14147,wd:Q876215,1,0,0,Harmonic analysis is a branch of mathematics concerned with investigating the connections between a function and its representation in frequency. The frequency representation is found by using the Fou
hash-functions,Hash function,4,computer-security,13790,https://en.wikipedia.org/?curid=13790,wd:Q183427,1,11,0,"A hash function is any function that can be used to map data of arbitrary size to fixed-size values, though there are some hash functions that support variable-length output. The values returned by a "
healing,Healing,4,cell-biology,239217,https://en.wikipedia.org/?curid=239217,wd:Q1581290,1,21,0,"Regarding physical trauma or disease suffered by an organism, healing involves the repairing of damaged tissue(s), organs and the biological system as a whole and resumption of (normal) functioning. M"
health-economics,Health economics,4,microeconomics,265753,https://en.wikipedia.org/?curid=265753,wd:Q31218,1,0,0,"Health economics is a branch of economics concerned with issues related to efficiency, effectiveness, value and behavior in the production and consumption of health and healthcare. Health economics is"
health-geography,Health geography,4,human-geography,2596739,https://en.wikipedia.org/?curid=2596739,wd:Q3286542,1,0,0,"Health geography is the application of geographical information, perspectives, and methods to the study of health, disease, and health care. Medical geography, a sub-discipline of, or sister field of "
entities-in-health-policy,Health policy,4,health-policy,8695082,https://en.wikipedia.org/?curid=8695082,wd:Q1519812,1,0,0,"Health policy can be defined as the ""decisions, plans, and actions that are undertaken to achieve specific healthcare goals within a society"". According to the World Health Organization, an explicit h"
topics-in-health-policy,Health policy,4,health-policy,8695082,https://en.wikipedia.org/?curid=8695082,wd:Q1519812,0,59,0,
heating,Heat,4,thermal-engineering,19593167,https://en.wikipedia.org/?curid=19593167,wd:Q44432,1,10,0,"In thermodynamics, heat is defined as energy in transfer between a body and its surroundings, other than through thermodynamic work or through transfer of matter. In the process of transfer, heat is n"
heat-transfer,Heat transfer,4,thermal-engineering,184726,https://en.wikipedia.org/?curid=184726,wd:Q179635,1,11,0,"Heat transfer is a discipline of thermal engineering that concerns the generation, use, conversion, and exchange of thermal energy (heat) between physical systems. Heat transfer is classified into var"
heat-transfer-physics,Heat transfer physics,4,thermodynamics,37376713,https://en.wikipedia.org/?curid=37376713,wd:Q17021936,1,0,0,"Heat transfer physics describes the kinetics of energy storage, transport, and energy transformation by principal energy carriers: phonons (lattice vibration waves), electrons, fluid particles, and ph"
heliciculture,Heliciculture,4,agriculture,3377107,https://en.wikipedia.org/?curid=3377107,wd:Q1266615,1,0,0,"Heliciculture, commonly known as snail farming, is the process of raising edible land snails, primarily for human consumption or cosmetic use. The meat and snail eggs can be consumed as escargot and a"
helminthology,Helminthology,4,zoology,2203555,https://en.wikipedia.org/?curid=2203555,wd:Q1976068,1,0,0,"Helminthology, from Ancient Greek ἕλμινς (hélmins), meaning ""parasitic worm"", and λόγος (lógos), meaning ""study"", is the study of parasitic worms (helminths). The field studies the taxonomy of helmint"
entities-in-hematology,Hematology,4,hematology,63564,https://en.wikipedia.org/?curid=63564,wd:Q103824,1,0,0,"Hematology (spelled haematology in British English) is the branch of medicine concerned with the study of the cause, prognosis, treatment, and prevention of diseases related to blood. It involves trea"
topics-in-hematology,Hematology,4,hematology,63564,https://en.wikipedia.org/?curid=63564,wd:Q103824,0,0,0,
hemostasis,Hemostasis,4,hematology,501973,https://en.wikipedia.org/?curid=501973,wd:Q487937,1,61,0,"In biology, hemostasis or haemostasis is a process to prevent and stop bleeding, meaning to keep blood within a damaged blood vessel (the opposite of hemostasis is hemorrhage). It is the first stage o"
entities-in-hepatology,Hepatology,4,hepatology,140432,https://en.wikipedia.org/?curid=140432,wd:Q668064,1,0,0,"Hepatology is the branch of medicine that incorporates the study of liver, gallbladder, biliary tree, and pancreas as well as management of their disorders. Although traditionally considered a sub-spe"
topics-in-hepatology,Hepatology,4,hepatology,140432,https://en.wikipedia.org/?curid=140432,wd:Q668064,0,5,0,
herpetology,Herpetology,4,zoology,142425,https://en.wikipedia.org/?curid=142425,wd:Q174416,1,3,0,"Herpetology (from Ancient Greek ἑρπετόν herpetón, meaning ""reptile"" or ""creeping animal"") is a branch of zoology concerned with the study of amphibians (including frogs, salamanders, and caecilians (G"
entities-in-heterodox-economics,Heterodox economics,4,heterodox-economics,2399697,https://en.wikipedia.org/?curid=2399697,wd:Q1582475,1,0,0,"Heterodox economics is a broad, relative term referring to schools of economic thought which are not commonly perceived as belonging to mainstream economics. There is no absolute definition of what co"
topics-in-heterodox-economics,Heterodox economics,4,heterodox-economics,2399697,https://en.wikipedia.org/?curid=2399697,wd:Q1582475,0,9,0,
high-middle-ages,High Middle Ages,4,middle-ages,503345,https://en.wikipedia.org/?curid=503345,wd:Q212685,1,4,0,"The High Middle Ages, or High Medieval Period, was the period of European history between c. 1000 and c. 1300; it was preceded by the Early Middle Ages and followed by the Late Middle Ages, which ende"
high-dimensional-statistics,High-dimensional statistics,4,statistical-inference,19330658,https://en.wikipedia.org/?curid=19330658,wd:Q5754513,1,0,0,"In statistical theory, the field of high-dimensional statistics studies data whose dimension is larger (relative to the number of datapoints) than typically considered in classical multivariate analys"
high-level-programming-languages,High-level programming language,4,programming-language-theory,189842,https://en.wikipedia.org/?curid=189842,wd:Q211496,1,209,0,"A high-level programming language is a programming language with strong abstraction from the details of the computer. In contrast to low-level programming languages, it may use natural language elemen"
entities-in-high-performance-computing,High-performance computing,4,high-performance-computing,832527,https://en.wikipedia.org/?curid=832527,wd:Q1190465,1,0,0,High-performance computing (HPC) is the use of supercomputers and computer clusters to solve advanced problems.
topics-in-high-performance-computing,High-performance computing,4,high-performance-computing,832527,https://en.wikipedia.org/?curid=832527,wd:Q1190465,0,3,0,
high-speed-flight,High-speed flight,4,aerospace-engineering,9578494,https://en.wikipedia.org/?curid=9578494,wd:Q5754682,1,18,0,"In high-speed flight, the assumptions of incompressibility of the air used in low-speed aerodynamics no longer apply.  In subsonic aerodynamics, the theory of lift is based upon the forces generated o"
higher-education,Higher education,4,educational-stages,14423,https://en.wikipedia.org/?curid=14423,wd:Q136822,0,71,0,
higher-order-logic,Higher-order logic,4,classical-logic,562883,https://en.wikipedia.org/?curid=562883,wd:Q1644136,1,0,0,"In mathematics and logic, a higher-order logic (abbreviated HOL) is a form of logic that is distinguished from first-order logic by additional quantifiers and, sometimes, stronger semantics. Higher-or"
highway-engineering,Highway engineering,4,transportation-engineering,205592,https://en.wikipedia.org/?curid=205592,wd:Q2349677,1,0,0,"Highway engineering is a professional engineering discipline branching from the civil engineering subdiscipline of transportation engineering that involves the planning, design, construction, operatio"
histology,Histology,4,anatomy,13570,https://en.wikipedia.org/?curid=13570,wd:Q7168,1,46,0,"Histology, also known as microscopic anatomy, microanatomy or histoanatomy, is the branch of biology that studies the microscopic anatomy of biological tissues. Histology is the microscopic counterpar"
historical-geography,Historical geography,4,human-geography,1923965,https://en.wikipedia.org/?curid=1923965,wd:Q384001,1,0,0,"Historical geography is the branch of geography that studies the ways in which geographic phenomena have changed over time. In its modern form, it is a synthesizing discipline which shares both topica"
historical-linguistics,Historical linguistics,4,descriptive-linguistics,63630,https://en.wikipedia.org/?curid=63630,wd:Q190375,1,11,0,"Historical linguistics, also known as diachronic linguistics, is the scientific study of how languages change over time. It seeks to understand the nature and causes of linguistic change and to trace "
historiography,Historiography,4,fields-of-history,13276,https://en.wikipedia.org/?curid=13276,wd:Q50675,1,50,0,"Historiography is the study of the methods used by historians in developing history as an academic discipline. By extension, the term historiography is any body of historical work on a particular subj"
history-of-east-asia,History of East Asia,4,classical-antiquity,37699,https://en.wikipedia.org/?curid=37699,wd:Q831198,1,27,0,"The history of East Asia generally encompasses the histories of China, Japan, Korea, Mongolia, and Taiwan from prehistoric times to the present. Each of its countries has a different national history,"
history-of-architectural-styles,History of architecture,4,architectural-styles,3684625,https://en.wikipedia.org/?curid=3684625,wd:Q8180985,1,34,0,"The history of architecture traces the changes in architecture through various traditions, regions, overarching stylistic trends, and dates. The beginnings of all these traditions is thought to be hum"
entities-in-literary-history,History of literature,4,literary-history,138848,https://en.wikipedia.org/?curid=138848,wd:Q6497044,1,1,0,"The history of literature is the historical development of writings in prose or poetry that attempt to provide entertainment or education to the reader, as well as the development of the literary tech"
topics-in-literary-history,History of literature,4,literary-history,138848,https://en.wikipedia.org/?curid=138848,wd:Q6497044,1,5,0,"The history of literature is the historical development of writings in prose or poetry that attempt to provide entertainment or education to the reader, as well as the development of the literary tech"
history-of-religion,History of religion,4,religious-studies,13929,https://en.wikipedia.org/?curid=13929,wd:Q846742,1,26,0,"The history of religion is the written record of human religious feelings, thoughts, and ideas. This period of religious history begins with the invention of writing about 5,200 years ago (3200 BCE). "
history-of-science,History of science,4,fields-of-history,14400,https://en.wikipedia.org/?curid=14400,wd:Q201486,1,99,0,"The history of science covers the development of science from ancient times to the present. It encompasses all three major branches of science: natural, social, and formal. Protoscience, early science"
entities-in-history-of-sociology,History of sociology,4,history-of-sociology,1575379,https://en.wikipedia.org/?curid=1575379,wd:Q932233,1,0,0,"Sociology as a scholarly discipline emerged, primarily out of Enlightenment thought, as a positivist science of society shortly after the French Revolution. Its genesis owed to various key movements i"
topics-in-history-of-sociology,History of sociology,4,history-of-sociology,1575379,https://en.wikipedia.org/?curid=1575379,wd:Q932233,0,0,0,
holography,Holography,4,optics,66338,https://en.wikipedia.org/?curid=66338,wd:Q527628,1,5,0,"Holography is a technique that allows a wavefront to be recorded and later reconstructed. It is best known as a method of generating three-dimensional images, and has a wide range of other uses, inclu"
homeostasis,Homeostasis,4,physiology,13980,https://en.wikipedia.org/?curid=13980,wd:Q103191,1,18,0,"In biology, homeostasis (British also homoeostasis;  HOH-mee-ə-STAY-sis) is the state of steady internal physical and chemical conditions maintained by living organisms. This is the condition of optim"
homological-algebra,Homological algebra,4,algebra,139410,https://en.wikipedia.org/?curid=139410,wd:Q579978,1,3,0,"Homological algebra is the branch of mathematics that studies homology in a general algebraic setting. It is a relatively young discipline, whose origins can be traced to investigations in combinatori"
entities-in-horticulture,Horticulture,4,horticulture,216260,https://en.wikipedia.org/?curid=216260,wd:Q48803,1,0,0,"Horticulture (from Latin: horti + culture) is the science and art of growing fruits, vegetables, flowers, or ornamental plants. Horticulture is distinct from conventional plant agriculture through its"
topics-in-horticulture,Horticulture,4,horticulture,216260,https://en.wikipedia.org/?curid=216260,wd:Q48803,0,0,0,
household-chemicals,Household chemicals,4,process-engineering,2295403,https://en.wikipedia.org/?curid=2295403,wd:Q3564138,1,0,0,"Household chemicals are non-food chemicals that are commonly found and used in and around the average household. They are a type of consumer goods, designed particularly to assist cleaning, house and "
human-ecology,Human ecology,4,ecology,155899,https://en.wikipedia.org/?curid=155899,wd:Q720858,1,1,0,"Human ecology is the interdisciplinary study of the relationships between humans and their natural, social, and built environments. Emerging from ecology and the social sciences in the late 19th and e"
entities-in-ergonomics,Human factors and ergonomics,4,ergonomics,36479878,https://en.wikipedia.org/?curid=36479878,wd:Q1750812,1,1,0,"Ergonomics, also known as Human Factors or Human Factors Engineering (HFE), is the scientific discipline concerned with the understanding of interactions among humans and other elements of a system, a"
human-factors-and-ergonomics,Human factors and ergonomics,4,applied-psychology,36479878,https://en.wikipedia.org/?curid=36479878,wd:Q1750812,0,8,0,
topics-in-ergonomics,Human factors and ergonomics,4,ergonomics,36479878,https://en.wikipedia.org/?curid=36479878,wd:Q1750812,0,0,0,
human-genetics,Human genetics,4,genetics,1590357,https://en.wikipedia.org/?curid=1590357,wd:Q265799,1,55,0,"Human genetics is the study of inheritance as it occurs in human beings. Human genetics encompasses a variety of overlapping fields including: classical genetics, cytogenetics, molecular genetics, bio"
entities-in-human-geography,Human geography,4,human-geography,13372,https://en.wikipedia.org/?curid=13372,wd:Q12831143,1,0,0,"Human geography, also known as anthropogeography, is a branch of geography that studies how people interact with places. It focuses on the spatial relationships between human communities, cultures, ec"
topics-in-human-geography,Human geography,4,human-geography,13372,https://en.wikipedia.org/?curid=13372,wd:Q12831143,1,2,0,"Human geography, also known as anthropogeography, is a branch of geography that studies how people interact with places. It focuses on the spatial relationships between human communities, cultures, ec"
human-nature,Human nature,4,metaphysics,4744384,https://en.wikipedia.org/?curid=4744384,wd:Q742609,1,1,0,"Human nature comprises the fundamental dispositions and characteristics—including ways of thinking, feeling, and acting—that humans are said to have naturally. The term is often used to denote the ess"
human-resource-management,Human resource management,4,business-administration,1023078,https://en.wikipedia.org/?curid=1023078,wd:Q1056396,1,9,0,Human resource management (HRM) is the strategic and coherent approach to the effective and efficient management of people in a company or organization such that they help their business gain a compet
humanistic-psychology,Humanistic psychology,4,theoretical-psychology,324180,https://en.wikipedia.org/?curid=324180,wd:Q23364,1,0,0,Humanistic psychology is a psychological perspective that arose in the early- to mid-20th century in response Sigmund Freud's psychoanalytic theory and B. F. Skinner's behaviorism. The work of Otto Ra
human-computer-interaction,Human–computer interaction,4,software-development,23534602,https://en.wikipedia.org/?curid=23534602,wd:Q207434,1,59,0,"Human–computer interaction (HCI) is the process through which people operate and engage with computer systems. Research in HCI covers the design and the use of computer technology, which focuses on th"
hydraulic-engineering,Hydraulic engineering,4,hydrology,521843,https://en.wikipedia.org/?curid=521843,wd:Q1130265,1,1,0,"Hydraulic engineering as a sub-discipline of civil engineering is concerned with the flow and conveyance of fluids, principally water and sewage. One feature of these systems is the extensive use of g"
hydraulics,Hydraulics,4,industrial-engineering,65424,https://en.wikipedia.org/?curid=65424,wd:Q177784,1,62,0,"Hydraulics (from Ancient Greek  ὕδωρ (húdōr) 'water' and  αὐλός (aulós) 'pipe') is a technology and applied science using engineering, chemistry, and other sciences involving the mechanical properties"
hydrocarbons,Hydrocarbon,4,organic-chemistry,13257,https://en.wikipedia.org/?curid=13257,wd:Q43648,1,30,0,"In organic chemistry, a hydrocarbon is an organic compound consisting entirely of hydrogen and carbon. Hydrocarbons are examples of group 14 hydrides. Hydrocarbons are generally colourless and hydroph"
hydrodynamic-stability,Hydrodynamic stability,4,mechanics,21757046,https://en.wikipedia.org/?curid=21757046,wd:Q4138087,1,3,0,"In fluid dynamics, hydrodynamic stability is the field which analyses the stability and the onset of instability of fluid flows. The study of hydrodynamic stability aims to find out if a given flow is"
hydroelectricity,Hydroelectricity,4,hydropower,381399,https://en.wikipedia.org/?curid=381399,wd:Q80638,1,43,0,"Hydroelectricity, or hydroelectric power, is electricity generated from hydropower. Hydropower supplies 15% of the world's electricity, almost 4,210 TWh in 2023, which is more than all other renewable"
hydrogen-fuel,Hydrogen fuel,4,fuel-power,1055835,https://en.wikipedia.org/?curid=1055835,wd:Q11549077,0,38,0,
hydrogenation,Hydrogenation,4,chemical-reactions,235968,https://en.wikipedia.org/?curid=235968,wd:Q214166,1,0,0,"Hydrogenation is a chemical reaction between molecular hydrogen (H2) and another compound or element, usually in the presence of a catalyst such as nickel, palladium or platinum. The process is common"
hydrogeology,Hydrogeology,4,hydrology,434326,https://en.wikipedia.org/?curid=434326,wd:Q179509,1,31,0,"Hydrogeology (hydro- meaning water, and -geology meaning the study of the Earth) is the area of geology that deals with the distribution and movement of groundwater in the soil and rocks of the Earth'"
entities-in-hydrology,Hydrology,4,hydrology,13435,https://en.wikipedia.org/?curid=13435,wd:Q42250,1,0,0,"Hydrology (from Ancient Greek  ὕδωρ (húdōr) 'water' and  -λογία (-logía) 'study of') is the scientific study of the movement, distribution, and management of water on Earth and other planets, includin"
topics-in-hydrology,Hydrology,4,hydrology,13435,https://en.wikipedia.org/?curid=13435,wd:Q42250,1,13,0,"Hydrology (from Ancient Greek  ὕδωρ (húdōr) 'water' and  -λογία (-logía) 'study of') is the scientific study of the movement, distribution, and management of water on Earth and other planets, includin"
hydroponics,Hydroponics,4,horticulture,14133,https://en.wikipedia.org/?curid=14133,wd:Q191667,1,2,0,"Hydroponics is a type of horticulture and a subset of hydroculture which involves growing plants, usually crops or medicinal plants, without soil, by using water-based mineral nutrient solutions in an"
entities-in-hydropower,Hydropower,4,hydropower,14073,https://en.wikipedia.org/?curid=14073,wd:Q170196,1,0,0,"Hydropower (from Ancient Greek ὑδρο-, ""water""), also known as water power or water energy, is the use of falling or fast-running water to produce electricity or to power machines. This is achieved by "
topics-in-hydropower,Hydropower,4,hydropower,14073,https://en.wikipedia.org/?curid=14073,wd:Q170196,1,0,0,"Hydropower (from Ancient Greek ὑδρο-, ""water""), also known as water power or water energy, is the use of falling or fast-running water to produce electricity or to power machines. This is achieved by "
hygiene,Hygiene,4,preventive-healthcare,147020,https://en.wikipedia.org/?curid=147020,wd:Q162297,1,15,0,"Hygiene is a set of practices performed to preserve health.
According to the World Health Organization (WHO), ""Hygiene refers to conditions and practices that help to maintain health and prevent the s"
ip-routing,IP routing,4,computer-networks,27385819,https://en.wikipedia.org/?curid=27385819,wd:Q5973191,1,11,0,"IP routing is the application of traffic routing methodologies to IP networks. This involves technologies, protocols, structure, administrations, and policies of the worldwide Internet infrastructure."
ichthyology,Ichthyology,4,zoology,42405,https://en.wikipedia.org/?curid=42405,wd:Q60242,1,0,0,"Ichthyology is the branch of zoology devoted to the study of fish, including bony fish (Osteichthyes), cartilaginous fish (Chondrichthyes), and jawless fish (Agnatha). According to FishBase, 35,800 sp"
identification,Identifier,4,computer-security,41250,https://en.wikipedia.org/?curid=41250,wd:Q853614,1,8,0,"An identifier is a name that identifies (that is, labels the identity of) either a unique class of objects or a unique instance of such objects; the class or instance may be an idea, person, physical "
identity-in-philosophy,Identity (philosophy),4,metaphysics,89532,https://en.wikipedia.org/?curid=89532,wd:Q254474,1,0,0,"In metaphysics, identity (from Latin: identitas, ""sameness"") is the relation each thing bears only to itself. The notion of identity gives rise to many philosophical problems, including the identity o"
identity-management,Identity management,4,computer-security,927507,https://en.wikipedia.org/?curid=927507,wd:Q977772,1,23,0,Identity and access management (IAM or IdAM) or Identity management (IdM) is a framework of policies and technologies to ensure that the right users (that are part of the ecosystem connected to or wit
identity-politics,Identity politics,4,political-ideologies,313075,https://en.wikipedia.org/?curid=313075,wd:Q2914650,1,35,0,"Identity politics is politics based on a particular identity, such as ethnicity, race, nationality, religion, denomination, gender, sexual orientation, social background, political affiliation, caste,"
entities-in-political-ideologies,Ideology,4,political-ideologies,75469,https://en.wikipedia.org/?curid=75469,wd:Q7257,1,0,0,"An ideology is a set of beliefs or values attributed to a person or group of persons, especially those held for reasons that are not purely about belief in certain knowledge, in which ""practical eleme"
topics-in-political-ideologies,Ideology,4,political-ideologies,75469,https://en.wikipedia.org/?curid=75469,wd:Q7257,1,9,0,"An ideology is a set of beliefs or values attributed to a person or group of persons, especially those held for reasons that are not purely about belief in certain knowledge, in which ""practical eleme"
immune-system,Immune system,4,immunology,14958,https://en.wikipedia.org/?curid=14958,wd:Q1059,1,244,0,"The immune system is a network of biological systems that protects an organism from diseases. It detects and responds to a wide variety of pathogens, such as viruses, bacteria, and parasites, as well "
entities-in-immunology,Immunology,4,immunology,14959,https://en.wikipedia.org/?curid=14959,wd:Q101929,1,0,0,"Immunology is a branch of biology and medicine that covers the study of immune systems in all organisms.
Immunology charts, measures, and contextualizes the physiological functioning of the immune sys"
topics-in-immunology,Immunology,4,immunology,14959,https://en.wikipedia.org/?curid=14959,wd:Q101929,1,103,0,"Immunology is a branch of biology and medicine that covers the study of immune systems in all organisms.
Immunology charts, measures, and contextualizes the physiological functioning of the immune sys"
imperative-logic,Imperative logic,4,non-classical-logic,8837457,https://en.wikipedia.org/?curid=8837457,wd:Q17147159,1,0,0,"Imperative logic is the field of logic concerned with imperatives. In contrast to declaratives, it is not clear whether imperatives denote propositions or more generally what role truth and falsity pl"
imperative-programming,Imperative programming,4,computer-programming,197847,https://en.wikipedia.org/?curid=197847,wd:Q275596,1,0,0,"In computer science, imperative programming is a programming paradigm of software that uses statements that change a process’s state. In much the same way that the imperative mood in natural languages"
material-and-compound-impurity,Impurity,4,materials-science,2061993,https://en.wikipedia.org/?curid=2061993,wd:Q7216430,1,10,0,"In chemistry and materials science, impurities are chemical substances inside a confined amount of liquid, gas, or solid. They differ from the chemical composition of the material or compound. Firstly"
indian-religions,Indian religions,4,belief-systems,14605,https://en.wikipedia.org/?curid=14605,wd:Q1651597,1,35,0,"Indian religions, also known as Dharmic religions, are the religions that originated in the Indian subcontinent. These religions, which include Buddhism, Hinduism, Jainism, Sikhism and faiths based on"
indoor-air-quality,Indoor air quality,4,pollution,219736,https://en.wikipedia.org/?curid=219736,wd:Q905504,1,14,0,"Indoor air quality (IAQ) is the air quality within buildings and structures. Poor indoor air quality due to indoor air pollution is known to affect the health, comfort, and well-being of building occu"
industrial-and-organizational-psychology,Industrial and organizational psychology,4,applied-psychology,15450,https://en.wikipedia.org/?curid=15450,wd:Q2045692,1,81,0,"Industrial and organizational psychology (I-O psychology) ""focuses the lens of psychological science on a key aspect of human life, namely, their work lives. In general, the goals of I-O psychology ar"
entities-in-industrial-engineering,Industrial engineering,4,industrial-engineering,23535218,https://en.wikipedia.org/?curid=23535218,wd:Q4489420,1,0,0,"Industrial engineering (IE) is concerned with the design, improvement and installation of integrated systems of people, materials, information, equipment and energy. It draws upon specialized knowledg"
topics-in-industrial-engineering,Industrial engineering,4,industrial-engineering,23535218,https://en.wikipedia.org/?curid=23535218,wd:Q4489420,0,1,0,
industrial-organization,Industrial organization,4,microeconomics,51249,https://en.wikipedia.org/?curid=51249,wd:Q1411783,1,1,0,"In economics, industrial organization is a field that extends the theory of the firm by analyzing the structure of firms and markets, as well as the boundaries between them. It introduces real-world f"
entities-in-industrial-processes,Industrial processes,4,industrial-processes,659359,https://en.wikipedia.org/?curid=659359,wd:Q1408286,1,0,0,"Industrial processes are procedures involving chemical, physical, electrical, or mechanical steps to aid in the manufacturing of an item or items, usually carried out on a very large scale. Industrial"
topics-in-industrial-processes,Industrial processes,4,industrial-processes,659359,https://en.wikipedia.org/?curid=659359,wd:Q1408286,0,0,0,
industrial-sociology,Industrial sociology,4,applied-sociology,40272,https://en.wikipedia.org/?curid=40272,wd:Q1302156,1,0,0,"Industrial sociology, until recently a crucial research area within the field of sociology of work, examines
""the direction and implications of trends in technological change, globalization, labour ma"
entities-in-infectious-diseases,Infection,4,infectious-diseases,37220,https://en.wikipedia.org/?curid=37220,wd:Q166231,1,2,0,"An infection is the invasion of tissues by pathogens, their multiplication, and the reaction of host tissues to the infectious agent and the toxins they produce. An infectious disease, also known as a"
topics-in-infectious-diseases,Infection,4,infectious-diseases,37220,https://en.wikipedia.org/?curid=37220,wd:Q166231,1,157,0,"An infection is the invasion of tissues by pathogens, their multiplication, and the reaction of host tissues to the infectious agent and the toxins they produce. An infectious disease, also known as a"
infinitary-logic,Infinitary logic,4,non-classical-logic,630478,https://en.wikipedia.org/?curid=630478,wd:Q6029713,1,0,0,"An infinitary logic is a logic that allows infinitely long statements and/or infinitely long proofs. The concept was introduced by Zermelo in the 1930s.
Some infinitary logics may have different prope"
entities-in-informal-logic,Informal logic,4,informal-logic,14122398,https://en.wikipedia.org/?curid=14122398,wd:Q1506807,1,0,0,"Informal logic encompasses the principles of logic and logical thought outside of a formal setting (characterized by the usage of particular statements). However, the precise definition of ""informal l"
topics-in-informal-logic,Informal logic,4,informal-logic,14122398,https://en.wikipedia.org/?curid=14122398,wd:Q1506807,0,0,0,
information-economics,Information economics,4,microeconomics,1409855,https://en.wikipedia.org/?curid=1409855,wd:Q1394203,1,0,0,"Information economics or the economics of information is the branch of microeconomics that studies how information and information systems affect an economy and economic decisions.
One application con"
information-security,Information security,4,computer-security,15036,https://en.wikipedia.org/?curid=15036,wd:Q189900,1,64,0,Information security (infosec) is the practice of protecting information by mitigating information risks. It is part of information risk management. It typically involves preventing or reducing the pr
entities-in-information-theory,Information theory,4,information-theory,14773,https://en.wikipedia.org/?curid=14773,wd:Q131222,1,1,0,"Information theory is the mathematical study of the quantification, storage, and communication of a particular type of mathematically defined information. The field was established and formalized by C"
topics-in-information-theory,Information theory,4,information-theory,14773,https://en.wikipedia.org/?curid=14773,wd:Q131222,1,3,0,"Information theory is the mathematical study of the quantification, storage, and communication of a particular type of mathematically defined information. The field was established and formalized by C"
infrared,Infrared,4,optics,15022,https://en.wikipedia.org/?curid=15022,wd:Q11388,1,8,0,Infrared (IR; sometimes called infrared light) is electromagnetic radiation (EMR) with wavelengths longer than that of visible light but shorter than microwaves. The infrared spectral band begins with
innovation,Innovation,4,philosophy-of-science,118450,https://en.wikipedia.org/?curid=118450,wd:Q174165,1,16,0,"Innovation is the practical implementation of ideas that result in the creation or improvements of goods or services. ISO TC 279 in the standard ISO 56000:2020 defines innovation as ""a new or changed "
entities-in-inorganic-chemistry,Inorganic chemistry,4,inorganic-chemistry,14624,https://en.wikipedia.org/?curid=14624,wd:Q11165,1,0,0,"Inorganic chemistry deals with synthesis and behavior of inorganic and organometallic compounds. This field covers chemical compounds that are not carbon-based, which are the subjects of organic chemi"
topics-in-inorganic-chemistry,Inorganic chemistry,4,inorganic-chemistry,14624,https://en.wikipedia.org/?curid=14624,wd:Q11165,1,102,0,"Inorganic chemistry deals with synthesis and behavior of inorganic and organometallic compounds. This field covers chemical compounds that are not carbon-based, which are the subjects of organic chemi"
input-output,Input/output,4,computer-architecture,22393474,https://en.wikipedia.org/?curid=22393474,wd:Q219320,1,19,0,"In computing, input/output (I/O, i/o, or informally io or IO) is the communication between an information processing system, such as a computer, and the outside world, such as another computer system,"
inquiry-based-learning,Inquiry-based learning,4,pedagogy,10129706,https://en.wikipedia.org/?curid=10129706,wd:Q3623716,1,0,0,"Inquiry-based learning (also spelled as enquiry-based learning in British English) is a form of active learning that starts by posing questions, problems or scenarios. It contrasts with traditional ed"
insect-ecology,Insect ecology,4,ecology,15367337,https://en.wikipedia.org/?curid=15367337,wd:Q4530315,1,0,0,"Insect ecology is the interaction of insects, individually or as a community, with the surrounding environment or ecosystem.  This interaction is mostly mediated by the secretion and detection of chem"
insect-farming,Insect farming,4,animal-husbandry,25174978,https://en.wikipedia.org/?curid=25174978,wd:Q1351959,1,0,0,"Insect farming is the practice of raising and breeding insects as livestock, also referred to as minilivestock or micro stock. Insects may be farmed for the commodities they produce (like silk, honey,"
social-institutions,Institution,4,social-philosophy,294833,https://en.wikipedia.org/?curid=294833,wd:Q178706,1,3,0,An institution is a humanly devised structure of rules and norms that shape and constrain social behavior. All definitions of institutions generally entail that there is a level of persistence and con
institutional-economics,Institutional economics,4,macroeconomics,859910,https://en.wikipedia.org/?curid=859910,wd:Q1118654,1,0,0,Institutional economics focuses on understanding the role of the evolutionary process and the role of institutions in shaping economic behavior. Its original focus lay in Thorstein Veblen's instinct-o
institutional-theory,Institutional theory,4,political-science,2582114,https://en.wikipedia.org/?curid=2582114,wd:Q16252774,1,0,0,"In sociology and organizational studies, institutional theory is a theory on the deeper and more resilient aspects of social structure. It considers the processes by which structures, including scheme"
instrumental-chemistry,Instrumental chemistry,4,analytical-chemistry,26219128,https://en.wikipedia.org/?curid=26219128,wd:Q667602,1,0,0,Instrumental analysis is a field of analytical chemistry that investigates analytes using scientific instruments.
entities-in-intensive-care-medicine,Intensive care medicine,4,intensive-care-medicine,299014,https://en.wikipedia.org/?curid=299014,wd:Q679690,1,0,0,"Intensive care medicine, usually called critical care medicine, is a medical specialty that deals with seriously or critically ill patients who have, are at risk of, or are recovering from conditions "
topics-in-intensive-care-medicine,Intensive care medicine,4,intensive-care-medicine,299014,https://en.wikipedia.org/?curid=299014,wd:Q679690,0,112,0,
interface-and-colloid-science,Interface and colloid science,4,physical-chemistry,13651338,https://en.wikipedia.org/?curid=13651338,wd:Q909495,1,3,0,"Interface and colloid science is an interdisciplinary intersection of branches of chemistry, physics, nanoscience and other fields dealing with colloids, heterogeneous multiphase systems that contain "
interferometry,Interferometry,4,optics,166689,https://en.wikipedia.org/?curid=166689,wd:Q850283,1,22,0,Interferometry is a technique which uses the interference of superimposed waves  to extract information. Interferometry typically uses electromagnetic waves and is an important investigative technique
entities-in-interior-design,Interior design,4,interior-design,573174,https://en.wikipedia.org/?curid=573174,wd:Q179232,1,0,0,Interior design is the art and science of enhancing the interior of a building to achieve a healthier and more aesthetically pleasing environment for the people using the space. With a keen eye for de
topics-in-interior-design,Interior design,4,interior-design,573174,https://en.wikipedia.org/?curid=573174,wd:Q179232,0,7,0,
intermediate-logic,Intermediate logic,4,mathematical-logic,769022,https://en.wikipedia.org/?curid=769022,wd:Q5361594,1,0,0,"In mathematical logic, a superintuitionistic logic is a propositional logic extending intuitionistic logic. A logic is a set of propositional formulas with certain closure properties. The logics are p"
internal-combustion-engines,Internal combustion engine,4,automotive-engineering,41228673,https://en.wikipedia.org/?curid=41228673,wd:Q12757,1,50,0,An internal combustion engine (ICE or IC engine) is a heat engine in which the combustion of a fuel occurs with an oxidizer (usually air) in a combustion chamber that is an integral part of the workin
entities-in-internal-medicine,Internal medicine,4,internal-medicine,205264,https://en.wikipedia.org/?curid=205264,wd:Q11180,1,0,0,"Internal medicine, also known as general medicine in Commonwealth nations, is a specialty for medical doctors focused on the prevention, diagnosis, and treatment of diseases in adults. Internal refers"
topics-in-internal-medicine,Internal medicine,4,internal-medicine,205264,https://en.wikipedia.org/?curid=205264,wd:Q11180,0,0,0,
international-style,International Style,4,architectural-styles,314881,https://en.wikipedia.org/?curid=314881,wd:Q162324,1,27,0,The International Style is a major architectural style and movement that began in western Europe in the 1920s and dominated modern architecture until the 1970s. It is defined by strict adherence to fu
international-development,International development,4,macroeconomics,385745,https://en.wikipedia.org/?curid=385745,wd:Q2477868,1,71,0,International development or global development is a broad concept denoting the idea that societies and countries have differing levels of economic or human development on an international scale. It i
international-economics,International economics,4,macroeconomics,1700209,https://en.wikipedia.org/?curid=1700209,wd:Q47417,1,0,0,International economics is concerned with the effects upon economic activity from international differences in productive resources and  consumer preferences and the international institutions that af
international-law,International law,4,branches-of-law,8195726,https://en.wikipedia.org/?curid=8195726,wd:Q4394526,1,46,0,"International law, also known as public international law and the law of nations, is the set of rules, norms, legal customs and standards that states and other actors feel an obligation to, and genera"
international-relations,International relations,4,political-science,82533,https://en.wikipedia.org/?curid=82533,wd:Q166542,1,29,0,"International relations (IR, and also referred to as international studies, international politics, or international affairs) is an academic discipline. In a broader sense, the study of IR, in additio"
internet,Internet,4,computer-networks,14539,https://en.wikipedia.org/?curid=14539,wd:Q75,1,26,0,The Internet (or internet) is the global system of interconnected computer networks that uses the Internet protocol suite (TCP/IP) to communicate between networks and devices. It is a network of netwo
internet-linguistics,Internet linguistics,4,applied-linguistics,13458509,https://en.wikipedia.org/?curid=13458509,wd:Q6056000,1,0,0,Internet linguistics is a domain of linguistics advocated by the English linguist David Crystal. It studies new language styles and forms that have arisen under the influence of the Internet and of ot
internet-protocol-suite,Internet protocol suite,4,computer-networks,15476,https://en.wikipedia.org/?curid=15476,wd:Q81414,1,104,0,"The Internet protocol suite, commonly known as TCP/IP, is a framework for organizing the communication protocols used in the Internet and similar computer networks according to functional criteria. Th"
interpretations-of-quantum-mechanics,Interpretations of quantum mechanics,4,quantum-mechanics,54738,https://en.wikipedia.org/?curid=54738,wd:Q899137,1,33,0,An interpretation of quantum mechanics is an attempt to explain how the mathematical theory of quantum mechanics might correspond to experienced reality. Quantum mechanics has held up to rigorous and 
interpreters,Interpreter (computing),4,computer-programming,59868,https://en.wikipedia.org/?curid=59868,wd:Q183065,1,16,0,"In computing, an interpreter is software that executes source code without first compiling it to machine code. An interpreted runtime environment differs from one that processes CPU-native executable "
intuitionistic-logic,Intuitionistic logic,4,non-classical-logic,169262,https://en.wikipedia.org/?curid=169262,wd:Q176786,1,2,0,"Intuitionistic logic, sometimes more generally called constructive logic, refers to systems of symbolic logic that differ from the systems used for classical logic by more closely mirroring the notion"
invention,Invention,4,philosophy-of-science,44312,https://en.wikipedia.org/?curid=44312,wd:Q12579633,1,0,0,"An invention is a unique or novel device, method, composition, idea, or process. An invention may be an improvement upon a machine, product, or process for increasing efficiency or lowering cost. It m"
investment-management,Investment management,4,finance,1557851,https://en.wikipedia.org/?curid=1557851,wd:Q14864997,1,113,0,"Investment management (sometimes referred to more generally as financial asset management) is the professional asset management of various securities, including shareholdings, bonds, and other assets,"
iranian-religions,Iranian religions,4,belief-systems,952063,https://en.wikipedia.org/?curid=952063,wd:Q1463386,1,6,0,"The Iranian religions, also known as the Persian religions, are, in the context of comparative religion, a grouping of religious movements that originated in the Iranian plateau, which accounts for th"
iron-age,Iron Age,4,prehistoric-period,14711,https://en.wikipedia.org/?curid=14711,wd:Q11764,1,0,0,"The Iron Age (c. 1200 – c. 550 BC) is the final epoch of the three historical Metal Ages, after the Copper Age and Bronze Age. It has also been considered as the final age of the three-age division st"
irreligion,Irreligion,4,belief-systems,323777,https://en.wikipedia.org/?curid=323777,wd:Q58721,1,11,0,"Irreligion is the absence or rejection of religious beliefs or practices. It encompasses a wide range of viewpoints drawn from various philosophical and intellectual perspectives, including atheism, a"
islamic-architecture,Islamic architecture,4,architectural-styles,276104,https://en.wikipedia.org/?curid=276104,wd:Q212940,1,6,0,Islamic architecture comprises the architectural styles of buildings associated with Islamic civilization. It encompasses both secular and religious styles from the early history of Islam to the prese
judicial-branch,Judiciary,4,branches-of-government,59564,https://en.wikipedia.org/?curid=59564,wd:Q105985,1,0,0,"The judiciary (also known as the judicial system, judicature, judicial branch, judiciative branch, and court or judiciary system) is the system of courts that adjudicates legal disputes/disagreements "
justice,Justice,4,political-philosophy,16369,https://en.wikipedia.org/?curid=16369,wd:Q13189320,1,0,0,"In its broadest sense, justice is the treatment of individuals fairly. According to the Stanford Encyclopedia of Philosophy, the most plausible candidate for a core definition comes from the Institute"
justification,Justification (epistemology),4,epistemology,30248,https://en.wikipedia.org/?curid=30248,wd:Q145874,1,0,0,Justification (also called epistemic justification) is a property of beliefs that fulfill certain norms about what a person should believe. Epistemologists often identify justification as a component 
kernel-methods,Kernel method,4,machine-learning,3424576,https://en.wikipedia.org/?curid=3424576,wd:Q620622,1,6,0,"In machine learning, kernel machines are a class of algorithms for pattern analysis, whose best known member is the support-vector machine (SVM). These methods involve using linear classifiers to solv"
keynesian-economics,Keynesian economics,4,macroeconomics,17326,https://en.wikipedia.org/?curid=17326,wd:Q83937,1,102,0,"Keynesian economics ( KAYN-zee-ən; sometimes Keynesianism, named after British economist John Maynard Keynes) are the various macroeconomic theories and models of how aggregate demand (total spending "
kinesthetic-learning,Kinesthetic learning,4,pedagogy,1095131,https://en.wikipedia.org/?curid=1095131,wd:Q3647098,1,0,0,"Kinesthetic learning (American English), kinaesthetic learning (British English), or tactile learning is learning that involves physical activity. As cited by Favre (2009), Thomas Alva Edi Sound defin"
knowledge,Knowledge,4,epistemology,243391,https://en.wikipedia.org/?curid=243391,wd:Q9081,1,6,0,"Knowledge is an awareness of facts, a familiarity with individuals and situations, or a practical skill. Knowledge of facts, also called propositional knowledge, is often characterized as true belief "
knowledge-graphs,Knowledge graph,4,databases,64418530,https://en.wikipedia.org/?curid=64418530,wd:Q33002955,1,0,0,"In knowledge representation and reasoning, a knowledge graph is a knowledge base that uses a graph-structured data model or topology to represent and operate on data. Knowledge graphs are often used t"
knowledge-management,Knowledge management,4,business-administration,72896,https://en.wikipedia.org/?curid=72896,wd:Q192060,1,46,0,"Knowledge management (KM) refers to a range of processes focused on organizational awareness, learning, collaboration, and innovation. It involves using and sharing knowledge to support an organizatio"
knowledge-representation-and-reasoning,Knowledge representation and reasoning,4,artificial-intelligence,16920,https://en.wikipedia.org/?curid=16920,wd:Q3478658,1,60,0,"Knowledge representation (KR) aims to model information in a structured manner to formally represent it as knowledge in knowledge-based systems whereas knowledge representation and reasoning (KRR, KR&"
kolmogorov-complexity,Kolmogorov complexity,4,information-theory,1635,https://en.wikipedia.org/?curid=1635,wd:Q1456811,1,0,0,"In algorithmic information theory (a subfield of computer science and mathematics), the Kolmogorov complexity of an object, such as a piece of text, is the length of a shortest computer program (in a "
labor-economics,Labour economics,4,microeconomics,18178,https://en.wikipedia.org/?curid=18178,wd:Q28161,1,71,0,"Labour economics is the subfield of economics concerned with the study of labour as an input to economic production. Broadly, it surveys labor markets and the economic decisions of agents (i.e., worke"
landscape-ecology,Landscape ecology,4,physical-geography,252582,https://en.wikipedia.org/?curid=252582,wd:Q738011,1,0,0,"Landscape ecology is the science of studying and improving relationships between ecological processes in the environment and particular ecosystems. This is done within a variety of landscape scales, d"
entities-in-language,Language,4,language,17524,https://en.wikipedia.org/?curid=17524,wd:Q315,1,93,0,"Language is a structured system of communication that consists of grammar and vocabulary. It is the primary means by which humans convey meaning, both in spoken and signed forms, and may also be conve"
topics-in-language,Language,4,language,17524,https://en.wikipedia.org/?curid=17524,wd:Q315,1,103,0,"Language is a structured system of communication that consists of grammar and vocabulary. It is the primary means by which humans convey meaning, both in spoken and signed forms, and may also be conve"
language-assessment,Language assessment,4,applied-linguistics,16801992,https://en.wikipedia.org/?curid=16801992,wd:Q4536542,1,0,0,"Language assessment or language testing is a field of study under the umbrella of applied linguistics.  Its main focus is the assessment of first, second or other language in the school, college, or u"
language-development,Language development,4,psycholinguistics,2383086,https://en.wikipedia.org/?curid=2383086,wd:Q2330667,1,2,0,"Language development in humans is a process which starts early in life. Infants start without knowing a language, yet by 10 months, babies can distinguish speech sounds and engage in babbling. Some re"
language-documentation,Language documentation,4,applied-linguistics,4380142,https://en.wikipedia.org/?curid=4380142,wd:Q1133221,1,0,0,Language documentation (also: documentary linguistics) is a subfield of linguistics which aims to describe the grammar and use of human languages. It aims to provide a comprehensive record of the ling
language-education,Language education,4,applied-linguistics,186467,https://en.wikipedia.org/?curid=186467,wd:Q1455196,1,10,0,"Language education refers to the processes and practices of teaching a second or foreign language. Its study reflects interdisciplinary approaches, usually including some applied linguistics. There ar"
language-geography,Language geography,4,descriptive-linguistics,7464454,https://en.wikipedia.org/?curid=7464454,wd:Q371231,1,0,0,Language geography is the branch of human geography that studies the geographic distribution of language(s) or its constituent elements. Linguistic geography can also refer to studies of how people ta
language-policy,Language policy,4,language,373867,https://en.wikipedia.org/?curid=373867,wd:Q334451,1,6,0,"Language policy is both an interdisciplinary academic field and implementation of ideas about language use.
Some scholars such as Joshua Fishman and Ofelia García consider it as part of sociolinguisti"
language-revitalization,Language revitalization,4,applied-linguistics,577320,https://en.wikipedia.org/?curid=577320,wd:Q844244,1,0,0,"Language revitalization, also referred to as language revival or reversing language shift, is an attempt to halt or reverse the decline of a language or to revive an extinct one. Those involved can in"
large-language-models,Large language model,4,natural-language-processing,73248112,https://en.wikipedia.org/?curid=73248112,wd:Q115305900,1,2,0,"A large language model (LLM) is a neural network trained on a vast amount of text for natural language processing tasks, especially language generation. LLMs can generate, summarize, translate and par"
lasers,Laser,4,optics,17556,https://en.wikipedia.org/?curid=17556,wd:Q38867,1,46,0,A laser is a device that emits light through a process of optical amplification based on the stimulated emission of electromagnetic radiation. The word laser originated as an acronym for light amplifi
laser-cutting,Laser cutting,4,manufacturing-engineering,531911,https://en.wikipedia.org/?curid=531911,wd:Q593053,1,7,0,"Laser cutting is a technology that uses a laser to vaporize materials, resulting in a cut edge. While typically used for industrial manufacturing applications, it is now used by schools, small busines"
late-middle-ages,Late Middle Ages,4,middle-ages,2287895,https://en.wikipedia.org/?curid=2287895,wd:Q212976,1,5,0,The Late Middle Ages or late medieval period was the period of European history lasting from 1300 to 1500 AD. The late Middle Ages followed the High Middle Ages and preceded Early modern Europe (and i
late-modern-period,Late modern period,4,modern-era,23801631,https://en.wikipedia.org/?curid=23801631,wd:Q6495391,1,28,0,"In many periodizations of human history, the late modern period followed the early modern period. It began in 1789 with the start of the French Revolution and, depending on the author, either ended wi"
entities-in-law-enforcement,Law enforcement,4,law-enforcement,18486,https://en.wikipedia.org/?curid=18486,wd:Q44554,1,0,0,"Law enforcement is the activity of some members of the government or other social institutions who act in an organized manner to enforce the law by investigating, deterring, rehabilitating, or punishi"
topics-in-law-enforcement,Law enforcement,4,law-enforcement,18486,https://en.wikipedia.org/?curid=18486,wd:Q44554,1,30,0,"Law enforcement is the activity of some members of the government or other social institutions who act in an organized manner to enforce the law by investigating, deterring, rehabilitating, or punishi"
learning-by-teaching,Learning by teaching,4,pedagogy,1745942,https://en.wikipedia.org/?curid=1745942,wd:Q1820313,1,0,0,"In the field of pedagogy, learning by teaching  is a method of teaching in which students are made to learn material and prepare lessons to teach it to the other students. There is a strong emphasis o"
learning-spaces,Learning space,4,learning-theory,50129966,https://en.wikipedia.org/?curid=50129966,wd:Q25143906,1,0,0,"Learning space or learning setting is a physical setting for a learning environment, a place in which teaching and learning occur. It may be an indoor or outdoor location, either actual or virtual. Le"
learning-styles,Learning styles,4,learning-theory,1005416,https://en.wikipedia.org/?curid=1005416,wd:Q1820370,1,1,0,Learning styles refer to a range of theories that aim to account for differences in individuals' learning. Although there is ample evidence that individuals express personal preferences on how they pr
entities-in-learning-theory,Learning theory (education),4,learning-theory,17994,https://en.wikipedia.org/?curid=17994,wd:Q1790374,1,0,0,"Learning theory attempts to describe how students receive, process, and retain knowledge during learning. Cognitive, emotional, and environmental influences, as well as prior experience, all play a pa"
topics-in-learning-theory,Learning theory (education),4,learning-theory,17994,https://en.wikipedia.org/?curid=17994,wd:Q1790374,1,8,0,"Learning theory attempts to describe how students receive, process, and retain knowledge during learning. Cognitive, emotional, and environmental influences, as well as prior experience, all play a pa"
legislative-branch,Legislature,4,branches-of-government,44421,https://en.wikipedia.org/?curid=44421,wd:Q11204,1,12,0,"A legislature (UK: , US: ) is a deliberative assembly that holds the legal authority to make law and exercise political oversight within a political entity such as a  state, nation, or city. Legislatu"
leisure,Leisure,4,applied-sociology,17503,https://en.wikipedia.org/?curid=17503,wd:Q180910,1,6,0,"Leisure (UK: , US: ) has often been defined as a quality of experience or as free time. Free time is time spent away from business, work, job hunting, domestic chores, and education, as well as necess"
lexis,Lexis (linguistics),4,applied-linguistics,3136742,https://en.wikipedia.org/?curid=3136742,wd:Q3226977,1,0,0,"In linguistics, the term lexis (from Ancient Greek: λέξις 'word') designates the complete set of all possible words in a language, or a particular subset of words that are grouped by some specific lin"
liberalism,Liberalism,4,political-ideologies,19280734,https://en.wikipedia.org/?curid=19280734,wd:Q6216,1,22,0,"Liberalism is a political and moral philosophy based on the rights of the individual, liberty, consent of the governed, political equality, right to private property, and equality before the law. Diff"
libertarianism,Libertarianism,4,political-ideologies,3225498,https://en.wikipedia.org/?curid=3225498,wd:Q178598,1,3,0,"Libertarianism (from French: libertaire, lit. 'libertarian'; or from Latin: libertas, lit. 'freedom') is a political philosophy that holds liberty and personal sovereignty as primary values. Many libe"
liberty,Liberty,4,political-philosophy,936385,https://en.wikipedia.org/?curid=936385,wd:Q2979,1,14,0,"Liberty is the state of being free within society from restrictions imposed by authority on one's way of life, behavior, or political views. The concept of liberty can vary depending on perspective an"
lie-algebra,Lie algebra,4,algebra,17944,https://en.wikipedia.org/?curid=17944,wd:Q664495,1,8,0,"In mathematics, a Lie algebra (pronounced  LEE) is a vector space 
  
    
      
        
          
            g
          
        
      
    
    {\displaystyle {\mathfrak {g}}}
  
 together wit"
light-dependent-reactions,Light-dependent reactions,4,chemical-reactions,23982752,https://en.wikipedia.org/?curid=23982752,wd:Q862876,0,0,0,
limnology,Limnology,4,oceanography,145243,https://en.wikipedia.org/?curid=145243,wd:Q165838,1,0,0,"Limnology is the study of inland aquatic ecosystems. Pronounced  (lim-NOL-ə-jee), the name comes from Ancient Greek  λίμνη (límnē) 'lake' and  -λογία (-logía) 'study of'. It includes aspects of the bi"
linear-algebra,Linear algebra,4,algebra,18422,https://en.wikipedia.org/?curid=18422,wd:Q82571,1,201,0,"Linear algebra is the branch of mathematics concerning linear equations such as

  
    
      
        
          a
          
            1
          
        
        
          x
          
      "
entities-in-linguistic-anthropology,Linguistic anthropology,4,linguistic-anthropology,166208,https://en.wikipedia.org/?curid=166208,wd:Q772835,1,1,0,Linguistic anthropology is the interdisciplinary study of how language influences social life. It is a branch of anthropology that originated from the endeavor to document endangered languages and has
topics-in-linguistic-anthropology,Linguistic anthropology,4,linguistic-anthropology,166208,https://en.wikipedia.org/?curid=166208,wd:Q772835,1,5,0,Linguistic anthropology is the interdisciplinary study of how language influences social life. It is a branch of anthropology that originated from the endeavor to document endangered languages and has
entities-in-descriptive-linguistics,Linguistic description,4,descriptive-linguistics,55402,https://en.wikipedia.org/?curid=55402,wd:Q777864,0,0,0,
topics-in-descriptive-linguistics,Linguistic description,4,descriptive-linguistics,55402,https://en.wikipedia.org/?curid=55402,wd:Q777864,0,0,0,
linguistic-relativity,Linguistic relativity,4,philosophy-of-language,26915,https://en.wikipedia.org/?curid=26915,wd:Q179677,1,0,0,"Linguistic relativity asserts that language influences worldview or cognition. One form of linguistic relativity, linguistic determinism, regards peoples' languages as determining and influencing the "
linguistic-typology,Linguistic typology,4,theoretical-linguistics,48854,https://en.wikipedia.org/?curid=48854,wd:Q192625,1,0,0,Linguistic typology (or language typology) is a field of linguistics that studies and classifies languages according to their structural features to allow their comparison. Its aim is to describe and 
lipids,Lipid,4,biochemistry,17940,https://en.wikipedia.org/?curid=17940,wd:Q11367,1,55,0,"Lipids are a broad group of organic compounds that include fats, waxes, sterols, fat-soluble vitamins (such as vitamins A, D, E and K), monoglycerides, diglycerides, phospholipids, and others. The fun"
lipid-metabolism,Lipid metabolism,4,endocrinology,5988464,https://en.wikipedia.org/?curid=5988464,wd:Q2792936,1,20,0,"Lipid metabolism is the synthesis and degradation of lipids in cells, involving the breakdown and storage of fats for energy and the synthesis of structural and functional lipids, such as those involv"
liquid-crystal,Liquid crystal,4,optics,17973,https://en.wikipedia.org/?curid=17973,wd:Q203989,1,4,0,"Liquid crystal (LC) is a state of matter whose properties are between those of conventional liquids and those of solid crystals. For example, a liquid crystal can flow like a liquid, but its molecules"
entities-in-branches-of-law,List of areas of law,4,branches-of-law,3381901,https://en.wikipedia.org/?curid=3381901,wd:Q61019077,0,0,0,
topics-in-branches-of-law,List of areas of law,4,branches-of-law,3381901,https://en.wikipedia.org/?curid=3381901,wd:Q61019077,0,7,0,
literary-movements,List of literary movements,4,literary-history,1588815,https://en.wikipedia.org/?curid=1588815,wd:Q3083584,1,3,0,"Literary movements are a way to divide literature into categories of similar philosophical, topical, or aesthetic features, as opposed to divisions by genre or period. Like other categorizations, lite"
trigonometric-identities,List of trigonometric identities,4,trigonometry,25804104,https://en.wikipedia.org/?curid=25804104,wd:Q273008,1,8,0,"In trigonometry, trigonometric identities are equalities that involve trigonometric functions and are true for every value of the occurring variables for which both sides of the equality are defined. "
writers,Lists of writers,4,literary-history,64067,https://en.wikipedia.org/?curid=64067,wd:Q13019738,1,0,0,The following are lists of writers:
entities-in-literary-criticism,Literary criticism,4,literary-criticism,51123,https://en.wikipedia.org/?curid=51123,wd:Q58854,1,0,0,"A genre of arts criticism, literary criticism or literary studies is the study, evaluation, and interpretation of literature. Modern literary criticism is often influenced by literary theory, which is"
topics-in-literary-criticism,Literary criticism,4,literary-criticism,51123,https://en.wikipedia.org/?curid=51123,wd:Q58854,1,22,0,"A genre of arts criticism, literary criticism or literary studies is the study, evaluation, and interpretation of literature. Modern literary criticism is often influenced by literary theory, which is"
entities-in-literary-genres,Literary genre,4,literary-genres,455547,https://en.wikipedia.org/?curid=455547,wd:Q223393,1,0,0,"A literary genre is a category of literature. Genres may be determined by literary technique, tone, content, or length (especially for fiction). They generally move from more abstract, encompassing cl"
topics-in-literary-genres,Literary genre,4,literary-genres,455547,https://en.wikipedia.org/?curid=455547,wd:Q223393,1,40,0,"A literary genre is a category of literature. Genres may be determined by literary technique, tone, content, or length (especially for fiction). They generally move from more abstract, encompassing cl"
literary-theory,Literary theory,4,literary-criticism,51119,https://en.wikipedia.org/?curid=51119,wd:Q459381,1,7,0,"Literary theory is the systematic study of the nature of literature and of the methods for literary analysis. Since the 19th century, literary scholarship includes literary theory and considerations o"
liver-disease,Liver disease,4,hepatology,865271,https://en.wikipedia.org/?curid=865271,wd:Q929737,1,76,0,"Liver disease, or hepatic disease, is any of many diseases of the liver. If long-lasting it is termed chronic liver disease. Although the diseases differ in detail, liver diseases often have features "
local-area-networks,Local area network,4,computer-networks,17739,https://en.wikipedia.org/?curid=17739,wd:Q11381,1,102,0,"A local area network (LAN) is a computer network that interconnects computers within a limited area such as a residence, campus, or building, and has its network equipment and interconnects locally ma"
logistics,Logistics,4,supply-chain,77547,https://en.wikipedia.org/?curid=77547,wd:Q177777,1,25,0,"Logistics is the part of supply chain management that deals with the efficient forward and reverse flow of goods, services, and related information from the point of origin to the point of consumption"
lyme-disease,Lyme disease,4,infectious-diseases,244113,https://en.wikipedia.org/?curid=244113,wd:Q201989,1,11,0,"Lyme disease, also known as Lyme borreliosis, is a tick-borne disease caused by species of Borrelia bacteria, transmitted by blood-feeding ticks in the genus Ixodes. It is the most common disease spre"
lymphoma,Lymphoma,4,hematology,71422,https://en.wikipedia.org/?curid=71422,wd:Q208414,1,51,0,Lymphoma is a group of blood and lymph tumors that develop from lymphocytes (a type of white blood cell). The name typically refers to just the cancerous versions rather than all such tumors. Signs an
microelectromechanical-systems,MEMS,4,electromechanics,19638,https://en.wikipedia.org/?curid=19638,wd:Q175561,1,21,0,MEMS (micro-electromechanical systems) is the technology of microscopic devices incorporating both electronic and moving parts. MEMS are made up of components between 1 and 100 micrometres in size (i.
entities-in-machine-learning,Machine learning,4,machine-learning,233488,https://en.wikipedia.org/?curid=233488,wd:Q2539,1,1,0,"Machine learning (ML) is a field of study in artificial intelligence concerned with the development and study of statistical algorithms that can learn from data and generalize to unseen data, and thus"
topics-in-machine-learning,Machine learning,4,machine-learning,233488,https://en.wikipedia.org/?curid=233488,wd:Q2539,1,40,0,"Machine learning (ML) is a field of study in artificial intelligence concerned with the development and study of statistical algorithms that can learn from data and generalize to unseen data, and thus"
machine-tool,Machine tool,4,industrial-processes,191490,https://en.wikipedia.org/?curid=191490,wd:Q19768,1,43,0,"A machine tool is a machine for handling or machining metal or other rigid materials, usually by cutting, boring, grinding, shearing, or other forms of deformations.  Machine tools employ some sort of"
entities-in-macroeconomics,Macroeconomics,4,macroeconomics,18820,https://en.wikipedia.org/?curid=18820,wd:Q39680,1,1,0,"Macroeconomics is a branch of economics that deals with the performance, structure, behavior, and decision-making of an economy as a whole. This includes regional, national, and global economies. Macr"
topics-in-macroeconomics,Macroeconomics,4,macroeconomics,18820,https://en.wikipedia.org/?curid=18820,wd:Q39680,1,105,0,"Macroeconomics is a branch of economics that deals with the performance, structure, behavior, and decision-making of an economy as a whole. This includes regional, national, and global economies. Macr"
macromolecular-chemistry,Macromolecule,4,chemical-reactions,106231,https://en.wikipedia.org/?curid=106231,wd:Q178593,1,8,0,"A macromolecule is a ""molecule of high relative molecular mass, the structure of which essentially comprises the multiple repetition of units derived, actually or conceptually, from molecules of low r"
magneto-optics,Magneto-optic effect,4,electromagnetism,41343,https://en.wikipedia.org/?curid=41343,wd:Q2744368,1,6,0,A magneto-optic effect is any one of a number of phenomena in which an electromagnetic wave propagates through a medium that has been altered by the presence of a quasistatic magnetic field.   In such
magnetochemistry,Magnetochemistry,4,inorganic-chemistry,30897833,https://en.wikipedia.org/?curid=30897833,wd:Q906226,1,0,0,Magnetochemistry is concerned with the magnetic properties of chemical compounds and elements. Magnetic properties arise from the spin and orbital angular momentum of the electrons contained in a comp
magnetospheres,Magnetosphere,4,planetary-science,20479,https://en.wikipedia.org/?curid=20479,wd:Q6915,1,1,0,"In astronomy and planetary science, a magnetosphere is a region of space surrounding an astronomical object, such as a planet or other object, in which charged particles are affected by that object's "
magnetostatics,Magnetostatics,4,electromagnetism,1509289,https://en.wikipedia.org/?curid=1509289,wd:Q665093,1,3,0,"Magnetostatics is the study of magnetic fields in systems where the currents are steady (not changing with time). It is the magnetic analogue of electrostatics, where the charges are stationary. The m"
entities-in-belief-systems,Major religious groups,4,belief-systems,348450,https://en.wikipedia.org/?curid=348450,wd:Q6957341,0,0,0,
topics-in-belief-systems,Major religious groups,4,belief-systems,348450,https://en.wikipedia.org/?curid=348450,wd:Q6957341,0,0,0,
majoritarianism,Majoritarianism,4,political-ideologies,617451,https://en.wikipedia.org/?curid=617451,wd:Q1327574,1,0,0,"Majoritarianism is a political philosophy or ideology with an agenda asserting that a majority, whether based on a religion, language, social class, or other category of the population, is entitled to"
malacology,Malacology,4,zoology,353091,https://en.wikipedia.org/?curid=353091,wd:Q190993,1,0,0,"Malacology, from Ancient Greek μαλακός (malakós), meaning ""soft"", and λόγος (lógos), meaning ""study"", is the branch of invertebrate zoology that deals with the study of the Mollusca (molluscs or mollu"
mammalogy,Mammalogy,4,zoology,438758,https://en.wikipedia.org/?curid=438758,wd:Q183904,1,0,0,"In zoology, mammalogy, from Latin mamma, meaning ""breast"", and -logy from λόγος (lógos), meaning ""study"", is the study of mammals – a class of vertebrates with characteristics such as homeothermic met"
management-accounting,Management accounting,4,accounting,42272,https://en.wikipedia.org/?curid=42272,wd:Q2990807,1,6,0,"In management accounting or managerial accounting, managers use accounting information in decision-making and to assist in the management and performance of their control functions."
managerial-economics,Managerial economics,4,microeconomics,523104,https://en.wikipedia.org/?curid=523104,wd:Q3297447,1,0,0,"Managerial economics is a branch of economics involving the application of economic methods in the organizational decision-making process. Economics is the study of the production, distribution, and c"
manifolds,Manifold,4,topology,2073470,https://en.wikipedia.org/?curid=2073470,wd:Q203920,1,46,0,"In mathematics, a manifold is a topological space that locally resembles Euclidean space near each point. More precisely, an 
  
    
      
        n
      
    
    {\displaystyle n}
  
-dimensional"
entities-in-manufacturing-engineering,Manufacturing engineering,4,manufacturing-engineering,11200529,https://en.wikipedia.org/?curid=11200529,wd:Q11049265,1,0,0,"Manufacturing engineering or production engineering is a branch of professional engineering that shares many common concepts and ideas with other fields of engineering such as mechanical, chemical, el"
topics-in-manufacturing-engineering,Manufacturing engineering,4,manufacturing-engineering,11200529,https://en.wikipedia.org/?curid=11200529,wd:Q11049265,1,1,0,"Manufacturing engineering or production engineering is a branch of professional engineering that shares many common concepts and ideas with other fields of engineering such as mechanical, chemical, el"
many-valued-logic,Many-valued logic,4,non-classical-logic,38024,https://en.wikipedia.org/?curid=38024,wd:Q185502,1,12,0,"Many-valued logic (also multi- or multiple-valued logic) is a propositional calculus in which there are more than two truth values. Traditionally, in Aristotle's logical calculus, there were only two "
entities-in-marine-biology,Marine biology,4,marine-biology,20021,https://en.wikipedia.org/?curid=20021,wd:Q7173,1,0,0,"Marine biology is the scientific study of the biology of marine life, organisms that inhabit the sea. Given that in biology many phyla, families and genera have some species that live in the sea and o"
topics-in-marine-biology,Marine biology,4,marine-biology,20021,https://en.wikipedia.org/?curid=20021,wd:Q7173,1,135,0,"Marine biology is the scientific study of the biology of marine life, organisms that inhabit the sea. Given that in biology many phyla, families and genera have some species that live in the sea and o"
marine-chemistry,Marine chemistry,4,oceanography,23423919,https://en.wikipedia.org/?curid=23423919,wd:Q7076133,1,0,0,"Marine chemistry, also known as ocean chemistry or chemical oceanography, is the study of the chemical composition and processes of the world’s oceans, including the interactions between seawater, the"
entities-in-marine-engineering,Marine engineering,4,marine-engineering,3552729,https://en.wikipedia.org/?curid=3552729,wd:Q118291,1,1,0,"Marine engineering is the engineering of watercrafts, ocean systems, and ocean structures. After completing this degree, one can join a ship as an officer in the engine department and eventually rise "
topics-in-marine-engineering,Marine engineering,4,marine-engineering,3552729,https://en.wikipedia.org/?curid=3552729,wd:Q118291,1,19,0,"Marine engineering is the engineering of watercrafts, ocean systems, and ocean structures. After completing this degree, one can join a ship as an officer in the engine department and eventually rise "
marine-geology,Marine geology,4,oceanography,1819715,https://en.wikipedia.org/?curid=1819715,wd:Q1050578,1,38,0,"Marine geology or geological oceanography is the study of the history and structure of the ocean floor. It involves geophysical, geochemical, sedimentological and paleontological investigations of the"
marine-propulsion,Marine propulsion,4,marine-engineering,8379893,https://en.wikipedia.org/?curid=8379893,wd:Q11482290,1,6,0,"Marine propulsion is the mechanism or system used to generate thrust to move a watercraft through water. While paddles and sails are still used on some smaller boats, most modern ships are propelled b"
maritime-transport,Maritime transport,4,transportation-engineering,28769,https://en.wikipedia.org/?curid=28769,wd:Q155930,1,44,0,"Maritime transport (or ocean transport) or more generally waterborne transport, is the transport of people (passengers) or goods (cargo) via waterways. Freight transport by watercraft has been widely "
markets,Market (economics),4,macroeconomics,3736784,https://en.wikipedia.org/?curid=3736784,wd:Q37654,1,91,0,"In economics, a market is a composition of systems, institutions, procedures, social relations or infrastructures whereby parties engage in exchange. While parties may exchange goods and services by b"
entities-in-marketing,Marketing,4,marketing,59252,https://en.wikipedia.org/?curid=59252,wd:Q39809,1,0,0,"Marketing is the act of acquiring, satisfying and retaining customers. It is one of the primary components of business management and commerce.
Marketing is usually conducted by the seller, typically "
topics-in-marketing,Marketing,4,marketing,59252,https://en.wikipedia.org/?curid=59252,wd:Q39809,1,9,0,"Marketing is the act of acquiring, satisfying and retaining customers. It is one of the primary components of business management and commerce.
Marketing is usually conducted by the seller, typically "
marketing-management,Marketing management,4,marketing,241637,https://en.wikipedia.org/?curid=241637,wd:Q1143466,1,0,0,"Marketing management is the strategic organizational discipline that focuses on the practical application of marketing orientation, techniques and methods inside enterprises and organizations and on t"
marxian-economics,Marxian economics,4,macroeconomics,42824033,https://en.wikipedia.org/?curid=42824033,wd:Q854537,1,7,0,"Marxian economics, or the Marxian school of economics, is a heterodox school of political economic thought. Its foundations can be traced back to Karl Marx's critique of political economy. However, un"
marxism,Marxism,4,political-ideologies,1904053,https://en.wikipedia.org/?curid=1904053,wd:Q7264,1,24,0,"Marxism is a political philosophy and method of socioeconomic analysis that uses a dialectical materialist interpretation of historical development, known as historical materialism, to understand clas"
entities-in-mass-communication,Mass communication,4,mass-communication,1605735,https://en.wikipedia.org/?curid=1605735,wd:Q853710,1,1,0,Mass communication is the process of communicating and exchanging information through mass media to large population segments. It utilizes various forms of media as technology has made the disseminati
topics-in-mass-communication,Mass communication,4,mass-communication,1605735,https://en.wikipedia.org/?curid=1605735,wd:Q853710,1,81,0,Mass communication is the process of communicating and exchanging information through mass media to large population segments. It utilizes various forms of media as technology has made the disseminati
mass-media,Mass media,4,mass-communication,19641,https://en.wikipedia.org/?curid=19641,wd:Q11033,1,7,0,"Mass media refers to the forms of media that reach large audiences via mass communication. It includes broadcast media, digital media, print media, social media, streaming media, advertising, and even"
mass-production,Mass production,4,industrial-processes,63137,https://en.wikipedia.org/?curid=63137,wd:Q215768,1,27,0,"Mass production, also known as series production, series manufacture, or continuous production, is the production of substantial amounts of standardized products in a constant flow, including and espe"
mass-spectrometry,Mass spectrometry,4,analytical-chemistry,283810,https://en.wikipedia.org/?curid=283810,wd:Q180809,1,63,0,"Mass spectrometry (MS) is an analytical technique that is used to measure the mass-to-charge ratio of ions. The results are presented as a mass spectrum, a plot of intensity as a function of the mass-"
mass-transfer,Mass transfer,4,thermodynamics,20437,https://en.wikipedia.org/?curid=20437,wd:Q909534,1,11,0,"Mass transfer is the net movement of mass from one location (usually meaning  stream, phase, fraction, or component) to another. Mass transfer occurs in many processes, such as absorption, evaporation"
massive-open-online-courses,Massive open online course,4,educational-technology,32362461,https://en.wikipedia.org/?curid=32362461,wd:Q967853,1,18,0,"A massive open online course (MOOC ) or an open online course is an online course aimed at unlimited participation and open access via the Web. In addition to traditional course materials, such as fil"
entities-in-materials-science,Materials science,4,materials-science,19622,https://en.wikipedia.org/?curid=19622,wd:Q228736,1,0,0,Materials science is an interdisciplinary field concerned with understanding the relationships between the structure of materials and their properties and using this knowledge to design materials for 
topics-in-materials-science,Materials science,4,materials-science,19622,https://en.wikipedia.org/?curid=19622,wd:Q228736,1,18,0,Materials science is an interdisciplinary field concerned with understanding the relationships between the structure of materials and their properties and using this knowledge to design materials for 
entities-in-analysis,Mathematical analysis,4,analysis,48396,https://en.wikipedia.org/?curid=48396,wd:Q7754,1,0,0,"Analysis is the branch of mathematics dealing with continuous functions, limits, and related theories, such as differentiation, integration, measure, infinite sequences, series, and analytic functions"
topics-in-analysis,Mathematical analysis,4,analysis,48396,https://en.wikipedia.org/?curid=48396,wd:Q7754,1,22,0,"Analysis is the branch of mathematics dealing with continuous functions, limits, and related theories, such as differentiation, integration, measure, infinite sequences, series, and analytic functions"
entities-in-mathematical-and-theoretical-biology,Mathematical and theoretical biology,4,mathematical-and-theoretical-biology,662088,https://en.wikipedia.org/?curid=662088,wd:Q751611,1,0,0,"Mathematical and theoretical biology, or biomathematics, is a branch of biology which employs theoretical analysis, mathematical modeling, and abstractions about living organisms to investigate the pr"
topics-in-mathematical-and-theoretical-biology,Mathematical and theoretical biology,4,mathematical-and-theoretical-biology,662088,https://en.wikipedia.org/?curid=662088,wd:Q751611,1,0,0,"Mathematical and theoretical biology, or biomathematics, is a branch of biology which employs theoretical analysis, mathematical modeling, and abstractions about living organisms to investigate the pr"
mathematical-chemistry,Mathematical chemistry,4,theoretical-chemistry,1570072,https://en.wikipedia.org/?curid=1570072,wd:Q2556886,1,1,0,Mathematical chemistry is the area of research engaged in novel applications of mathematics to chemistry; it concerns itself principally with the mathematical modeling of chemical phenomena. Mathemati
mathematical-economics,Mathematical economics,4,microeconomics,18967255,https://en.wikipedia.org/?curid=18967255,wd:Q747534,1,0,0,"Mathematical economics is the application of mathematical methods to represent theories and analyze problems in economics. Often, these applied methods are beyond simple geometry, and may include diff"
mathematical-formulation-of-quantum-mechanics,Mathematical formulation of quantum mechanics,4,quantum-mechanics,20728,https://en.wikipedia.org/?curid=20728,wd:Q606855,1,57,0,The mathematical formulations of quantum mechanics are those mathematical formalisms that permit a rigorous description of quantum mechanics. This mathematical formalism uses mainly a part of function
entities-in-mathematical-logic,Mathematical logic,4,mathematical-logic,19636,https://en.wikipedia.org/?curid=19636,wd:Q1166618,1,0,0,"Mathematical logic is the study of formal logic within mathematics. Major subareas include model theory, proof theory, set theory, and recursion theory (also known as computability theory). Research i"
topics-in-mathematical-logic,Mathematical logic,4,mathematical-logic,19636,https://en.wikipedia.org/?curid=19636,wd:Q1166618,1,5,0,"Mathematical logic is the study of formal logic within mathematics. Major subareas include model theory, proof theory, set theory, and recursion theory (also known as computability theory). Research i"
entities-in-mathematical-optimization,Mathematical optimization,4,mathematical-optimization,52033,https://en.wikipedia.org/?curid=52033,wd:Q141495,1,0,0,"Mathematical optimization (alternatively spelled optimisation) or mathematical programming is the selection of a best element, with regard to some criteria, from some set of available alternatives. It"
topics-in-mathematical-optimization,Mathematical optimization,4,mathematical-optimization,52033,https://en.wikipedia.org/?curid=52033,wd:Q141495,1,5,0,"Mathematical optimization (alternatively spelled optimisation) or mathematical programming is the selection of a best element, with regard to some criteria, from some set of available alternatives. It"
mathematical-psychology,Mathematical psychology,4,basic-psychology,2081516,https://en.wikipedia.org/?curid=2081516,wd:Q1908389,1,0,0,"Mathematical psychology is an approach to psychological research that is based on mathematical modeling of perceptual, thought, cognitive and motor processes, and on the establishment of law-like rule"
mathematical-statistics,Mathematical statistics,4,statistical-inference,888711,https://en.wikipedia.org/?curid=888711,wd:Q745328,1,217,0,"Mathematical statistics is the application of probability theory and other mathematical concepts to statistics, as opposed to techniques for collecting statistical data. Specific mathematical techniqu"
mathematics-and-architecture,Mathematics and architecture,4,architectural-theory,279293,https://en.wikipedia.org/?curid=279293,wd:Q3535118,1,0,0,"Mathematics and architecture are related, since architecture, like some other arts, uses mathematics for several reasons. Apart from the mathematics needed when engineering buildings, architects use g"
meaning-in-philosophy,Meaning (philosophy),4,philosophy-of-language,4102640,https://en.wikipedia.org/?curid=4102640,wd:Q16877777,1,0,0,"Studied in the fields of philosophy of language and semantics, meaning ""is a relationship between two sorts of things: signs and the kinds of things they intend, express, or signify""..
Meanings can be"
measure-theory,Measure (mathematics),4,analysis,19873,https://en.wikipedia.org/?curid=19873,wd:Q192276,1,60,0,"In mathematics, the concept of a measure is a generalization and formalization of geometrical measures (length, area, volume) and other common notions, such as magnitude, mass, and probability of even"
meat-industry,Meat industry,4,animal-husbandry,1922978,https://en.wikipedia.org/?curid=1922978,wd:Q11828861,1,2,0,"The meat industry are the people and companies engaged in modern industrialized livestock agriculture for the production, packing, preservation and marketing of meat (in contrast to dairy products, wo"
entities-in-mechanics,Mechanics,4,mechanics,19559,https://en.wikipedia.org/?curid=19559,wd:Q41217,1,0,0,"Mechanics (from Ancient Greek  μηχανική (mēkhanikḗ) 'of machines') is the area of physics concerned with the relationships between force, matter, and motion among physical objects. Forces applied to o"
topics-in-mechanics,Mechanics,4,mechanics,19559,https://en.wikipedia.org/?curid=19559,wd:Q41217,1,0,0,"Mechanics (from Ancient Greek  μηχανική (mēkhanikḗ) 'of machines') is the area of physics concerned with the relationships between force, matter, and motion among physical objects. Forces applied to o"
entities-in-mechatronics,Mechatronics,4,mechatronics,304604,https://en.wikipedia.org/?curid=304604,wd:Q180165,1,0,0,"Mechatronics engineering, also called mechatronics, is the synergistic integration of mechanical, electrical, and computer systems employing mechanical engineering, electrical engineering, electronic "
mechatronics-engineering,Mechatronics,4,mechatronics,304604,https://en.wikipedia.org/?curid=304604,wd:Q180165,1,0,0,"Mechatronics engineering, also called mechatronics, is the synergistic integration of mechanical, electrical, and computer systems employing mechanical engineering, electrical engineering, electronic "
topics-in-mechatronics,Mechatronics,4,mechatronics,304604,https://en.wikipedia.org/?curid=304604,wd:Q180165,1,0,0,"Mechatronics engineering, also called mechatronics, is the synergistic integration of mechanical, electrical, and computer systems employing mechanical engineering, electrical engineering, electronic "
medical-image-computing,Medical image computing,4,biotechnology,35201519,https://en.wikipedia.org/?curid=35201519,wd:Q6806550,1,6,0,Medical image computing (MIC) is the use of computational and mathematical methods for solving problems pertaining to medical images and their use for biomedical research and clinical care. It is an i
medical-psychology,Medical psychology,4,applied-psychology,20357,https://en.wikipedia.org/?curid=20357,wd:Q1916597,1,0,0,"Medical psychology or Medicopsychology is the application of psychological principles to the practice of medicine, sometimes using drugs for both physical and mental disorders. 

A medical psychologis"
medicinal-chemistry,Medicinal chemistry,4,organic-chemistry,938177,https://en.wikipedia.org/?curid=938177,wd:Q243455,1,1,0,Medicinal or pharmaceutical chemistry is a scientific discipline at the intersection of chemistry and pharmacy involved with designing and developing pharmaceutical drugs. Medicinal chemistry involves
global-cities,Megalopolis,4,urbanism,5688834,https://en.wikipedia.org/?curid=5688834,wd:Q471822,1,40,0,"A megalopolis (), also called a supercity or megaregion, is a group of metropolitan areas which are perceived as a continuous urban area through common systems of transport, economy, resources, ecolog"
memory-management,Memory management,4,computer-architecture,66924,https://en.wikipedia.org/?curid=66924,wd:Q2308807,1,14,0,"Memory management (also dynamic memory management, dynamic storage allocation, or dynamic memory allocation) is a form of resource management applied to computer memory. The essential requirement of m"
entities-in-mesoeconomics,Mesoeconomics,4,mesoeconomics,3355693,https://en.wikipedia.org/?curid=3355693,wd:Q1423698,1,0,0,"Mesoeconomics or Mezzoeconomics is a neologism used to describe the study of economic arrangements which are not based either on the microeconomics of buying and selling and supply and demand, nor on "
topics-in-mesoeconomics,Mesoeconomics,4,mesoeconomics,3355693,https://en.wikipedia.org/?curid=3355693,wd:Q1423698,1,0,0,"Mesoeconomics or Mezzoeconomics is a neologism used to describe the study of economic arrangements which are not based either on the microeconomics of buying and selling and supply and demand, nor on "
metabolic-disorders,Metabolic disorder,4,endocrinology,2280325,https://en.wikipedia.org/?curid=2280325,wd:Q2351083,1,47,0,"A metabolic disorder is a disorder that negatively alters the body's processing and distribution of macronutrients, such as proteins, fats, and carbohydrates. Metabolic disorders can happen when abnor"
cell-metabolism,Metabolism,4,cell-biology,20374,https://en.wikipedia.org/?curid=20374,wd:Q1057,1,179,0,"Metabolism (, from Greek: μεταβολή metabolē, ""change"") refers to the set of life-sustaining chemical reactions that occur within living organisms. The three main functions of metabolism are the conver"
metaethics,Metaethics,4,ethics,18917,https://en.wikipedia.org/?curid=18917,wd:Q56003,1,5,0,"In metaphilosophy and ethics, metaethics (meta-ethics) is the study of the nature, scope, ground, and meaning of moral judgment, ethical belief, or values. It is one of the three branches of ethics ge"
metaheuristics,Metaheuristic,4,mathematical-optimization,774458,https://en.wikipedia.org/?curid=774458,wd:Q1385229,1,46,0,"In computer science and mathematical optimization, a metaheuristic is a higher-level procedure or heuristic designed to find, generate, tune, or select a heuristic (partial search algorithm) that may "
metallurgy,Metallurgy,4,materials-science,19722,https://en.wikipedia.org/?curid=19722,wd:Q11467,1,11,0,"Metallurgy is a domain of materials science and engineering that studies the physical and chemical behavior of metallic elements, their inter-metallic compounds, and their mixtures, which are known as"
metalogic,Metalogic,4,mathematical-logic,387934,https://en.wikipedia.org/?curid=387934,wd:Q1366730,1,0,0,"Metalogic is the metatheory of logic. Whereas logic studies how logical systems can be used to construct valid and sound arguments, metalogic studies the properties of logical systems. Logic concerns "
metalworking,Metalworking,4,materials-science,266443,https://en.wikipedia.org/?curid=266443,wd:Q953045,1,14,0,"Metalworking is the process of shaping and reshaping metals in order to create useful objects, parts, assemblies, and large scale structures. As a term, it covers a wide and diverse range of processes"
metamaterials,Metamaterial,4,materials-science,906878,https://en.wikipedia.org/?curid=906878,wd:Q497166,1,17,0,"A metamaterial (from the Greek word μετά meta, meaning 'beyond' or 'after', and the Latin word materia, meaning 'matter' or 'material') is an engineered material whose properties arise not from the ch"
metamathematics,Metamathematics,4,mathematical-logic,183508,https://en.wikipedia.org/?curid=183508,wd:Q903508,1,0,0,"Metamathematics is the study of mathematics itself using mathematical methods. This study produces metatheories, which are mathematical theories about other mathematical theories. Emphasis on metamath"
entities-in-metaphilosophy,Metaphilosophy,4,metaphilosophy,18887,https://en.wikipedia.org/?curid=18887,wd:Q596284,1,0,0,"Metaphilosophy, sometimes called the philosophy of philosophy, is ""the investigation of the nature of philosophy"". Its subject matter includes the aims of philosophy, the boundaries of philosophy, and"
topics-in-metaphilosophy,Metaphilosophy,4,metaphilosophy,18887,https://en.wikipedia.org/?curid=18887,wd:Q596284,1,1,0,"Metaphilosophy, sometimes called the philosophy of philosophy, is ""the investigation of the nature of philosophy"". Its subject matter includes the aims of philosophy, the boundaries of philosophy, and"
entities-in-metaphysics,Metaphysics,4,metaphysics,18895,https://en.wikipedia.org/?curid=18895,wd:Q35277,1,3,0,"Metaphysics is the branch of philosophy that examines the basic structure of reality. It is traditionally seen as the study of mind-independent features of the world, but some theorists view it as an "
topics-in-metaphysics,Metaphysics,4,metaphysics,18895,https://en.wikipedia.org/?curid=18895,wd:Q35277,1,17,0,"Metaphysics is the branch of philosophy that examines the basic structure of reality. It is traditionally seen as the study of mind-independent features of the world, but some theorists view it as an "
meteorology,Meteorology,4,atmospheric-science,19904,https://en.wikipedia.org/?curid=19904,wd:Q25261,1,191,0,"Meteorology is the scientific study of the Earth's atmosphere and short-term atmospheric phenomena (i.e., weather), with a focus on weather forecasting. It has applications in the military, aviation, "
entities-in-research-methods,Methodology,4,research-methods,620667,https://en.wikipedia.org/?curid=620667,wd:Q185698,1,0,0,"In its most common sense, methodology is the study of research methods. However, the term can also refer to the methods themselves or to the philosophical discussion of associated background assumptio"
topics-in-research-methods,Methodology,4,research-methods,620667,https://en.wikipedia.org/?curid=620667,wd:Q185698,1,0,0,"In its most common sense, methodology is the study of research methods. However, the term can also refer to the methods themselves or to the philosophical discussion of associated background assumptio"
methylation,Methylation,4,chemical-reactions,89188,https://en.wikipedia.org/?curid=89188,wd:Q518328,1,3,0,"Methylation, in the chemical sciences, is the addition of a methyl group on a substrate, or the substitution of an atom (or group) by a methyl group. Methylation is a form of alkylation, with a methyl"
microarchitecture,Microarchitecture,4,computer-architecture,1410175,https://en.wikipedia.org/?curid=1410175,wd:Q259864,1,1,0,"In electronics, computer science and computer engineering, microarchitecture, also called computer organization and sometimes abbreviated as μarch or uarch, is the way a given instruction set architec"
microbial-ecology,Microbial ecology,4,ecology,1057083,https://en.wikipedia.org/?curid=1057083,wd:Q3054637,1,0,0,"Microbial ecology (or environmental microbiology) is a discipline where the interaction of microorganisms and their environment are studied. Microorganisms are known to have beneficial, neutral and ha"
microbial-genetics,Microbial genetics,4,genetics,5762008,https://en.wikipedia.org/?curid=5762008,wd:Q3634109,1,0,0,Microbial genetics is a subject area within microbiology and genetic engineering. Microbial genetics studies microorganisms for different purposes. The microorganisms that are observed are bacteria an
entities-in-microbiology,Microbiology,4,microbiology,21393077,https://en.wikipedia.org/?curid=21393077,wd:Q7193,1,0,0,"Microbiology (from Ancient Greek  μῑκρος (mīkros) 'small';  βίος (bíos) 'life' and  -λογία (-logía) 'study of') is the scientific study of microorganisms, those being of unicellular (single-celled), m"
topics-in-microbiology,Microbiology,4,microbiology,21393077,https://en.wikipedia.org/?curid=21393077,wd:Q7193,0,8,0,
entities-in-microeconomics,Microeconomics,4,microeconomics,18819,https://en.wikipedia.org/?curid=18819,wd:Q39072,1,0,0,Microeconomics is a branch of economics that studies the behavior of individuals and firms in making decisions regarding the allocation of scarce resources and the interactions among these individuals
topics-in-microeconomics,Microeconomics,4,microeconomics,18819,https://en.wikipedia.org/?curid=18819,wd:Q39072,1,11,0,Microeconomics is a branch of economics that studies the behavior of individuals and firms in making decisions regarding the allocation of scarce resources and the interactions among these individuals
microorganisms,Microorganism,4,cell-biology,20377,https://en.wikipedia.org/?curid=20377,wd:Q39833,1,73,0,"A microorganism, or microbe, is an organism of microscopic size, which may exist in its single-celled form or as a colony of cells. The possible existence of unseen microbial life was suspected from a"
microprocessors,Microprocessor,4,hardware-engineering,19553,https://en.wikipedia.org/?curid=19553,wd:Q5297,1,195,0,"A microprocessor is a computer processor for which the data processing logic and control is included on a single integrated circuit (IC), or a small number of ICs. The microprocessor contains the arit"
microwave-chemistry,Microwave chemistry,4,physical-chemistry,1710956,https://en.wikipedia.org/?curid=1710956,wd:Q905377,1,0,0,"Microwave chemistry is the science of applying microwave radiation to chemical reactions.
Microwaves act as high frequency electric fields and will generally heat any material containing mobile electr"
entities-in-microwave-engineering,Microwave engineering,4,microwave-engineering,31789966,https://en.wikipedia.org/?curid=31789966,wd:Q11339597,1,0,0,"Microwave engineering pertains to the study and design of microwave circuits, components, and systems. Fundamental principles are applied to analysis, design and measurement techniques in this field. "
topics-in-microwave-engineering,Microwave engineering,4,microwave-engineering,31789966,https://en.wikipedia.org/?curid=31789966,wd:Q11339597,0,0,0,
entities-in-middle-ages,Middle Ages,4,middle-ages,18836,https://en.wikipedia.org/?curid=18836,wd:Q12554,1,3,0,"In the history of Europe, the Middle Ages or medieval period lasted approximately from the 5th to late 15th centuries, comparable with the post-classical period of global history. The medieval period "
topics-in-middle-ages,Middle Ages,4,middle-ages,18836,https://en.wikipedia.org/?curid=18836,wd:Q12554,1,28,0,"In the history of Europe, the Middle Ages or medieval period lasted approximately from the 5th to late 15th centuries, comparable with the post-classical period of global history. The medieval period "
military,Military,4,military-organisations,92357,https://en.wikipedia.org/?curid=92357,wd:Q8473,1,58,0,"A military, also known collectively as armed forces, is a heavily armed, highly organized force primarily intended for warfare. Militaries are typically authorized and maintained by a sovereign state,"
entities-in-military-history,Military history,4,military-history,25595604,https://en.wikipedia.org/?curid=25595604,wd:Q192781,1,0,0,"Military history is the study of armed conflict in the history of humanity, and its impact on the societies, cultures, and economies thereof, as well as the resulting changes to local and internationa"
topics-in-military-history,Military history,4,military-history,25595604,https://en.wikipedia.org/?curid=25595604,wd:Q192781,0,0,0,
entities-in-military-organisations,Military organization,4,military-organisations,6714405,https://en.wikipedia.org/?curid=6714405,wd:Q15627509,1,2,0,Military organization (AE) or military organisation (BE) is the structuring of the armed forces of a state so as to offer such military capability as a national defense policy may require. Formal mili
topics-in-military-organisations,Military organization,4,military-organisations,6714405,https://en.wikipedia.org/?curid=6714405,wd:Q15627509,0,5,0,
entities-in-military-technology,Military technology,4,military-technology,90815,https://en.wikipedia.org/?curid=90815,wd:Q329864,1,0,0,"Military technology is the application of technology for use in warfare. It comprises the kinds of technology that are distinctly military in nature and not civilian in application, usually because th"
topics-in-military-technology,Military technology,4,military-technology,90815,https://en.wikipedia.org/?curid=90815,wd:Q329864,0,27,0,
mineralogy,Mineralogy,4,geology,19883,https://en.wikipedia.org/?curid=19883,wd:Q83353,1,175,0,"Mineralogy is a subject of geology specializing in the scientific study of the chemistry, crystal structure, and physical (including optical) properties of minerals and mineralized artifacts. Specific"
minimal-intervention-dentistry,Minimal intervention dentistry,4,dentistry,22022246,https://en.wikipedia.org/?curid=22022246,wd:Q17152560,1,0,0,Minimal intervention (MI) dentistry is a modern dental practice designed around the principal aim of preservation of as much of the natural tooth structure as possible. It uses a disease-centric philo
entities-in-mining-engineering,Mining engineering,4,mining-engineering,488361,https://en.wikipedia.org/?curid=488361,wd:Q1370637,1,0,0,"Mining engineering is the extraction of minerals from the ground. It is associated with many other disciplines, such as mineral processing, exploration, excavation, geology, metallurgy, geotechnical e"
topics-in-mining-engineering,Mining engineering,4,mining-engineering,488361,https://en.wikipedia.org/?curid=488361,wd:Q1370637,0,21,0,
mixed-reality,Mixed reality,4,computer-graphics,877295,https://en.wikipedia.org/?curid=877295,wd:Q1758389,0,0,0,
mobile-app-development,Mobile app development,4,software-development,4173172,https://en.wikipedia.org/?curid=4173172,wd:Q2988038,1,0,0,"Mobile app development is the act or process by which a mobile app is developed for one or more mobile devices, which can include personal digital assistants (PDA), enterprise digital assistants (EDA)"
mobile-operating-systems,Mobile operating system,4,computer-architecture,14260687,https://en.wikipedia.org/?curid=14260687,wd:Q920890,1,39,0,"A mobile operating system is an operating system used for smartphones, tablets, smartwatches, smartglasses, or other non-laptop personal mobile computing devices. While computers such as laptops are """
mobile-robots,Mobile robot,4,robotics,3808074,https://en.wikipedia.org/?curid=3808074,wd:Q4810574,1,0,0,"A mobile robot is an automatic machine that is capable of locomotion. Mobile robotics is usually considered to be a subfield of robotics and information engineering.
Mobile robots have the capability "
modal-logic,Modal logic,4,non-classical-logic,333365,https://en.wikipedia.org/?curid=333365,wd:Q210841,1,15,0,"Modal logic is a kind of logic used to represent statements about necessity and possibility. In philosophy and related fields
it is used as a tool for understanding concepts such as knowledge, obligat"
models-of-computation,Model of computation,4,theory-of-computation,1773278,https://en.wikipedia.org/?curid=1773278,wd:Q2651576,1,0,0,"In computer science, and more specifically in computability theory and computational complexity theory, a model of computation is a model that describes how an output of a mathematical function is com"
model-theory,Model theory,4,mathematical-logic,19858,https://en.wikipedia.org/?curid=19858,wd:Q467606,1,3,0,"In mathematical logic, model theory is the study of the relationship between formal theories (a collection of sentences in a formal language expressing statements about a mathematical structure), and "
modern-architecture,Modern architecture,4,architectural-styles,315927,https://en.wikipedia.org/?curid=315927,wd:Q245188,1,37,0,"Modern architecture, also called modernist architecture, or the modern movement, is an architectural movement and style that was prominent in the 20th century, between the earlier Art Deco and later p"
entities-in-modern-era,Modern era,4,modern-era,4399619,https://en.wikipedia.org/?curid=4399619,wd:Q3281534,1,0,0,The modern era or the modern period is considered the current historical period of human history. It was originally applied to the history of Europe and Western history for events that came after the 
modulation,Modulation,4,telecommunications,20637,https://en.wikipedia.org/?curid=20637,wd:Q170474,1,45,0,"Signal modulation is the process of varying one or more properties of a periodic waveform in electronics and telecommunication for the purpose of transmitting information.
The process encodes informat"
molecular-binding,Molecular binding,4,physical-chemistry,11489016,https://en.wikipedia.org/?curid=11489016,wd:Q6507061,1,0,0,Molecular binding is an attractive interaction between two molecules that results in a stable association in which the molecules are in close proximity to each other. It is formed when atoms or molecu
entities-in-molecular-biology,Molecular biology,4,molecular-biology,19200,https://en.wikipedia.org/?curid=19200,wd:Q7202,1,2,0,Molecular biology  is a branch of biology that seeks to understand the molecular structures and chemical processes that are the basis of biological activity within and between cells. It is centered la
molecular-diffusion,Molecular diffusion,4,thermodynamics,8643,https://en.wikipedia.org/?curid=8643,wd:Q17104113,1,4,0,"Molecular diffusion is the motion of atoms, molecules, or other particles of a gas or liquid at temperatures above absolute zero. The rate of this movement is a function of temperature, viscosity of t"
molecular-dynamics,Molecular dynamics,4,computational-chemistry,198608,https://en.wikipedia.org/?curid=198608,wd:Q901663,1,1,0,"Molecular dynamics (MD) is a computer simulation method for analyzing the physical movements of atoms and molecules. The atoms and molecules are allowed to interact for a fixed period of time, giving "
entities-in-molecular-engineering,Molecular engineering,4,molecular-engineering,177515,https://en.wikipedia.org/?curid=177515,wd:Q3523861,1,0,0,"Molecular engineering is an emerging field of study concerned with the design and testing of molecular properties, behavior and interactions in order to assemble better materials, systems, and process"
topics-in-molecular-engineering,Molecular engineering,4,molecular-engineering,177515,https://en.wikipedia.org/?curid=177515,wd:Q3523861,0,0,0,
molecular-genetics,Molecular genetics,4,genetics,339838,https://en.wikipedia.org/?curid=339838,wd:Q210506,1,168,0,"Molecular genetics is a branch of biology that addresses how differences in the structures or expression of DNA molecules manifests as variation among organisms.  Molecular genetics often applies an """
molecular-geometry,Molecular geometry,4,physical-chemistry,996278,https://en.wikipedia.org/?curid=996278,wd:Q911331,1,17,0,"Molecular geometry is the three-dimensional arrangement of the atoms that constitute a molecule. It includes the general shape of the molecule as well as bond lengths, bond angles, torsional angles an"
molecular-mechanics,Molecular mechanics,4,theoretical-chemistry,547400,https://en.wikipedia.org/?curid=547400,wd:Q1344441,1,0,0,"In physical chemistry and classical mechanics, molecular mechanics is a computational method used to model molecular systems. The Born–Oppenheimer approximation is assumed valid and the potential ener"
molecular-modelling,Molecular modelling,4,computational-chemistry,734256,https://en.wikipedia.org/?curid=734256,wd:Q174858,1,0,0,"Molecular modelling encompasses all methods, theoretical and computational, used to model or mimic the behaviour of molecules. The methods are used in the fields of computational chemistry, drug desig"
molecular-neuroscience,Molecular neuroscience,4,neuroscience,1822196,https://en.wikipedia.org/?curid=1822196,wd:Q6896018,1,0,0,Molecular neuroscience is a branch of neuroscience that observes concepts in molecular biology applied to the nervous systems of animals. The scope of this subject covers topics such as molecular neur
entities-in-molecular-physics,Molecular physics,4,molecular-physics,675130,https://en.wikipedia.org/?curid=675130,wd:Q489328,1,0,0,"Molecular physics is the study of the physical properties of molecules and molecular dynamics. The field overlaps significantly with physical chemistry, chemical physics, and quantum chemistry. It is "
monarchy,Monarchy,4,political-ideologies,19013,https://en.wikipedia.org/?curid=19013,wd:Q7269,1,17,0,"A monarchy is a hereditary form of government in which political power is legally passed on to the family members of the monarch, a head of state who rules for life. While monarchs gain their power de"
monetary-economics,Monetary economics,4,macroeconomics,297000,https://en.wikipedia.org/?curid=297000,wd:Q580018,1,0,0,"Monetary economics is the branch of economics that studies the nature, role, and impact of money and monetary institutions. It provides a framework for analyzing money and its core functions—as a medi"
montane-ecosystems,Montane ecosystems,4,conservation-biology,35340561,https://en.wikipedia.org/?curid=35340561,wd:Q1141462,1,25,0,"Montane ecosystems are found on the slopes of mountains. The alpine climate in these regions strongly affects the ecosystem because temperatures fall as elevation increases, causing the ecosystem to s"
moral-psychology,Moral psychology,4,ethics,1040741,https://en.wikipedia.org/?curid=1040741,wd:Q4355306,1,3,0,"Moral psychology is the study of human thought and behavior in ethical contexts. Historically, the term ""moral psychology"" was used relatively narrowly to refer to the study of moral development. This"
morphology,Morphology (linguistics),4,theoretical-linguistics,20646,https://en.wikipedia.org/?curid=20646,wd:Q38311,1,33,0,"In linguistics, morphology is the study of how words are formed, and how they relate to one another within a language. Most approaches to morphology investigate the structure of words in terms of morp"
multilinear-algebra,Multilinear algebra,4,algebra,243946,https://en.wikipedia.org/?curid=243946,wd:Q1197190,1,1,0,"Multilinear algebra is the study of functions with multiple vector-valued arguments, with the functions being linear maps with respect to each argument. It involves concepts such as matrices, tensors,"
multiprocessing,Multiprocessing,4,computer-architecture,64020,https://en.wikipedia.org/?curid=64020,wd:Q846651,1,0,0,Multiprocessing (MP) is the use of two or more central processing units (CPUs) within one computer system. The term also refers to the ability of a system to support more than one processor or the abi
multivariate-statistics,Multivariate statistics,4,statistical-inference,19384,https://en.wikipedia.org/?curid=19384,wd:Q1952580,1,16,0,"Multivariate statistics is a subdivision of statistics encompassing the simultaneous observation and analysis of more than one outcome variable, i.e., multivariate random variables. 
Multivariate stat"
municipal-law,Municipal law,4,branches-of-law,3365727,https://en.wikipedia.org/?curid=3365727,wd:Q8009938,1,0,0,"Municipal law is the national, domestic, or internal law of a sovereign state and is defined in opposition to international law. It encompasses the laws enacted by national, state, or local government"
music,Music,4,performing-arts,18839,https://en.wikipedia.org/?curid=18839,wd:Q638,1,196,0,"Music is the arrangement of sound to create some combination of form, harmony, melody, rhythm, or otherwise expressive content. Music is generally agreed to be a cultural universal that is present in "
musical-acoustics,Musical acoustics,4,acoustical-engineering,1379269,https://en.wikipedia.org/?curid=1379269,wd:Q510293,1,0,0,"Musical acoustics or music acoustics is a multidisciplinary field that combines knowledge from physics, psychophysics, organology (classification of the instruments), physiology, music theory, ethnomu"
mycobacterium,Mycobacterium,4,infectious-diseases,395846,https://en.wikipedia.org/?curid=395846,wd:Q194309,1,8,0,"Mycobacterium is a genus of over 190 species of  Gram-positive bacteria in the phylum Actinomycetota, assigned its own family, Mycobacteriaceae. This genus includes pathogens known to cause serious di"
mycology,Mycology,4,microbiology,20874,https://en.wikipedia.org/?curid=20874,wd:Q7175,1,80,0,"Mycology is the branch of biology concerned with the study of fungi, including their taxonomy, genetics, biochemical properties, and use by humans. Fungi can be a source of tinder, food, traditional m"
nox,NOx,4,atmospheric-science,2630676,https://en.wikipedia.org/?curid=2630676,wd:Q20962970,1,26,0,"In atmospheric chemistry, NOx is shorthand for nitric oxide (NO) and nitrogen dioxide (NO2), the nitrogen oxides that are most relevant for air pollution.  These gases contribute to the formation of s"
cluster-compounds,Nanocluster,4,inorganic-chemistry,44466572,https://en.wikipedia.org/?curid=44466572,wd:Q22302226,1,0,0,"Nanoclusters are atomically precise, crystalline materials most often existing on the 0–2 nanometer scale. They are often considered kinetically stable intermediates that form during the synthesis of "
entities-in-nanotechnology,Nanotechnology,4,nanotechnology,21488,https://en.wikipedia.org/?curid=21488,wd:Q11468,1,0,0,"Nanotechnology is the manipulation of matter with at least one dimension sized from 1 to 100 nanometers (nm). At this scale, commonly known as the nanoscale, surface area and quantum mechanical effect"
topics-in-nanotechnology,Nanotechnology,4,nanotechnology,21488,https://en.wikipedia.org/?curid=21488,wd:Q11468,1,129,0,"Nanotechnology is the manipulation of matter with at least one dimension sized from 1 to 100 nanometers (nm). At this scale, commonly known as the nanoscale, surface area and quantum mechanical effect"
nationalism,Nationalism,4,political-ideologies,21748,https://en.wikipedia.org/?curid=21748,wd:Q6235,1,36,0,"Nationalism is an ideology or movement that holds that the nation should be congruent with the state. As a movement, it presupposes the existence and tends to promote the interests of a particular nat"
nationalism-studies,Nationalism studies,4,political-science,18404712,https://en.wikipedia.org/?curid=18404712,wd:Q4314780,1,3,0,Nationalism studies is an interdisciplinary academic field devoted to the study of nationalism and related issues.  While nationalism has been the subject of scholarly discussion since at least the la
entities-in-natural-language-processing,Natural language processing,4,natural-language-processing,21652,https://en.wikipedia.org/?curid=21652,wd:Q30642,1,0,0,Natural language processing (NLP) is the processing of natural language information by a computer. NLP is a subfield of computer science and is closely associated with artificial intelligence. NLP is 
topics-in-natural-language-processing,Natural language processing,4,natural-language-processing,21652,https://en.wikipedia.org/?curid=21652,wd:Q30642,1,110,0,Natural language processing (NLP) is the processing of natural language information by a computer. NLP is a subfield of computer science and is closely associated with artificial intelligence. NLP is 
natural-law,Natural law,4,philosophy-of-science,22063,https://en.wikipedia.org/?curid=22063,wd:Q29524,1,21,0,"Natural law (Latin: ius naturale, lex naturalis) is a philosophical and legal theory that posits the existence of inherent laws derived from nature and universal moral principles that are discoverable"
resource-economics,Natural resource economics,4,mesoeconomics,19080286,https://en.wikipedia.org/?curid=19080286,wd:Q3299701,1,0,0,"Natural resource economics deals with the supply, demand, and allocation of the Earth's natural resources. One main objective of natural resource economics is to better understand the role of natural "
naval-architecture,Naval architecture,4,marine-engineering,76653,https://en.wikipedia.org/?curid=76653,wd:Q1136352,1,0,0,"Naval architecture, or naval engineering, is an engineering discipline incorporating elements of mechanical, electrical, electronic, software and safety engineering as applied to the engineering desig"
nazism,Nazism,4,political-ideologies,31045316,https://en.wikipedia.org/?curid=31045316,wd:Q7310,1,18,0,"Nazism, formally named National Socialism (NS), is the far-right, ultranationalist, totalitarian ideology associated with Adolf Hitler and the Nazi Party (NSDAP) in Germany. During Hitler's rise to po"
planetary-formation,Nebular hypothesis,4,planetary-science,212374,https://en.wikipedia.org/?curid=212374,wd:Q13599969,1,8,0,The nebular hypothesis is the most widely accepted model in the field of cosmogony to explain the formation and evolution of the Solar System (as well as other planetary systems). It suggests the Sola
nematology,Nematology,4,zoology,12830890,https://en.wikipedia.org/?curid=12830890,wd:Q2355208,1,0,0,"Nematology is the scientific discipline concerned with the study of nematodes, or roundworms. Although nematological investigation dates back to the days of Aristotle or even earlier, nematology as an"
neoclassical-economics,Neoclassical economics,4,macroeconomics,21634,https://en.wikipedia.org/?curid=21634,wd:Q60571,1,5,0,"Neoclassical economics is an approach to economics in which the production, consumption, and valuation (pricing) of goods and services are observed as driven by the supply and demand model. According "
entities-in-nephrology,Nephrology,4,nephrology,22028,https://en.wikipedia.org/?curid=22028,wd:Q177635,1,0,0,"Nephrology (from Ancient Greek νεφρός (nephrós), meaning ""kidney"", and λόγος (lógos), meaning ""study"") is a specialty for both adult internal medicine and pediatric medicine that concerns the study of"
topics-in-nephrology,Nephrology,4,nephrology,22028,https://en.wikipedia.org/?curid=22028,wd:Q177635,0,33,0,
net-neutrality,Net neutrality,4,computer-networks,1398166,https://en.wikipedia.org/?curid=1398166,wd:Q853467,1,16,0,"Net neutrality, sometimes referred to as network neutrality, is the principle that Internet service providers (ISPs) must treat all Internet communications equally, offering users and online content p"
network-management,Network management,4,telecommunications,41410,https://en.wikipedia.org/?curid=41410,wd:Q1454667,1,8,0,"Network management is the process of administering and managing computer networks. Services provided by this discipline include fault analysis, performance management, provisioning of networks and mai"
network-performance,Network performance,4,telecommunications,1522954,https://en.wikipedia.org/?curid=1522954,wd:Q7001161,1,13,0,"Network performance refers to measures of service quality of a network as seen by the customer.
There are many different ways to measure the performance of a network, as each network is different in n"
networked-learning,Networked learning,4,educational-technology,2830653,https://en.wikipedia.org/?curid=2830653,wd:Q4417995,1,0,0,"Networked learning is a process of developing and maintaining connections with people and information, and communicating in such a way so as to support one another's learning. The central term in this"
neural-engineering,Neural engineering,4,biomedical-engineering,2567511,https://en.wikipedia.org/?curid=2567511,wd:Q1306528,1,22,0,"Neural engineering (also known as neuroengineering) is a discipline within biomedical engineering that uses engineering techniques to understand, repair, replace, or enhance neural systems. Neural eng"
neuroanatomy,Neuroanatomy,4,anatomy,337196,https://en.wikipedia.org/?curid=337196,wd:Q948647,1,128,0,"Neuroanatomy is a branch of anatomy and neuroscience that studies the structure and organization of the nervous system. In contrast to animals with radial symmetry, whose nervous system consists of a "
neurodegenerative-disease,Neurodegenerative disease,4,neurology,4464817,https://en.wikipedia.org/?curid=4464817,wd:Q1755122,1,57,0,"A neurodegenerative disease is caused by the progressive loss of neurons, in the process known as neurodegeneration. Neuronal damage may also ultimately result in their death. Neurodegenerative diseas"
neuroeconomics,Neuroeconomics,4,heterodox-economics,515094,https://en.wikipedia.org/?curid=515094,wd:Q1045712,1,0,0,"Neuroeconomics is an interdisciplinary field that seeks to explain human decision-making, the ability to process multiple alternatives and to follow through on a plan of action. It studies how economi"
neuroendocrinology,Neuroendocrinology,4,neuroscience,2467818,https://en.wikipedia.org/?curid=2467818,wd:Q1335366,1,0,0,Neuroendocrinology is the branch of biology (specifically of physiology) which studies the interaction between the nervous system and the endocrine system; i.e. how the brain regulates the hormonal ac
neuroethology,Neuroethology,4,neuroscience,645120,https://en.wikipedia.org/?curid=645120,wd:Q1336265,1,0,0,Neuroethology is the evolutionary and comparative approach to the study of animal behavior and its underlying mechanistic control by the nervous system. It is an interdisciplinary science that combine
neurogenetics,Neurogenetics,4,genetics,18143331,https://en.wikipedia.org/?curid=18143331,wd:Q17165278,1,0,0,"Neurogenetics studies the role of genetics in the development and function of the nervous system. It considers neural characteristics as phenotypes (i.e. manifestations, measurable or not, of the gene"
neuroimmunology,Neuroimmunology,4,neuroscience,4052447,https://en.wikipedia.org/?curid=4052447,wd:Q2492999,1,0,0,"Neuroimmunology is a field combining neuroscience, the study of the nervous system, and immunology, the study of the immune system. Neuroimmunologists seek to better understand the interactions of the"
entities-in-neurology,Neurology,4,neurology,21226,https://en.wikipedia.org/?curid=21226,wd:Q83042,1,0,0,"Neurology (from Greek: νεῦρον (neûron), ""string, nerve"" and the suffix -logia, ""study of"") is the branch of medicine dealing with the diagnosis and treatment of all categories of conditions and diseas"
topics-in-neurology,Neurology,4,neurology,21226,https://en.wikipedia.org/?curid=21226,wd:Q83042,1,152,0,"Neurology (from Greek: νεῦρον (neûron), ""string, nerve"" and the suffix -logia, ""study of"") is the branch of medicine dealing with the diagnosis and treatment of all categories of conditions and diseas"
neuropharmacology,Neuropharmacology,4,pharmacology,1685778,https://en.wikipedia.org/?curid=1685778,wd:Q3026765,1,0,0,"Neuropharmacology is the study of how drugs affect function in the nervous system, and the neural mechanisms through which they influence behavior. There are two main branches of neuropharmacology: be"
neurophysics,Neurophysics,4,biophysics,14992387,https://en.wikipedia.org/?curid=14992387,wd:Q3621694,1,3,0,Neurophysics (or neurobiophysics) is the branch of biophysics dealing with the development and use of physical methods to gain information about the nervous system. Neurophysics is an interdisciplinar
neurophysiology,Neurophysiology,4,neuroscience,374304,https://en.wikipedia.org/?curid=374304,wd:Q660910,1,1,0,"Neurophysiology is a branch of physiology and neuroscience concerned with the functions of the nervous system and their mechanisms. The term neurophysiology originates from the Greek word νεῦρον (""ner"
neuroplasticity,Neuroplasticity,4,cell-biology,1948637,https://en.wikipedia.org/?curid=1948637,wd:Q849491,1,23,0,"Neuroplasticity, also known as neural plasticity or just plasticity, is the medium of neural networks in the brain to change through growth and reorganization. Neuroplasticity refers to the brain's ab"
neuropsychology,Neuropsychology,4,basic-psychology,288292,https://en.wikipedia.org/?curid=288292,wd:Q3872,1,26,0,Neuropsychology is a branch of psychology concerned with how a person's cognition and behavior are related to the brain and the rest of the nervous system. Professionals in this branch of psychology f
entities-in-neuroscience,Neuroscience,4,neuroscience,21245,https://en.wikipedia.org/?curid=21245,wd:Q207011,1,0,0,"Neuroscience is the scientific study of the nervous system (the brain, spinal cord, and peripheral nervous system), its functions, and its disorders. It is a multidisciplinary science that combines ph"
topics-in-neuroscience,Neuroscience,4,neuroscience,21245,https://en.wikipedia.org/?curid=21245,wd:Q207011,1,4,0,"Neuroscience is the scientific study of the nervous system (the brain, spinal cord, and peripheral nervous system), its functions, and its disorders. It is a multidisciplinary science that combines ph"
neurotransmission,Neurotransmission,4,cell-biology,2918988,https://en.wikipedia.org/?curid=2918988,wd:Q969316,1,113,0,"Neurotransmission (Latin: transmissio ""passage, crossing"" from transmittere ""send, let through"") is the process by which signaling molecules called neurotransmitters are released by the axon terminal "
neutrinos,Neutrino,4,particle-physics,21485,https://en.wikipedia.org/?curid=21485,wd:Q2126,1,13,0,A neutrino ( new-TREE-noh; denoted by the Greek letter ν) is an elementary particle that interacts  via the weak interaction and gravity. The neutrino is so named because it is electrically neutral an
new-religious-movements,New religious movement,4,belief-systems,201588,https://en.wikipedia.org/?curid=201588,wd:Q477544,1,1,0,"A new religious movement (NRM), also known as a new religion or a modern religion, is a religious or spiritual group that has modern origins and is peripheral to its society's dominant religious cultu"
newspapers,Newspaper,4,publishing,22112840,https://en.wikipedia.org/?curid=22112840,wd:Q11032,1,8,0,A newspaper is a periodical publication containing written information about current events and is often typed in black ink with a white or gray background. Newspapers can cover a wide variety of fiel
nitration,Nitration,4,organic-chemistry,692867,https://en.wikipedia.org/?curid=692867,wd:Q909607,1,16,0,"In organic chemistry, nitration is a general class of chemical processes for the introduction of a nitro group (−NO2) into an organic compound. The term also is applied incorrectly to the different pr"
network-nodes,Node (networking),4,computer-networks,998116,https://en.wikipedia.org/?curid=998116,wd:Q173106,1,0,0,"In networking, a node (Latin: nodus, 'knot') is either a redistribution point or a communication endpoint within telecommunication networks or computer networks. 
A physical network node is an electro"
noise-control,Noise control,4,acoustical-engineering,3550569,https://en.wikipedia.org/?curid=3550569,wd:Q1879301,1,0,0,"Noise control or noise mitigation is a set of strategies to reduce noise pollution or to reduce the impact of that noise, whether outdoors or indoors."
non-euclidean-geometry,Non-Euclidean geometry,4,geometry,58610,https://en.wikipedia.org/?curid=58610,wd:Q233858,1,15,0,"In mathematics, non-Euclidean geometry consists of two geometries based on axioms closely related to those that specify Euclidean geometry. As Euclidean geometry lies at the intersection of metric geo"
entities-in-non-classical-logic,Non-classical logic,4,non-classical-logic,3192556,https://en.wikipedia.org/?curid=3192556,wd:Q239179,1,0,0,Non-classical logics (sometimes alternative logics) are formal systems that differ in a significant way from standard logical systems such as propositional and predicate logic. There are several ways 
topics-in-non-classical-logic,Non-classical logic,4,non-classical-logic,3192556,https://en.wikipedia.org/?curid=3192556,wd:Q239179,0,0,0,
non-monotonic-logic,Non-monotonic logic,4,non-classical-logic,341086,https://en.wikipedia.org/?curid=341086,wd:Q2488768,1,0,0,"A non-monotonic logic is a formal logic whose entailment relation is not monotonic. In other words, non-monotonic logics are devised to capture and represent defeasible inferences, i.e., a kind of inf"
nonlinear-optics,Nonlinear optics,4,optics,21723,https://en.wikipedia.org/?curid=21723,wd:Q756033,1,15,0,Nonlinear optics (NLO) is a branch of optics that studies the case when optical properties of matter depend on the intensity of the input light. Nonlinear phenomena become relevant only when the input
non-parametric-statistics,Nonparametric statistics,4,statistical-inference,223369,https://en.wikipedia.org/?curid=223369,wd:Q1097688,1,22,0,"Nonparametric statistics is a type of statistical analysis that makes minimal assumptions about the underlying distribution of the data being studied. Often these models are infinite-dimensional, rath"
non-standard-analysis,Nonstandard analysis,4,analysis,21708,https://en.wikipedia.org/?curid=21708,wd:Q1503766,1,0,0,The history of calculus is fraught with philosophical debates about the meaning and logical validity of fluxions or infinitesimal numbers. The standard way to resolve these debates is to define the op
normative-ethics,Normative ethics,4,ethics,22081,https://en.wikipedia.org/?curid=22081,wd:Q1321845,1,0,0,"Normative ethics is the study of ethical behaviour and is the branch of philosophical ethics that investigates questions regarding how one ought to act, in a moral sense.
Normative ethics is distinct "
entities-in-nuclear-chemistry,Nuclear chemistry,4,nuclear-chemistry,242001,https://en.wikipedia.org/?curid=242001,wd:Q243545,1,0,0,"Nuclear chemistry is the sub-field of chemistry dealing with radioactivity, nuclear processes, and transformations in the nuclei of atoms, such as nuclear transmutation and nuclear properties.
It is t"
topics-in-nuclear-chemistry,Nuclear chemistry,4,nuclear-chemistry,242001,https://en.wikipedia.org/?curid=242001,wd:Q243545,0,0,0,
entities-in-nuclear-physics,Nuclear physics,4,nuclear-physics,21285,https://en.wikipedia.org/?curid=21285,wd:Q81197,1,0,0,"Nuclear physics is the field of physics that studies atomic nuclei and their constituents and interactions, in addition to the study of other forms of nuclear matter.
Nuclear physics should not be con"
topics-in-nuclear-physics,Nuclear physics,4,nuclear-physics,21285,https://en.wikipedia.org/?curid=21285,wd:Q81197,1,101,0,"Nuclear physics is the field of physics that studies atomic nuclei and their constituents and interactions, in addition to the study of other forms of nuclear matter.
Nuclear physics should not be con"
entities-in-nuclear-power,Nuclear power,4,nuclear-power,22153,https://en.wikipedia.org/?curid=22153,wd:Q12739,1,0,0,"Nuclear power is the use of nuclear reactions to produce electricity. Nuclear power can be obtained from nuclear fission, nuclear decay and nuclear fusion reactions. Presently, the vast majority of el"
topics-in-nuclear-power,Nuclear power,4,nuclear-power,22153,https://en.wikipedia.org/?curid=22153,wd:Q12739,0,126,0,
nuclear-power-plant,Nuclear power plant,4,nuclear-power,207347,https://en.wikipedia.org/?curid=207347,wd:Q134447,1,0,0,"A nuclear power plant (NPP), also known as a nuclear power station (NPS), nuclear generating station (NGS) or atomic power station (APS) is a thermal power station in which the heat source is a nuclea"
nuclear-transmutation,Nuclear transmutation,4,nuclear-chemistry,27739443,https://en.wikipedia.org/?curid=27739443,wd:Q202651,1,10,0,Nuclear transmutation is the conversion of one chemical element or an isotope into another chemical element. Nuclear transmutation occurs in any process where the number of protons or neutrons in the 
nuclear-weapons,Nuclear weapon,4,military-technology,21785,https://en.wikipedia.org/?curid=21785,wd:Q12802,1,28,0,"A nuclear weapon is an explosive device that derives its destructive force from nuclear reactions, either nuclear fission (fission or atomic bomb) or a combination of fission and nuclear fusion reacti"
entities-in-number-theory,Number theory,4,number-theory,21527,https://en.wikipedia.org/?curid=21527,wd:Q12479,1,16,0,Number theory is a branch of mathematics devoted primarily to the study of the integers and arithmetic functions. Number theorists study prime numbers as well as the properties of mathematical objects
topics-in-number-theory,Number theory,4,number-theory,21527,https://en.wikipedia.org/?curid=21527,wd:Q12479,1,135,0,Number theory is a branch of mathematics devoted primarily to the study of the integers and arithmetic functions. Number theorists study prime numbers as well as the properties of mathematical objects
numerical-analysis,Numerical analysis,4,analysis,21506,https://en.wikipedia.org/?curid=21506,wd:Q11216,1,161,0,"Numerical analysis is the study of algorithms for the problems of continuous mathematics.  These algorithms involve real or complex variables (in contrast to discrete mathematics), and typically use n"
entities-in-nursing,Nursing,4,nursing,18403271,https://en.wikipedia.org/?curid=18403271,wd:Q121176,1,3,0,"Nursing is a health care profession that ""integrates the art and science of caring and focuses on the protection, promotion, and optimization of health and human functioning; prevention of illness and"
topics-in-nursing,Nursing,4,nursing,18403271,https://en.wikipedia.org/?curid=18403271,wd:Q121176,0,31,0,
nursing-process,Nursing process,4,nursing,1690921,https://en.wikipedia.org/?curid=1690921,wd:Q374082,1,0,0,The nursing process is a modified scientific method that is a fundamental part of nursing practices in many countries around the world. Nursing practice was first described as a four-stage nursing pro
nursing-theory,Nursing theory,4,nursing,1726092,https://en.wikipedia.org/?curid=1726092,wd:Q1590997,1,0,0,"Nursing theory is defined as ""a creative and conscientious structuring of ideas that project a tentative, purposeful, and systematic view of phenomena"". Through systematic inquiry in research and prac"
nutrition,Nutrition,4,physiology,21525,https://en.wikipedia.org/?curid=21525,wd:Q2138622,1,120,0,Nutrition is the biochemical and physiological process by which an organism uses food and water to support its life. The intake of these substances provides organisms with nutrients (divided into macr
nutritional-science,Nutritional science,4,food-science,4320719,https://en.wikipedia.org/?curid=4320719,wd:Q17652193,1,0,0,"Nutritional science (also nutrition science, sometimes short nutrition, dated trophology) is the science that studies the physiological process of nutrition (primarily human nutrition), interpreting t"
observational-astronomy,Observational astronomy,4,astrophotography,507266,https://en.wikipedia.org/?curid=507266,wd:Q818557,1,37,0,"Observational astronomy is a division of astronomy that is concerned with recording data about the observable universe, the practice and study of observing celestial objects with the use of telescopes"
observational-study,Observational study,4,data-collection,6326483,https://en.wikipedia.org/?curid=6326483,wd:Q818574,1,0,0,"In fields such as epidemiology, social sciences, psychology  and statistics, an observational study draws conclusions without controlling the independent variable due to ethical or practical limitatio"
entities-in-obstetrics,Obstetrics,4,obstetrics,52965,https://en.wikipedia.org/?curid=52965,wd:Q5284418,1,0,0,"Obstetrics is the field of study concentrated on pregnancy, childbirth and the postpartum period. As a medical specialty, obstetrics is - in some jurisdictions - combined with gynecology under the dis"
topics-in-obstetrics,Obstetrics,4,obstetrics,52965,https://en.wikipedia.org/?curid=52965,wd:Q5284418,0,14,0,
occupational-health-psychology,Occupational health psychology,4,applied-psychology,18079605,https://en.wikipedia.org/?curid=18079605,wd:Q2054164,1,2,0,Occupational health psychology (OHP) is an interdisciplinary area of psychology that is concerned with the health and safety of workers. OHP addresses a number of major topic areas including the impac
entities-in-occupational-medicine,Occupational medicine,4,occupational-medicine,8417064,https://en.wikipedia.org/?curid=8417064,wd:Q628764,1,0,0,"Occupational and Environmental Medicine (OEM), previously called industrial medicine, is a board certified medical specialty under the American Board of Preventative Medicine that specializes in the p"
topics-in-occupational-medicine,Occupational medicine,4,occupational-medicine,8417064,https://en.wikipedia.org/?curid=8417064,wd:Q628764,0,0,0,
occupational-safety-and-health,Occupational safety and health,4,safety-engineering,35319154,https://en.wikipedia.org/?curid=35319154,wd:Q629029,1,17,0,"Occupational safety and health (OSH) or occupational health and safety (OHS) is a multidisciplinary field concerned with the safety, health, and welfare of people at work (i.e., while performing dutie"
geography-of-oceania,Oceania,4,regional-geography,22621,https://en.wikipedia.org/?curid=22621,wd:Q55643,1,25,0,"Oceania (UK:  OH-s(h)ee-AH-nee-ə, -⁠AY-, US:   OH-shee-A(H)N-ee-ə) is a geographical region including Australasia, Melanesia, Micronesia, and Polynesia. Oceania is also described as a continent, with "
entities-in-oceanography,Oceanography,4,oceanography,44044,https://en.wikipedia.org/?curid=44044,wd:Q43518,1,33,0,"Oceanography (from Ancient Greek  ὠκεανός (ōkeanós) 'ocean' and  γραφή (graphḗ) 'writing'), also known as oceanology, sea science, ocean science, and marine science, is the scientific study of the oce"
topics-in-oceanography,Oceanography,4,oceanography,44044,https://en.wikipedia.org/?curid=44044,wd:Q43518,0,39,0,
offshore-geotechnical-engineering,Offshore geotechnical engineering,4,geotechnical-engineering,39639420,https://en.wikipedia.org/?curid=39639420,wd:Q17105064,1,0,0,"Offshore geotechnical engineering is a sub-field of geotechnical engineering. It is concerned with foundation design, construction, maintenance and decommissioning for human-made structures in the sea"
oil,Oil,4,fuel-power,4207510,https://en.wikipedia.org/?curid=4207510,wd:Q42962,1,2,0,Oil is a liquid with varying degrees of viscosity depending on temperature. Oil is any nonpolar chemical substance that is composed primarily of hydrocarbons and is hydrophobic and lipophilic. Oils ar
olericulture,Olericulture,4,horticulture,9372603,https://en.wikipedia.org/?curid=9372603,wd:Q952624,1,0,0,"Olericulture (from Latin: oleris + culture) is the science of vegetable growing, dealing with the culture of non-woody (herbaceous) plants for food.
Olericulture is the production of plants for use of"
online-learning-community,Online learning community,4,pedagogy,4549152,https://en.wikipedia.org/?curid=4549152,wd:Q7094098,1,1,0,An online learning community is a public or private destination on the Internet that addresses its members' learning needs by facilitating peer-to-peer learning. Through social networking and computer
ontology,Ontology,4,metaphysics,22261,https://en.wikipedia.org/?curid=22261,wd:Q44325,1,86,0,Ontology is the philosophical study of being. It is traditionally understood as the subdiscipline of metaphysics focused on the most general features of reality. As one of the most fundamental concept
open-classrooms,Open classroom,4,pedagogy,2958612,https://en.wikipedia.org/?curid=2958612,wd:Q7096341,1,0,0,"An open classroom is a student-centered learning space design format which first became popular in North America in the late 1960s and 1970s, with a re-emergence in the early 21st century."
operating-systems,Operating system,4,computer-architecture,22194,https://en.wikipedia.org/?curid=22194,wd:Q9135,1,45,0,"An operating system (OS) is system software that manages computer hardware and software resources, and provides common services for computer programs.
Time-sharing operating systems schedule tasks for"
operations-management,Operations management,4,business-administration,1993994,https://en.wikipedia.org/?curid=1993994,wd:Q1423657,1,0,0,"Operations management is concerned with designing and controlling the production of goods and services, ensuring that businesses are efficient in using resources to meet customer requirements.  
It is"
entities-in-ophthalmology,Ophthalmology,4,ophthalmology,56153,https://en.wikipedia.org/?curid=56153,wd:Q161437,1,1,0,"Ophthalmology (, OFF-thal-MOL-ə-jee) is the branch of medicine that deals with the diagnosis, treatment, and surgery of eye diseases and disorders.
An ophthalmologist is a physician who undergoes subs"
topics-in-ophthalmology,Ophthalmology,4,ophthalmology,56153,https://en.wikipedia.org/?curid=56153,wd:Q161437,0,169,0,
opinion-poll,Opinion poll,4,data-collection,277315,https://en.wikipedia.org/?curid=277315,wd:Q49958,1,0,0,"An opinion poll, often simply referred to as a survey or a poll, is a human research survey of public opinion from a particular sample. Opinion polls are usually designed to represent the opinions of "
optical-communication,Optical communication,4,optical-engineering,164174,https://en.wikipedia.org/?curid=164174,wd:Q1469765,1,18,0,"Optical communication, also known as optical telecommunication, is communication at a distance using light to carry information. It can be performed visually or by using electronic devices. The earlie"
entities-in-optical-engineering,Optical engineering,4,optical-engineering,372619,https://en.wikipedia.org/?curid=372619,wd:Q640621,1,0,0,"Optical engineering is the field of engineering encompassing the physical phenomena and technologies associated with the generation, transmission, manipulation, detection, and utilization of light.  O"
topics-in-optical-engineering,Optical engineering,4,optical-engineering,372619,https://en.wikipedia.org/?curid=372619,wd:Q640621,0,0,0,
optical-fibers,Optical fiber,4,optical-engineering,3372377,https://en.wikipedia.org/?curid=3372377,wd:Q162,1,0,0,"An optical fiber, or optical fibre, is a flexible glass or plastic fiber that can transmit light from one end to the other. Such fibers are widely used in fiber-optic communication, where they permit "
optical-materials,Optical material,4,optics,71656162,https://en.wikipedia.org/?curid=71656162,wd:Q114119245,1,4,0,"Optical materials are transparent materials from which optical lenses, prisms, windows, waveguides, and second-surface mirrors can be made. They are required in most optical instruments.
Most optical "
optical-storage,Optical storage,4,computer-data-storage,2343045,https://en.wikipedia.org/?curid=2343045,wd:Q2248059,1,2,0,"Optical storage is a class of data storage systems that use light to read or write data to an underlying optical media. Although a number of optical formats have been used over time, the most common e"
entities-in-optics,Optics,4,optics,22483,https://en.wikipedia.org/?curid=22483,wd:Q14620,1,1,0,"Optics is the branch of physics that studies the behaviour, manipulation, and detection of electromagnetic radiation, including its interactions with matter and instruments that use or detect it. Opti"
topics-in-optics,Optics,4,optics,22483,https://en.wikipedia.org/?curid=22483,wd:Q14620,1,4,0,"Optics is the branch of physics that studies the behaviour, manipulation, and detection of electromagnetic radiation, including its interactions with matter and instruments that use or detect it. Opti"
optoelectronics,Optoelectronics,4,optical-engineering,132883,https://en.wikipedia.org/?curid=132883,wd:Q193091,1,21,0,"Optoelectronics (or optronics) is the study and application of electronic devices and systems that find, detect and control light, usually considered a sub-field of photonics.  In this context, light "
entities-in-optometry,Optometry,4,optometry,181226,https://en.wikipedia.org/?curid=181226,wd:Q618211,1,0,0,"Optometry (from Ancient Greek ὄψις (ópsis), meaning ""eye"", and μέτρον (métron), meaning ""measure"") is the healthcare practice concerned with examining the eyes for visual defects, prescribing correcti"
topics-in-optometry,Optometry,4,optometry,181226,https://en.wikipedia.org/?curid=181226,wd:Q618211,1,0,0,"Optometry (from Ancient Greek ὄψις (ópsis), meaning ""eye"", and μέτρον (métron), meaning ""measure"") is the healthcare practice concerned with examining the eyes for visual defects, prescribing correcti"
oral-and-maxillofacial-pathology,Oral and maxillofacial pathology,4,dentistry,17584743,https://en.wikipedia.org/?curid=17584743,wd:Q2508462,1,12,0,"Oral and maxillofacial pathology refers to the diseases of the mouth (""oral cavity"" or ""stoma""), jaws (""maxillae"" or ""gnath"") and related structures such as salivary glands, temporomandibular joints, "
oral-and-maxillofacial-surgery,Oral and maxillofacial surgery,4,dentistry,1137766,https://en.wikipedia.org/?curid=1137766,wd:Q504033,1,0,0,"Oral and maxillofacial surgery (OMFS) is a surgical speciality focusing on reconstructive surgery of the face, facial trauma surgery, the mouth, head and neck, and jaws, as well as facial plastic surg"
oral-medicine,Oral medicine,4,dentistry,4042253,https://en.wikipedia.org/?curid=4042253,wd:Q3673891,1,0,0,"An oral medicine or stomatology doctor/dentist (or stomatologist) has received additional specialized training and experience in the diagnosis and management of oral mucosal abnormalities (growths, ul"
entities-in-astrodynamics,Orbital mechanics,4,astrodynamics,182146,https://en.wikipedia.org/?curid=182146,wd:Q842433,1,0,0,"Orbital mechanics or astrodynamics is the application of ballistics and celestial mechanics to rockets, satellites, and other spacecraft. The motion of these objects is usually calculated from laws of"
topics-in-astrodynamics,Orbital mechanics,4,astrodynamics,182146,https://en.wikipedia.org/?curid=182146,wd:Q842433,1,31,0,"Orbital mechanics or astrodynamics is the application of ballistics and celestial mechanics to rockets, satellites, and other spacecraft. The motion of these objects is usually calculated from laws of"
order-theory,Order theory,4,discrete-mathematics,361924,https://en.wikipedia.org/?curid=361924,wd:Q24175351,1,16,0,"Order theory is a branch of mathematics that investigates the intuitive notion of order using binary relations. It provides a formal framework for describing statements such as ""this is less than that"
entities-in-organic-chemistry,Organic chemistry,4,organic-chemistry,22208,https://en.wikipedia.org/?curid=22208,wd:Q11351,1,0,0,"Organic chemistry is a subdiscipline within chemistry involving the scientific study of the structure, properties, and reactions of organic compounds and organic materials (i.e. matter in its various "
topics-in-organic-chemistry,Organic chemistry,4,organic-chemistry,22208,https://en.wikipedia.org/?curid=22208,wd:Q11351,1,30,0,"Organic chemistry is a subdiscipline within chemistry involving the scientific study of the structure, properties, and reactions of organic compounds and organic materials (i.e. matter in its various "
organic-compounds,Organic compound,4,organic-chemistry,22203,https://en.wikipedia.org/?curid=22203,wd:Q174211,1,188,0,Organic compounds are a subclass of chemical compounds of carbon.  Little consensus exists among chemists on the exact definition of organic compound; the only universally accepted definition is the q
organic-electronics,Organic electronics,4,organic-chemistry,22190,https://en.wikipedia.org/?curid=22190,wd:Q901002,1,11,0,"Organic electronics is a field of materials science concerning the design, synthesis, characterization, and application of organic molecules or polymers that show desirable electronic properties such "
organic-reactions,Organic reaction,4,chemical-reactions,172592,https://en.wikipedia.org/?curid=172592,wd:Q648191,1,36,0,"Organic reactions are chemical reactions involving organic compounds. The basic organic chemistry reaction types are addition reactions, elimination reactions, substitution reactions, pericyclic react"
organism,Organism,4,cell-biology,19653842,https://en.wikipedia.org/?curid=19653842,wd:Q7239,1,125,0,"An organism is any living thing that functions as an individual. Such a definition raises more problems than it solves, not least because the concept of an individual is also difficult. Several criter"
organization-development,Organization development,4,business-administration,226594,https://en.wikipedia.org/?curid=226594,wd:Q650472,1,0,0,"Organizational development (OD) is the study and implementation of practices, systems, and techniques that affect organizational change, the goal of which is to modify the performance and/or culture o"
entities-in-organizational-communication,Organizational communication,4,organizational-communication,228053,https://en.wikipedia.org/?curid=228053,wd:Q1937189,1,0,0,"Within the realm of communication studies, organizational communication is a field of study surrounding all areas of communication and information flow that contribute to the functioning of an organiz"
topics-in-organizational-communication,Organizational communication,4,organizational-communication,228053,https://en.wikipedia.org/?curid=228053,wd:Q1937189,1,0,0,"Within the realm of communication studies, organizational communication is a field of study surrounding all areas of communication and information flow that contribute to the functioning of an organiz"
organometallic-chemistry,Organometallic chemistry,4,organic-chemistry,22526,https://en.wikipedia.org/?curid=22526,wd:Q237200,1,254,0,"Organometallic chemistry is the study of organometallic compounds, chemical compounds containing at least one chemical bond between a carbon atom of an organic molecule and a metal, including alkali, "
organophosphorus-chemistry,Organophosphorus chemistry,4,organic-chemistry,4279049,https://en.wikipedia.org/?curid=4279049,wd:Q131760213,1,13,0,"Organophosphorus chemistry is the scientific study of the synthesis and properties of organophosphorus compounds, which are organic compounds containing phosphorus. They are used primarily in pest con"
organosulfur-chemistry,Organosulfur chemistry,4,organic-chemistry,1959215,https://en.wikipedia.org/?curid=1959215,wd:Q422785,1,19,0,"Organosulfur chemistry is the study of the properties and synthesis of organosulfur compounds, which are organic compounds that contain sulfur. They are often associated with foul odors, but many of t"
ornithology,Ornithology,4,zoology,42967,https://en.wikipedia.org/?curid=42967,wd:Q44703,1,0,0,Ornithology (from Ancient Greek  ὄρνις (órnis) 'bird' and  λόγος (lógos) 'study of') is a branch of zoology dedicated to the study of birds. Several aspects of ornithology differ from related discipli
orthodontics,Orthodontics,4,dentistry,336806,https://en.wikipedia.org/?curid=336806,wd:Q118301,1,18,0,"Orthodontics (also referred to as orthodontia) is a dentistry specialty that addresses the diagnosis, prevention, management, and correction of mal-positioned teeth and jaws, as well as misaligned bit"
orthopedics,Orthopedic surgery,4,surgery,430380,https://en.wikipedia.org/?curid=430380,wd:Q216685,1,176,0,Orthopedic surgery or orthopedics (alternative spelling orthopaedics) is the branch of surgery concerned with conditions involving the musculoskeletal system. Orthopedic surgeons use both surgical and
osteology,Osteology,4,anatomy,641572,https://en.wikipedia.org/?curid=641572,wd:Q819121,1,0,0,"Osteology (from Greek  ὀστέον (ostéon) 'bones' and  λόγος (logos) 'study') is the scientific study of bones, practiced by osteologists . A subdiscipline of anatomy, anthropology, archaeology and paleo"
entities-in-otorhinolaryngology,Otorhinolaryngology,4,otorhinolaryngology,22573,https://en.wikipedia.org/?curid=22573,wd:Q189553,1,0,0,"Otorhinolaryngology ( oh-toh-RY-noh-LARR-in-GOL-ə-jee, abbreviated ORL and also known as otolaryngology, otolaryngology – head and neck surgery (ORL–H&N or OHNS), or ear, nose, and throat (ENT) ) is a"
topics-in-otorhinolaryngology,Otorhinolaryngology,4,otorhinolaryngology,22573,https://en.wikipedia.org/?curid=22573,wd:Q189553,1,70,0,"Otorhinolaryngology ( oh-toh-RY-noh-LARR-in-GOL-ə-jee, abbreviated ORL and also known as otolaryngology, otolaryngology – head and neck surgery (ORL–H&N or OHNS), or ear, nose, and throat (ENT) ) is a"
entities-in-botany,Outline of botany,4,botany,13725873,https://en.wikipedia.org/?curid=13725873,wd:Q18358863,0,0,0,
topics-in-botany,Outline of botany,4,botany,13725873,https://en.wikipedia.org/?curid=13725873,wd:Q18358863,0,0,0,
entities-in-geology,Outline of geology,4,geology,14343000,https://en.wikipedia.org/?curid=14343000,wd:Q7112648,1,5,0,"The following outline is provided as an overview of and topical guide to geology:
Geology is a branch of natural science concerned with the Earth and other astronomical bodies, the rocks of which they"
topics-in-geology,Outline of geology,4,geology,14343000,https://en.wikipedia.org/?curid=14343000,wd:Q7112648,0,18,0,
geophysics,Outline of geophysics,4,geology,33462592,https://en.wikipedia.org/?curid=33462592,wd:Q7112650,1,0,0,"The following outline is provided as an overview of and topical guide to geophysics:
Geophysics – the physics of the Earth and its environment in space; also the study of the Earth using quantitative "
entities-in-fields-of-history,Outline of history,4,fields-of-history,3402732,https://en.wikipedia.org/?curid=3402732,wd:Q7112655,1,0,0,"The following outline is provided as an overview of and topical guide to history: 
History – discovery, collection, organization, and presentation of information about past events. History can also me"
topics-in-fields-of-history,Outline of history,4,fields-of-history,3402732,https://en.wikipedia.org/?curid=3402732,wd:Q7112655,0,31,0,
oyster-farming,Oyster farming,4,aquaculture,3439783,https://en.wikipedia.org/?curid=3439783,wd:Q780811,1,0,0,"Oyster farming is an aquaculture (or mariculture) practice in which oysters are bred and raised mainly for their pearls, shells and inner organ tissue, which is eaten. Oyster farming was practiced by "
ozone-depletion,Ozone depletion,4,atmospheric-science,44183,https://en.wikipedia.org/?curid=44183,wd:Q183140,1,0,0,"Ozone depletion consists of two related events observed since the late 1970s: a lowered total amount of ozone in Earth's upper atmosphere, and a much larger springtime decrease in stratospheric ozone "
p-adic-analysis,P-adic analysis,4,analysis,291327,https://en.wikipedia.org/?curid=291327,wd:Q2845236,1,0,0,"In mathematics, p-adic analysis is a branch of number theory that studies functions of p-adic numbers. Along with the more classical fields of real and complex analysis, which deal, respectively, with"
pain,Pain,4,physiology,24373,https://en.wikipedia.org/?curid=24373,wd:Q81938,1,11,0,"Pain is a distressing sensation often caused by intense or damaging stimuli. The International Association for the Study of Pain defines pain as ""an unpleasant sensory and emotional experience associa"
painting,Painting,4,visual-arts,18622193,https://en.wikipedia.org/?curid=18622193,wd:Q11629,1,159,0,"Painting is a visual art, characterized by the practice of applying paint, pigment, color or other medium to a solid surface. The medium is commonly applied to the base with a brush. Other implements,"
paleogeography,Palaeogeography,4,physical-geography,349868,https://en.wikipedia.org/?curid=349868,wd:Q52151,1,0,0,"Palaeogeography (or paleogeography) is the study of historical geography, generally physical landscapes.  Palaeogeography can also include the study of human or cultural environments. When the focus i"
paleobiology,Paleobiology,4,evolutionary-biology,5658554,https://en.wikipedia.org/?curid=5658554,wd:Q1578310,1,0,0,Paleobiology (or palaeobiology) is an interdisciplinary field that combines the methods and findings found in both the earth sciences and the life sciences. An investigator in this field is known as a
paleoceanography,Paleoceanography,4,oceanography,3745308,https://en.wikipedia.org/?curid=3745308,wd:Q2839806,1,0,0,"Paleoceanography is the study of the history of the oceans in the geologic past with regard to biology, chemistry, circulation, geology, and patterns of biological productivity and sedimentation. Pale"
paleoclimatology,Paleoclimatology,4,atmospheric-science,51042,https://en.wikipedia.org/?curid=51042,wd:Q191069,1,83,0,"Paleoclimatology (British spelling, palaeoclimatology) is the scientific study of climates predating the invention of meteorological instruments, when no direct, artificial measurement data were avail"
paleontology,Paleontology,4,geology,23084,https://en.wikipedia.org/?curid=23084,wd:Q7205,1,42,0,"Paleontology or palaeontology is the scientific study of the life of the past, mainly but not exclusively through the study of fossils. Paleontologists use fossils as a means to classify organisms, me"
palynology,Palynology,4,botany,328274,https://en.wikipedia.org/?curid=328274,wd:Q212919,1,0,0,"Palynology is the study of microorganisms and microscopic fragments of macroorganisms that are composed of acid-resistant organic material and occur in sediments, sedimentary rocks, and even some meta"
paper-engineering,Paper engineering,4,process-engineering,231209,https://en.wikipedia.org/?curid=231209,wd:Q7132695,1,0,0,Paper engineering is a branch of engineering that deals with the usage of physical science (e.g. chemistry and physics) and life sciences (e.g. biology and biochemistry) in conjunction with mathematic
paper-size,Paper size,4,publishing,166105,https://en.wikipedia.org/?curid=166105,wd:Q205299,1,5,0,"Paper size standards govern the size of sheets of paper used as writing paper, stationery, cards, and for some printed documents. Most countries adhere to the ISO 216 standard, which includes the wide"
paraconsistent-logic,Paraconsistent logic,4,non-classical-logic,421085,https://en.wikipedia.org/?curid=421085,wd:Q426592,1,0,0,Paraconsistent logic is a type of non-classical logic that allows for the coexistence of contradictory statements without leading to a logical explosion where anything can be proven true. Specifically
paradigm-shift,Paradigm shift,4,philosophy-of-science,25081,https://en.wikipedia.org/?curid=25081,wd:Q689971,1,0,0,A paradigm shift is a fundamental change in the basic concepts and experimental practices of a scientific discipline. It is a concept in the philosophy of science that was introduced and brought into 
parallel-computing,Parallel computing,4,high-performance-computing,145162,https://en.wikipedia.org/?curid=145162,wd:Q232661,1,111,0,"Parallel computing is a type of computation in which many calculations or processes are carried out simultaneously. Large problems can often be divided into smaller ones, which can then be solved at t"
parametric-statistics,Parametric statistics,4,statistical-inference,223366,https://en.wikipedia.org/?curid=223366,wd:Q1849855,1,0,0,Parametric statistics is a branch of statistics which leverages models based on a fixed (finite) set of parameters.  Conversely nonparametric statistics does not assume explicit (finite-parametric) ma
parasitology,Parasitology,4,microbiology,383854,https://en.wikipedia.org/?curid=383854,wd:Q180502,1,52,0,"Parasitology is the study of parasites, their hosts, and the relationship between them. As a biological discipline, the scope of parasitology is not determined by the organism or environment in questi"
particle-accelerators,Particle accelerator,4,particle-physics,18589032,https://en.wikipedia.org/?curid=18589032,wd:Q130825,1,21,0,A particle accelerator is a machine that uses electromagnetic fields to propel ions to very high speeds and energies to contain them in well-defined beams. Small accelerators are used for fundamental 
particle-detectors,Particle detector,4,particle-physics,478538,https://en.wikipedia.org/?curid=478538,wd:Q736634,1,8,0,"In experimental and applied particle physics, nuclear physics, and nuclear engineering, a particle detector, also known as a radiation detector, is a device used to detect, track, and/or identify ioni"
entities-in-particle-physics,Particle physics,4,particle-physics,23259,https://en.wikipedia.org/?curid=23259,wd:Q18334,1,0,0,Particle physics or high-energy physics is the study of fundamental particles and forces that constitute matter and radiation. The field also studies combinations of elementary particles up to the sca
topics-in-particle-physics,Particle physics,4,particle-physics,23259,https://en.wikipedia.org/?curid=23259,wd:Q18334,1,0,0,Particle physics or high-energy physics is the study of fundamental particles and forces that constitute matter and radiation. The field also studies combinations of elementary particles up to the sca
password-security,Password strength,4,computer-security,4459886,https://en.wikipedia.org/?curid=4459886,wd:Q1990841,1,5,0,"Password strength is a measure of the effectiveness of a password against guessing or brute-force attacks. In its usual form, it estimates how many trials an attacker who does not have direct access t"
pathfinding,Pathfinding,4,discrete-mathematics,2426057,https://en.wikipedia.org/?curid=2426057,wd:Q1969601,1,5,0,"Pathfinding or pathing is the search, by a computer application, for the shortest route between two points. It is a more practical variant on solving mazes. This field of research is based heavily on "
pathogenic-bacteria,Pathogenic bacteria,4,infectious-diseases,15464966,https://en.wikipedia.org/?curid=15464966,wd:Q804517,1,185,0,Pathogenic bacteria are bacteria that can cause disease. This article focuses on the bacteria that are pathogenic to humans. Most species of bacteria are harmless and many are beneficial but others ca
entities-in-pathology,Pathology,4,pathology,48791,https://en.wikipedia.org/?curid=48791,wd:Q7208,1,0,0,"Pathology is the study of disease. The word pathology also refers to the study of disease in general, incorporating a wide range of biology research fields and medical practices. However, when used in"
topics-in-pathology,Pathology,4,pathology,48791,https://en.wikipedia.org/?curid=48791,wd:Q7208,1,156,0,"Pathology is the study of disease. The word pathology also refers to the study of disease in general, incorporating a wide range of biology research fields and medical practices. However, when used in"
pattern-language,Pattern language,4,architectural-theory,182837,https://en.wikipedia.org/?curid=182837,wd:Q1294584,1,0,0,"A pattern language is an organized and coherent set of patterns, each of which describes a problem and the core of a solution that can be used in many ways within a specific field of expertise. The te"
peace-and-conflict-studies,Peace and conflict studies,4,political-science,1546697,https://en.wikipedia.org/?curid=1546697,wd:Q15820293,1,7,0,Peace and conflict studies is a field of social science  that identifies and analyses violent and nonviolent behaviours as well as the structural mechanisms attending conflicts (including social confl
entities-in-pedagogy,Pedagogy,4,pedagogy,419686,https://en.wikipedia.org/?curid=419686,wd:Q7922,1,2,0,"Pedagogy (), most commonly understood as the approach to teaching, is the theory and practice of learning, and how this process influences, and is influenced by, the social, political, and psychologic"
topics-in-pedagogy,Pedagogy,4,pedagogy,419686,https://en.wikipedia.org/?curid=419686,wd:Q7922,1,45,0,"Pedagogy (), most commonly understood as the approach to teaching, is the theory and practice of learning, and how this process influences, and is influenced by, the social, political, and psychologic"
pediatric-dentistry,Pediatric dentistry,4,dentistry,20877944,https://en.wikipedia.org/?curid=20877944,wd:Q2086597,1,0,0,"Pediatric dentistry (formerly pedodontics in American English or paedodontics in Commonwealth English) is the branch of dentistry dealing with children
from birth through adolescence. The specialty of"
entities-in-pediatrics,Pediatrics,4,pediatrics,23593,https://en.wikipedia.org/?curid=23593,wd:Q123028,1,0,0,"Pediatrics (American English), also spelled paediatrics (British English) and also known as underage medicine, is the branch of medicine that involves the medical care of infants, children, adolescent"
topics-in-pediatrics,Pediatrics,4,pediatrics,23593,https://en.wikipedia.org/?curid=23593,wd:Q123028,1,0,0,"Pediatrics (American English), also spelled paediatrics (British English) and also known as underage medicine, is the branch of medicine that involves the medical care of infants, children, adolescent"
pedology,Pedology,4,physical-geography,59408,https://en.wikipedia.org/?curid=59408,wd:Q215501,1,0,0,"Pedology (from Greek: πέδον, pedon, ""soil""; and λόγος, logos, ""study"") is a discipline within soil science which focuses on understanding and characterizing soil formation, evolution, and the theoreti"
entities-in-performing-arts,Performing arts,4,performing-arts,22938,https://en.wikipedia.org/?curid=22938,wd:Q184485,1,0,0,"The performing arts are arts such as music, dance, and drama which are performed for an audience. They are different from the visual arts, which produce physical or static objects. Performing arts inc"
topics-in-performing-arts,Performing arts,4,performing-arts,22938,https://en.wikipedia.org/?curid=22938,wd:Q184485,1,8,0,"The performing arts are arts such as music, dance, and drama which are performed for an audience. They are different from the visual arts, which produce physical or static objects. Performing arts inc"
periodontology,Periodontology,4,dentistry,2265239,https://en.wikipedia.org/?curid=2265239,wd:Q938196,1,4,0,"Periodontology or periodontics (from Ancient Greek περί, perí – 'around'; and ὀδούς, odoús – 'tooth', genitive ὀδόντος, odóntos) is the specialty of dentistry that studies supporting structures of tee"
personal-finance,Personal finance,4,finance,341987,https://en.wikipedia.org/?curid=341987,wd:Q253613,1,2,0,"Personal finance is the financial management that an individual or a family unit performs to budget, save, and spend monetary resources in a controlled manner, taking into account various financial ri"
personality-psychology,Personality psychology,4,basic-psychology,24984,https://en.wikipedia.org/?curid=24984,wd:Q271716,1,45,0,Personality psychology is a branch of psychology that examines personality and its variation among individuals. It aims to show how people are individually different due to psychological forces. Its a
pest-control,Pest control,4,conservation-biology,855297,https://en.wikipedia.org/?curid=855297,wd:Q2306047,1,65,0,"Pest control is the regulation or management of a species defined as a pest; such as any animal, plant or fungus that impacts adversely on human activities or environment. The human response depends o"
entities-in-petroleum-engineering,Petroleum engineering,4,petroleum-engineering,65465,https://en.wikipedia.org/?curid=65465,wd:Q1273174,1,0,0,"Petroleum engineering is a field of engineering concerned with the activities related to the production of hydrocarbons, which can be either crude oil or natural gas or both. Exploration and productio"
topics-in-petroleum-engineering,Petroleum engineering,4,petroleum-engineering,65465,https://en.wikipedia.org/?curid=65465,wd:Q1273174,1,0,0,"Petroleum engineering is a field of engineering concerned with the activities related to the production of hydrocarbons, which can be either crude oil or natural gas or both. Exploration and productio"
petroleum-industry,Petroleum industry,4,petroleum-engineering,994887,https://en.wikipedia.org/?curid=994887,wd:Q862571,1,19,0,"The petroleum industry, also known as the oil industry, includes the global processes of exploration, extraction, refining, transportation (often by oil tankers and pipelines), and marketing of petrol"
petroleum-products,Petroleum product,4,process-engineering,1428868,https://en.wikipedia.org/?curid=1428868,wd:Q1059843,1,35,0,"Petroleum products are materials derived from crude oil (petroleum) as it is processed in oil refineries. Unlike petrochemicals, which are a collection of well-defined usually pure organic compounds, "
petroleum-production-engineering,Petroleum production engineering,4,petroleum-engineering,30695016,https://en.wikipedia.org/?curid=30695016,wd:Q7178978,1,0,0,"Petroleum production engineering is a subset of petroleum engineering.
Petroleum production engineers design and select subsurface equipment to produce oil and gas well fluids.  They often are degreed"
pharmaceutical-engineering,Pharmaceutical engineering,4,biomedical-engineering,19419701,https://en.wikipedia.org/?curid=19419701,wd:Q7180749,1,0,0,"Pharmaceutical engineering is a branch of engineering focused on discovering, formulating, and manufacturing medication, analytical and quality control processes, and on designing, building, and impro"
pharmaceutics,Pharmaceutics,4,pharmacology,920218,https://en.wikipedia.org/?curid=920218,wd:Q186249,1,0,0,Pharmaceutics is the discipline of pharmacy that deals with the process of turning a new chemical entity (NCE) or an existing drug into a medication to be used safely and effectively by patients. The 
pharmacoepigenetics,Pharmacoepigenetics,4,pharmacology,56840878,https://en.wikipedia.org/?curid=56840878,wd:Q55629801,1,0,0,Pharmacoepigenetics is an emerging field that studies the underlying epigenetic marking patterns that lead to variation in an individual's response to medical treatment.
pharmacogenomics,Pharmacogenomics,4,pharmacology,1004486,https://en.wikipedia.org/?curid=1004486,wd:Q1152227,1,0,0,"Pharmacogenomics, often abbreviated ""PGx"", is the study of the role of the genome in drug response. Its name (pharmaco- + genomics) reflects its combining of pharmacology and genomics. Pharmacogenomic"
pharmacognosy,Pharmacognosy,4,pharmacology,592949,https://en.wikipedia.org/?curid=592949,wd:Q319616,1,0,0,"Pharmacognosy is the study of crude drugs obtained from medicinal plants, animals, fungi, and other natural sources. The American Society of Pharmacognosy defines pharmacognosy as ""the study of the ph"
pharmacokinetics,Pharmacokinetics,4,pharmacology,9674107,https://en.wikipedia.org/?curid=9674107,wd:Q323936,1,113,0,"Pharmacokinetics (from Ancient Greek pharmakon 'drug' and kinetikos 'moving, putting in motion'; see chemical kinetics), sometimes abbreviated as PK, is a branch of pharmacology dedicated to describin"
entities-in-pharmacology,Pharmacology,4,pharmacology,24354,https://en.wikipedia.org/?curid=24354,wd:Q128406,1,0,0,"Pharmacology is the science of drugs and medications, including a substance's origin, composition and interaction with biological systems; specifically through pharmacokinetics, pharmacodynamics, ther"
topics-in-pharmacology,Pharmacology,4,pharmacology,24354,https://en.wikipedia.org/?curid=24354,wd:Q128406,1,0,0,"Pharmacology is the science of drugs and medications, including a substance's origin, composition and interaction with biological systems; specifically through pharmacokinetics, pharmacodynamics, ther"
pharmacometabolomics,Pharmacometabolomics,4,pharmacology,34939027,https://en.wikipedia.org/?curid=34939027,wd:Q7180793,1,0,0,"Pharmacometabolomics, also known as pharmacometabonomics, is a field which stems from metabolomics, the quantification and analysis of metabolites produced by the body. It refers to the direct measure"
pharmacomicrobiomics,Pharmacomicrobiomics,4,pharmacology,53368771,https://en.wikipedia.org/?curid=53368771,wd:Q30314286,1,0,0,"Pharmacomicrobiomics, proposed by Prof. Marco Candela for the ERC-2009-StG project call (proposal n. 242860, titled ""PharmacoMICROBIOMICS, study of the microbiome determinants of the different drug re"
phase-transitions,Phase transition,4,condensed-matter-physics,54423,https://en.wikipedia.org/?curid=54423,wd:Q185357,1,154,0,"In physics, chemistry and biology, a phase transition (or phase change) is the physical process of transition between one state of a medium and another. Commonly the term is used to refer to changes a"
phenology,Phenology,4,botany,536188,https://en.wikipedia.org/?curid=536188,wd:Q272737,1,0,0,"Phenology is the study of periodic events in biological life cycles and how these are influenced by seasonal and interannual variations in climate, as well as habitat factors (such as elevation).
Exam"
philosophical-methodology,Philosophical methodology,4,metaphilosophy,23012,https://en.wikipedia.org/?curid=23012,wd:Q7186193,1,0,0,"Philosophical methodology encompasses the methods used to philosophize and the study of these methods. Methods of philosophy are procedures for conducting research, creating new theories, and selectin"
entities-in-philosophy-of-language,Philosophy of language,4,philosophy-of-language,6880370,https://en.wikipedia.org/?curid=6880370,wd:Q484761,1,0,0,"Philosophy of language is the philosophical study of the nature of language. It investigates the relationship between language, language users, and the world. Investigations may include inquiry into t"
topics-in-philosophy-of-language,Philosophy of language,4,philosophy-of-language,6880370,https://en.wikipedia.org/?curid=6880370,wd:Q484761,1,24,0,"Philosophy of language is the philosophical study of the nature of language. It investigates the relationship between language, language users, and the world. Investigations may include inquiry into t"
philosophy-of-mathematics,Philosophy of mathematics,4,metaphysics,46439,https://en.wikipedia.org/?curid=46439,wd:Q180536,1,1,0,"Philosophy of mathematics is the branch of philosophy that deals with the nature of mathematics and its relationship to other areas of philosophy, particularly epistemology and metaphysics. Central qu"
philosophy-of-mind,Philosophy of mind,4,metaphysics,6880483,https://en.wikipedia.org/?curid=6880483,wd:Q23407,1,30,0,"Philosophy of mind is a branch of philosophy that deals with the nature of the mind and its relation to the body and the external world.
The mind–body problem is a paradigmatic issue in philosophy of "
entities-in-philosophy-of-science,Philosophy of science,4,philosophy-of-science,37010,https://en.wikipedia.org/?curid=37010,wd:Q59115,1,0,0,"Philosophy of science (also theory of science) is the branch of philosophy concerned with the foundations, methods, and implications of science. Amongst its central questions are the difference betwee"
topics-in-philosophy-of-science,Philosophy of science,4,philosophy-of-science,37010,https://en.wikipedia.org/?curid=37010,wd:Q59115,1,7,0,"Philosophy of science (also theory of science) is the branch of philosophy concerned with the foundations, methods, and implications of science. Amongst its central questions are the difference betwee"
philosophy-of-space-and-time,Philosophy of space and time,4,metaphysics,655002,https://en.wikipedia.org/?curid=655002,wd:Q1754940,1,1,0,"The philosophy of space and time is a branch of philosophy concerned with ideas about knowledge and understanding within space and time. Such ideas have been central to philosophy from its inception.
"
phonetics,Phonetics,4,descriptive-linguistics,23194,https://en.wikipedia.org/?curid=23194,wd:Q35395,1,23,0,Phonetics is a branch of linguistics that mainly concerns the articulation and perception of speech sounds. The field of phonetics is traditionally divided into three sub-disciplines: articulatory pho
phonology,Phonology,4,descriptive-linguistics,23247,https://en.wikipedia.org/?curid=23247,wd:Q40998,1,31,0,"Phonology (formerly also phonemics or phonematics) is the branch of linguistics that concerns how languages organize the foundational elements that make their words. In spoken languages, these are pho"
photobiology,Photobiology,4,botany,578784,https://en.wikipedia.org/?curid=578784,wd:Q908917,1,0,0,"Photobiology is the scientific study of the beneficial and harmful interactions of light (technically, non-ionizing radiation) in living organisms. The field includes the study of photophysics, photoc"
photochemistry,Photochemistry,4,physical-chemistry,363430,https://en.wikipedia.org/?curid=363430,wd:Q188651,1,18,0,"Photochemistry is the branch of chemistry concerned with the chemical effects of light. Generally, this term is used to describe a chemical reaction caused by absorption of ultraviolet (wavelength fro"
photography,Photography,4,optics,23604,https://en.wikipedia.org/?curid=23604,wd:Q11633,1,44,0,"Photography is the art, application, and practice of creating images by recording light, either electronically by means of an image sensor, or chemically by means of a light-sensitive material such as"
photometry,Photometry (astronomy),4,astrophotography,207560,https://en.wikipedia.org/?curid=207560,wd:Q1073340,1,0,0,"In astronomy, photometry, from Greek photo- (""light"") and -metry (""measure""), is a technique used in astronomy that is concerned with measuring the flux or intensity of light radiated by astronomical "
entities-in-photonics,Photonics,4,photonics,184904,https://en.wikipedia.org/?curid=184904,wd:Q467054,1,0,0,"Photonics is a branch of optics that involves the application of generation, detection, and manipulation of light in the form of photons through emission, transmission, modulation, signal processing, "
topics-in-photonics,Photonics,4,photonics,184904,https://en.wikipedia.org/?curid=184904,wd:Q467054,1,70,0,"Photonics is a branch of optics that involves the application of generation, detection, and manipulation of light in the form of photons through emission, transmission, modulation, signal processing, "
photosynthesis,Photosynthesis,4,cell-biology,24544,https://en.wikipedia.org/?curid=24544,wd:Q11982,1,48,0,"Photosynthesis ( FOH-tə-SINTH-ə-sis) is a system of biological processes by which photopigment-bearing autotrophic organisms, such as most plants, algae and cyanobacteria, convert light energy — typic"
photovoltaics,Photovoltaics,4,solar-power,652531,https://en.wikipedia.org/?curid=652531,wd:Q192127,1,11,0,"Photovoltaics (PV) is the conversion of light into electricity using semiconducting materials that exhibit the photovoltaic effect, a phenomenon studied in physics, photochemistry, and electrochemistr"
phycology,Phycology,4,botany,90347,https://en.wikipedia.org/?curid=90347,wd:Q188391,1,0,0,"Phycology (from Ancient Greek  φῦκος (phûkos) 'seaweed' and  -λογία (-logía) 'study of') is the scientific study of algae.  Also known as algology, phycology is a branch of life science.
Algae are imp"
entities-in-physical-chemistry,Physical chemistry,4,physical-chemistry,23635,https://en.wikipedia.org/?curid=23635,wd:Q11372,1,0,0,"Physical chemistry is the study of macroscopic and microscopic phenomena in chemical systems in terms of the principles, practices, and concepts of physics such as motion, energy, force, time, thermod"
topics-in-physical-chemistry,Physical chemistry,4,physical-chemistry,23635,https://en.wikipedia.org/?curid=23635,wd:Q11372,1,10,0,"Physical chemistry is the study of macroscopic and microscopic phenomena in chemical systems in terms of the principles, practices, and concepts of physics such as motion, energy, force, time, thermod"
physical-constants,Physical constant,4,mechanics,23205,https://en.wikipedia.org/?curid=23205,wd:Q173227,1,10,0,"A physical constant, sometimes called a fundamental physical constant or universal constant, is a physical quantity that cannot be explained by a theory and therefore must be measured experimentally. "
physical-cosmology,Physical cosmology,4,astrophysics,5378,https://en.wikipedia.org/?curid=5378,wd:Q18346,1,169,0,Physical cosmology is a branch of physics concerned with modeling the universe based on the laws of physics. A cosmological model provides a mathematical description of the largest-scale structures an
entities-in-physical-geography,Physical geography,4,physical-geography,23263,https://en.wikipedia.org/?curid=23263,wd:Q52107,1,0,0,Physical geography (also known as physiography) is one of the three main branches of geography. Physical geography is the branch of natural science which deals with the processes and patterns in the n
topics-in-physical-geography,Physical geography,4,physical-geography,23263,https://en.wikipedia.org/?curid=23263,wd:Q52107,1,0,0,Physical geography (also known as physiography) is one of the three main branches of geography. Physical geography is the branch of natural science which deals with the processes and patterns in the n
physical-oceanography,Physical oceanography,4,oceanography,387440,https://en.wikipedia.org/?curid=387440,wd:Q1337681,1,0,0,"Physical oceanography is the study of physical conditions and physical processes within the ocean, especially the motions and physical properties of ocean waters.
Physical oceanography is one of sever"
physical-optics,Physical optics,4,optics,2460242,https://en.wikipedia.org/?curid=2460242,wd:Q942347,1,5,0,"In physics, physical optics, or wave optics, is the branch of optics that studies interference, diffraction, polarization, and other phenomena for which the ray approximation of geometric optics is no"
physical-organic-chemistry,Physical organic chemistry,4,organic-chemistry,11304514,https://en.wikipedia.org/?curid=11304514,wd:Q652513,1,8,0,"Physical organic chemistry, a term coined by Louis Hammett in 1940, refers to a discipline of organic chemistry that focuses on the relationship between chemical structures and reactivity, in particul"
entities-in-physical-quantities,Physical quantity,4,physical-quantities,23204,https://en.wikipedia.org/?curid=23204,wd:Q107715,1,0,0,"A physical quantity (or simply quantity) is a property of a material or system that can be quantified by measurement. A physical quantity can be expressed as a value, which is a pair of a numerical va"
topics-in-physical-quantities,Physical quantity,4,physical-quantities,23204,https://en.wikipedia.org/?curid=23204,wd:Q107715,1,124,0,"A physical quantity (or simply quantity) is a property of a material or system that can be quantified by measurement. A physical quantity can be expressed as a value, which is a pair of a numerical va"
entities-in-physical-therapy,Physical therapy,4,physical-therapy,24022,https://en.wikipedia.org/?curid=24022,wd:Q186005,1,0,0,"Physical therapy (PT), also known as physiotherapy, is a healthcare profession, as well as the care provided by physical therapists. It focuses on promoting, maintaining, or restoring health through p"
topics-in-physical-therapy,Physical therapy,4,physical-therapy,24022,https://en.wikipedia.org/?curid=24022,wd:Q186005,1,110,0,"Physical therapy (PT), also known as physiotherapy, is a healthcare profession, as well as the care provided by physical therapists. It focuses on promoting, maintaining, or restoring health through p"
physics-beyond-the-standard-model,Physics beyond the Standard Model,4,particle-physics,4043742,https://en.wikipedia.org/?curid=4043742,wd:Q2599934,1,10,0,"Physics beyond the Standard Model (BSM) refers to the theoretical developments needed to explain the deficiencies of the Standard Model, such as the inability to explain the fundamental parameters of "
entities-in-physiology,Physiology,4,physiology,23597,https://en.wikipedia.org/?curid=23597,wd:Q521,1,0,0,"Physiology (; from Ancient Greek  φύσις (phúsis) 'nature, origin' and  -λογία (-logía) 'study of') is the scientific study of functions and mechanisms in a living system. As a subdiscipline of biology"
topics-in-physiology,Physiology,4,physiology,23597,https://en.wikipedia.org/?curid=23597,wd:Q521,1,40,0,"Physiology (; from Ancient Greek  φύσις (phúsis) 'nature, origin' and  -λογία (-logía) 'study of') is the scientific study of functions and mechanisms in a living system. As a subdiscipline of biology"
phytochemistry,Phytochemistry,4,botany,1246630,https://en.wikipedia.org/?curid=1246630,wd:Q640068,1,14,0,"Phytochemistry is the study of phytochemicals, which are chemicals derived from plants. Phytochemists strive to describe the structures of the large number of secondary metabolites found in plants, th"
entities-in-planetary-science,Planetary science,4,planetary-science,36224143,https://en.wikipedia.org/?curid=36224143,wd:Q104499,1,0,0,"Planetary science (or more rarely, planetology) is the scientific study of celestial bodies (such as planets (including Earth), moons, asteroids, comets) and planetary systems (in particular those of "
topics-in-planetary-science,Planetary science,4,planetary-science,36224143,https://en.wikipedia.org/?curid=36224143,wd:Q104499,0,2,0,
planetary-surfaces,Planetary surface,4,planetary-science,34661457,https://en.wikipedia.org/?curid=34661457,wd:Q7201252,1,1,0,A planetary surface is where the solid or liquid material of certain types of astronomical objects contacts the atmosphere or outer space. Planetary surfaces are found on solid objects of planetary ma
organizational-planning,Planning,4,business-administration,378010,https://en.wikipedia.org/?curid=378010,wd:Q309100,1,0,0,"Planning is the process of thinking regarding the activities required to achieve a desired goal. Planning is based on foresight, the fundamental capacity for mental time travel. Some researchers regar"
plant-anatomy,Plant anatomy,4,botany,7555884,https://en.wikipedia.org/?curid=7555884,wd:Q4021,1,0,0,"Plant anatomy or phytotomy is the general term for the study of the internal structure of plants. Originally, it included plant morphology, the description of the physical form and external structure "
plant-breeding,Plant breeding,4,conservation-biology,30876044,https://en.wikipedia.org/?curid=30876044,wd:Q788558,1,123,0,Plant breeding is the science of changing the traits of plants in order to produce desired characteristics. It is used to improve the quality of plant products for use by humans and animals. The goals
plant-ecology,Plant ecology,4,ecology,23470640,https://en.wikipedia.org/?curid=23470640,wd:Q1387972,1,0,0,"Plant ecology is a subdiscipline of ecology that studies the distribution and abundance of plants, the effects of environmental factors upon the abundance of plants, and the interactions among plants "
plant-genetics,Plant genetics,4,genetics,22346936,https://en.wikipedia.org/?curid=22346936,wd:Q7201518,1,0,0,"Plant genetics is the study of genes, genetic variation, and heredity in plants. It is generally considered a field of biology and botany, but it intersects with numerous life sciences, including mole"
plant-morphology,Plant morphology,4,botany,7556348,https://en.wikipedia.org/?curid=7556348,wd:Q655362,1,212,0,"Plant morphology or phytomorphology is the study of the physical form and external structure of plants. This is usually considered distinct from plant anatomy, which is the study of the internal struc"
plant-physiology,Plant physiology,4,botany,637102,https://en.wikipedia.org/?curid=637102,wd:Q185973,1,27,0,"Plant physiology is a subdiscipline of botany concerned with the functioning, or physiology, of plants. A professional in this field is called a Plant physiologist.
Plant physiologists study fundament"
plant-reproduction,Plant reproduction,4,botany,6614349,https://en.wikipedia.org/?curid=6614349,wd:Q2725616,1,0,0,"Plants may reproduce sexually or asexually. Sexual reproduction produces offspring by the fusion of gametes, resulting in offspring genetically different from either parent. Vegetative reproduction pr"
plant-taxonomy,Plant taxonomy,4,botany,4016398,https://en.wikipedia.org/?curid=4016398,wd:Q1138178,1,7,0,"Plant taxonomy is the science that finds, identifies, describes, classifies, and names plants. It is one of the main branches of taxonomy—the science that finds, describes, classifies, and names livin"
entities-in-plasma-physics,Plasma (physics),4,plasma-physics,25916521,https://en.wikipedia.org/?curid=25916521,wd:Q10251,1,0,0,"Plasma is a state of matter that results from one of the other three states (often, the gaseous one) having undergone an appreciable degree of ionization. It thus consists of a significant portion of "
topics-in-plasma-physics,Plasma (physics),4,plasma-physics,25916521,https://en.wikipedia.org/?curid=25916521,wd:Q10251,0,1,0,
plasma-lighting,Plasma lamp,4,plasma-physics,24969353,https://en.wikipedia.org/?curid=24969353,wd:Q1934083,1,29,0,"Plasma lamps are a type of electrodeless gas-discharge lamp energized by radio frequency (RF) power. They are distinct from the novelty plasma lamps that were popular in the 1980s.
The internal-electr"
plasma-engineering,Plasma processing,4,plasma-physics,486529,https://en.wikipedia.org/?curid=486529,wd:Q4364316,1,12,0,"Plasma processing is a plasma-based material processing technology that aims at modifying the chemical and physical properties of a surface.
Plasma processing techniques include:

Plasma activation
Pl"
plastics-engineering,Plastics engineering,4,process-engineering,1548441,https://en.wikipedia.org/?curid=1548441,wd:Q1425292,1,0,0,"Polymer engineering is generally an engineering field that designs, analyses, and modifies polymer materials. Polymer engineering covers aspects of the petrochemical industry, polymerization, structur"
plate-theory,Plate theory,4,mechanics,26155440,https://en.wikipedia.org/?curid=26155440,wd:Q2098720,1,0,0,"In continuum mechanics, plate theories are mathematical descriptions of the mechanics of flat plates that draw on the theory of beams.  Plates are defined as plane structural elements with a small thi"
pneumatics,Pneumatics,4,industrial-engineering,195891,https://en.wikipedia.org/?curid=195891,wd:Q211500,1,5,0,"Pneumatics (from Greek πνεῦμα pneuma 'wind, breath') is the use of gas or pressurized air to create mechanical motion in mechanical systems.
Pneumatic systems used in industry are commonly powered by "
poetry,Poetry,4,literary-genres,22926,https://en.wikipedia.org/?curid=22926,wd:Q482,1,27,0,"Poetry (from the Greek word poiesis, ""making"") is a form of literary art that uses aesthetic and often rhythmic qualities of language to evoke meanings in addition to, or in place of, literal or surfa"
point-processes,Point process,4,probability-theory,2147685,https://en.wikipedia.org/?curid=2147685,wd:Q7208287,1,20,0,"In statistics and probability theory, a point process or point field is a set of a random number of mathematical points randomly located on a mathematical space such as the real line or Euclidean spac"
point-to-point-protocol,Point-to-Point Protocol,4,computer-networks,23511,https://en.wikipedia.org/?curid=23511,wd:Q215179,1,3,0,"In computer networking, Point-to-Point Protocol (PPP) is a data link layer (layer 2) communication protocol between two routers directly without any host or any other networking in between. It can pro"
polar-climate,Polar climate,4,climate,50048,https://en.wikipedia.org/?curid=50048,wd:Q193372,1,74,0,The polar climate regions are characterized by a lack of warm summers but with varying winters. Every month a polar climate has an average temperature of less than 10 °C (50 °F). Regions with a polar 
wave-polarization,Polarization (physics),4,optics,41564,https://en.wikipedia.org/?curid=41564,wd:Q193760,1,42,0,"Polarization, or polarisation, is a property of transverse waves which specifies the geometrical orientation of the oscillations.  In a transverse wave, the direction of the oscillation is perpendicul"
policy-studies,Policy studies,4,political-science,10412265,https://en.wikipedia.org/?curid=10412265,wd:Q3179130,1,0,0,Policy studies is a subdiscipline of political science that includes the analysis of the process of policymaking (the policy process) and the contents of policy (policy analysis). Policy analysis incl
political-economy,Political economy,4,political-science,46044,https://en.wikipedia.org/?curid=46044,wd:Q47555,1,0,0,Political economy – sometimes referred to as comparative economy – is a branch of political science and economics that studies economic systems (such as markets and national economies) and how they ar
political-geography,Political geography,4,human-geography,1845092,https://en.wikipedia.org/?curid=1845092,wd:Q191320,1,0,0,Political geography is concerned with the study of both the spatially uneven outcomes of political processes and the ways in which political processes are themselves affected by spatial structures. Co
political-history,Political history,4,fields-of-history,221737,https://en.wikipedia.org/?curid=221737,wd:Q1147507,1,0,0,"Political history is the narrative and survey of political events, ideas, movements, organs of government, voters, parties, and leaders. It is closely related to other fields of history, including dip"
entities-in-political-philosophy,Political philosophy,4,political-philosophy,23040,https://en.wikipedia.org/?curid=23040,wd:Q179805,1,0,0,"Political philosophy is the study of the theoretical and conceptual foundations of politics. It examines the nature, scope, and legitimacy of political institutions, such as states. The field investig"
topics-in-political-philosophy,Political philosophy,4,political-philosophy,23040,https://en.wikipedia.org/?curid=23040,wd:Q179805,1,9,0,"Political philosophy is the study of the theoretical and conceptual foundations of politics. It examines the nature, scope, and legitimacy of political institutions, such as states. The field investig"
political-psychology,Political psychology,4,applied-psychology,1450022,https://en.wikipedia.org/?curid=1450022,wd:Q1596387,1,0,0,"Political psychology (or psychology of politics) is an interdisciplinary academic field, dedicated to understanding politics, politicians and political behavior from a psychological perspective, and p"
entities-in-political-science,Political science,4,political-science,24388,https://en.wikipedia.org/?curid=24388,wd:Q36442,1,0,0,"Political science (sometimes abbreviated as PoliSci or poli sci), also known as the academic field of government (GOVT or Gov), is the scientific study of politics which is a social science dealing wi"
topics-in-political-science,Political science,4,political-science,24388,https://en.wikipedia.org/?curid=24388,wd:Q36442,1,31,0,"Political science (sometimes abbreviated as PoliSci or poli sci), also known as the academic field of government (GOVT or Gov), is the scientific study of politics which is a social science dealing wi"
political-sociology,Political sociology,4,political-science,299378,https://en.wikipedia.org/?curid=299378,wd:Q745692,1,17,0,Political sociology is an interdisciplinary field of study concerned with exploring how governance and society interact and influence one another across the micro- to macro-levels of analysis. Interes
politics-of-france,Politics of France,4,state-politics,33841029,https://en.wikipedia.org/?curid=33841029,wd:Q1121558,1,2,0,"France is a semi-presidential system determined by the Constitution of the Fifth Republic. The nation declares itself to be an ""indivisible, secular, democratic, and social Republic"". The constitution"
politics-of-switzerland,Politics of Switzerland,4,state-politics,27464,https://en.wikipedia.org/?curid=27464,wd:Q688192,1,4,0,"The Switzerland is a federal state with direct democracy.

The legislative branch  is the Federal Assembly. The Federal Assembly has two parts: the National Council, which represents the public, while"
politics-of-the-united-states,Politics of the United States,4,state-politics,32021,https://en.wikipedia.org/?curid=32021,wd:Q330963,1,81,0,"In the United States, politics functions within a framework of a constitutional federal republic with a presidential system. The three distinct branches share powers: Congress, which forms the legisla"
entities-in-pollution,Pollution,4,pollution,24872,https://en.wikipedia.org/?curid=24872,wd:Q58734,1,0,0,"Pollution is the introduction of contaminants into the natural environment that cause harm. Pollution can take the form of any substance (solid, liquid, or gas) or energy (such as radioactivity, heat,"
topics-in-pollution,Pollution,4,pollution,24872,https://en.wikipedia.org/?curid=24872,wd:Q58734,1,2,0,"Pollution is the introduction of contaminants into the natural environment that cause harm. Pollution can take the form of any substance (solid, liquid, or gas) or energy (such as radioactivity, heat,"
polymer-chemistry,Polymer chemistry,4,organic-chemistry,656965,https://en.wikipedia.org/?curid=656965,wd:Q750446,1,199,0,"Polymer chemistry is a sub-discipline of chemistry that focuses on the structures, chemical synthesis, and chemical and physical properties of polymers and macromolecules. The principles and methods u"
polymer-engineering,Polymer engineering,4,materials-science,12743856,https://en.wikipedia.org/?curid=12743856,wd:Q3531548,1,0,0,"Polymer engineering is generally an engineering field that designs, analyses, and modifies polymer materials. Polymer engineering covers aspects of the petrochemical industry, polymerization, structur"
polynomials,Polynomial,4,algebra,23000,https://en.wikipedia.org/?curid=23000,wd:Q43260,1,61,0,"In mathematics, a polynomial is a mathematical expression consisting of indeterminates (also called variables) and coefficients, that involves only the operations of addition, subtraction, multiplicat"
pomology,Pomology,4,horticulture,1359960,https://en.wikipedia.org/?curid=1359960,wd:Q35911,1,0,0,"Pomology (from Latin pomum, ""fruit"", + -logy, ""study"") is a branch of botany that studies fruits and their cultivation. Someone who researches and practices the science of pomology is called a pomolog"
growth-models,Population dynamics,4,applied-sociology,501466,https://en.wikipedia.org/?curid=501466,wd:Q904564,1,8,0,"Population dynamics is the type of mathematics used to model and study the size and age composition of populations as dynamical systems. Population dynamics is a branch of mathematical biology, and us"
population-ecology,Population ecology,4,ecology,1156819,https://en.wikipedia.org/?curid=1156819,wd:Q1049866,1,2,0,"Population ecology is a field of ecology that deals with the dynamics of species populations and how these populations interact with the environment, such as birth and death rates, and by immigration "
population-genetics,Population genetics,4,genetics,219268,https://en.wikipedia.org/?curid=219268,wd:Q31151,1,155,0,"Population genetics is a subfield of genetics that deals with genetic differences within and among populations, and is a part of evolutionary biology. Studies in this branch of biology examine such ph"
population-geography,Population geography,4,human-geography,1923795,https://en.wikipedia.org/?curid=1923795,wd:Q852082,1,0,0,"Population geography is the study of the distribution, composition, migration, and growth of human populations in relation to the geographic characteristics of specific area. It focuses on how populat"
populism,Populism,4,political-ideologies,211484,https://en.wikipedia.org/?curid=211484,wd:Q180490,1,8,0,"Populism is a contested concept for a variety of political stances that emphasise the idea of the ""common people"", often in opposition to a perceived elite. It is frequently associated with anti-estab"
port-forwarding,Port forwarding,4,computer-networks,757166,https://en.wikipedia.org/?curid=757166,wd:Q1049673,1,0,0,"In computer networking, port forwarding or port mapping is an application of network address translation (NAT) that redirects a communication request from one address and port number combination to an"
positive-psychology,Positive psychology,4,basic-psychology,179948,https://en.wikipedia.org/?curid=179948,wd:Q718809,1,96,0,"Positive psychology is the scientific study of conditions and processes that contribute to positive psychological states (e.g., contentment, joy), well-being, positive relationships, and positive inst"
positivism,Positivism,4,sociological-theories,2871407,https://en.wikipedia.org/?curid=2871407,wd:Q131015,1,3,0,Positivism is a philosophical school that holds that all genuine knowledge is either true by definition or positive – the latter meaning a posteriori facts derived by reason and logic from sensory exp
entities-in-post-classical-history,Post-classical history,4,post-classical-history,13139823,https://en.wikipedia.org/?curid=13139823,wd:Q7234117,1,0,0,"In world history, post-classical history refers to the period from about 500 CE to about 1450 or 1500 CE, roughly corresponding to the European Middle Ages following the decline of the western Roman E"
topics-in-post-classical-history,Post-classical history,4,post-classical-history,13139823,https://en.wikipedia.org/?curid=13139823,wd:Q7234117,0,0,0,
post-quantum-cryptography,Post-quantum cryptography,4,computer-security,26605226,https://en.wikipedia.org/?curid=26605226,wd:Q7233576,1,5,0,"Post-quantum cryptography (PQC), sometimes referred to as quantum-proof, quantum-safe, or quantum-resistant, is the development of cryptographic algorithms (usually public-key algorithms) that are cur"
postmodern-architecture,Postmodern architecture,4,architectural-styles,964995,https://en.wikipedia.org/?curid=964995,wd:Q595448,1,6,0,"Postmodern architecture is a style or movement which emerged in the 1960s as a reaction against the austerity, formality, and lack of variety of modern architecture, particularly in the international "
poultry-farming,Poultry farming,4,animal-husbandry,12116844,https://en.wikipedia.org/?curid=12116844,wd:Q861182,1,12,0,"Poultry farming is the form of animal husbandry which breeds domesticated birds including chickens, ducks, turkeys and geese to produce meat or eggs for food. Poultry – mostly chickens – are farmed in"
power-electronics,Power electronics,4,electronic-engineering,1001628,https://en.wikipedia.org/?curid=1001628,wd:Q593143,1,65,0,"Power electronics is the application of electronics to the control and conversion of electric power.
The first high-power electronic devices were made using mercury-arc valves. In modern systems, the "
entities-in-power-engineering,Power engineering,4,power-engineering,618077,https://en.wikipedia.org/?curid=618077,wd:Q1803786,1,0,0,"Power engineering, also called power systems engineering, is a subfield of electrical engineering that deals with the generation, transmission, distribution, and utilization of electric power, and the"
topics-in-power-engineering,Power engineering,4,power-engineering,618077,https://en.wikipedia.org/?curid=618077,wd:Q1803786,0,12,0,
power-system-protection,Power system protection,4,power-engineering,4242000,https://en.wikipedia.org/?curid=4242000,wd:Q1756067,1,0,0,"Power system protection is a set of techniques and power grid equipment used to limit the damage caused by an electrical fault and safeguard other components of the grid, like generators and transmiss"
pragmatics,Pragmatics,4,theoretical-linguistics,44816,https://en.wikipedia.org/?curid=44816,wd:Q181839,1,9,0,"In linguistics and the philosophy of language, pragmatics is the study of how context contributes to meaning. The field of study evaluates how human language is utilized in social interactions, as wel"
pre-columbian-era,Pre-Columbian era,4,classical-antiquity,90001,https://en.wikipedia.org/?curid=90001,wd:Q202390,1,16,0,"In the history of the Americas, the pre-Columbian era, also known as the pre-contact era, pre-Hispanic or as the pre-Cabraline era specifically in Brazil, spans from the initial peopling of the Americ"
prefabricated-buildings,Prefabricated building,4,construction-engineering,5754502,https://en.wikipedia.org/?curid=5754502,wd:Q951781,1,4,0,"A prefabricated building, informally a prefab, is a building that is manufactured and constructed using prefabrication. It consists of factory-made components or units that are transported and assembl"
entities-in-prehistoric-period,Prehistory,4,prehistoric-period,18994022,https://en.wikipedia.org/?curid=18994022,wd:Q11756,1,0,0,"Prehistory, sometimes referred to as pre-literary history, is the period of human history between the first known use of stone tools by hominins c. 3.3 million years ago and the beginning of recorded "
topics-in-prehistoric-period,Prehistory,4,prehistoric-period,18994022,https://en.wikipedia.org/?curid=18994022,wd:Q11756,0,54,0,
entities-in-preventive-healthcare,Preventive healthcare,4,preventive-healthcare,1032780,https://en.wikipedia.org/?curid=1032780,wd:Q1773974,1,0,0,"Preventive healthcare or prophylaxis is the application of healthcare measures to prevent diseases. Disease and disability are affected by environmental factors, genetic predisposition, disease agents"
topics-in-preventive-healthcare,Preventive healthcare,4,preventive-healthcare,1032780,https://en.wikipedia.org/?curid=1032780,wd:Q1773974,0,18,0,
product-pricing,Pricing,4,marketing,239887,https://en.wikipedia.org/?curid=239887,wd:Q2516951,1,5,0,"Pricing is the process whereby a business sets and displays the price at which it will sell its products and services and may be part of the business's marketing plan. In setting prices, the business "
primary-education,Primary education,4,educational-stages,11722032,https://en.wikipedia.org/?curid=11722032,wd:Q975085,1,29,0,"Primary education is the first stage of formal education, coming after preschool/kindergarten and before secondary education. Primary education takes place in primary schools, elementary schools, or f"
privacy,Privacy,4,computer-security,25009,https://en.wikipedia.org/?curid=25009,wd:Q188728,1,30,0,"Privacy (UK: , US: ) is the ability of an individual or group to seclude themselves or information about themselves, and thereby express themselves selectively.
The domain of privacy partially overlap"
privacy-enhancing-technologies,Privacy-enhancing technologies,4,computer-security,14389259,https://en.wikipedia.org/?curid=14389259,wd:Q7246002,1,14,0,"Privacy-enhancing technologies (PET) are technologies that embody fundamental data protection principles by minimizing personal data use, maximizing data security, and empowering individuals. PETs all"
probabilistic-logic,Probabilistic logic,4,mathematical-logic,5017608,https://en.wikipedia.org/?curid=5017608,wd:Q2599292,1,1,0,Probabilistic logic (also probability logic and probabilistic reasoning) involves the use of probability and logic to deal with uncertain situations. Probabilistic logic extends traditional logic trut
probabilistic-number-theory,Probabilistic number theory,4,number-theory,3644492,https://en.wikipedia.org/?curid=3644492,wd:Q7246860,1,0,0,"In mathematics, Probabilistic number theory is a subfield of number theory, which explicitly uses probability to answer questions about the integers and integer-valued functions. One basic idea underl"
probability-distributions,Probability distribution,4,descriptive-statistics,23543,https://en.wikipedia.org/?curid=23543,wd:Q200726,1,15,0,"In probability theory and statistics, a probability distribution is a function that gives the probabilities of occurrence of possible events for an experiment. It is a mathematical description of a ra"
entities-in-probability-theory,Probability theory,4,probability-theory,23542,https://en.wikipedia.org/?curid=23542,wd:Q5862903,1,0,0,"Probability theory or probability calculus is the branch of mathematics concerned with probability. Although there are several different probability interpretations, probability theory treats the conc"
topics-in-probability-theory,Probability theory,4,probability-theory,23542,https://en.wikipedia.org/?curid=23542,wd:Q5862903,1,49,0,"Probability theory or probability calculus is the branch of mathematics concerned with probability. Although there are several different probability interpretations, probability theory treats the conc"
problem-based-learning,Problem-based learning,4,pedagogy,362386,https://en.wikipedia.org/?curid=362386,wd:Q1060990,1,47,0,Problem-based learning (PBL) is a teaching method in which students aim to learn about a subject through the experience of solving an open-ended problem found in trigger material. The PBL process does
procedural-law,Procedural law,4,branches-of-law,24612,https://en.wikipedia.org/?curid=24612,wd:Q936044,1,0,0,"Procedural law, adjective law, in some jurisdictions referred to as remedial law, or rules of court, comprises the rules by which a court hears and determines what happens in civil, lawsuit, criminal "
entities-in-process-engineering,Process engineering,4,process-engineering,601958,https://en.wikipedia.org/?curid=601958,wd:Q2144042,1,0,0,Process engineering is a field of study focused on the development and optimization of industrial processes. It consists of the understanding and application of the fundamental principles and laws of 
topics-in-process-engineering,Process engineering,4,process-engineering,601958,https://en.wikipedia.org/?curid=601958,wd:Q2144042,0,0,0,
processing-units,Processor (computing),4,computer-architecture,37509820,https://en.wikipedia.org/?curid=37509820,wd:Q1466064,1,0,0,"In computing and computer science, a processor or processing unit is an electrical component (digital circuit) that performs operations on an external data source, usually memory or some other data st"
processor-design,Processor design,4,computer-architecture,7597,https://en.wikipedia.org/?curid=7597,wd:Q1303814,1,0,0,"Processor design is a subfield of computer engineering and electronics that deals with creating a processor, a key component of computer hardware. While historically focused on the central processing "
procurement,Procurement,4,supply-chain,763365,https://en.wikipedia.org/?curid=763365,wd:Q829492,1,2,0,"Procurement is the process of locating and agreeing to terms and purchasing goods, services, or other works from an external source, often with the use of a tendering or competitive bidding process. W"
products,Product (business),4,marketing,240410,https://en.wikipedia.org/?curid=240410,wd:Q2424752,1,1,0,"In marketing and economics, a product is any object, service, or system offered to a market to satisfy a customer’s need or want. Products may be tangible, such as physical goods that can be touched a"
product-management,Product management,4,business-administration,239850,https://en.wikipedia.org/?curid=239850,wd:Q1780667,1,8,0,"Product management is the business process of planning, developing, launching, and managing a product or service. It includes the entire lifecycle of a product, from ideation to development to go to m"
programming-languages,Programming language,4,programming-language-theory,23015,https://en.wikipedia.org/?curid=23015,wd:Q9143,1,24,0,"A programming language is an engineered language for expressing computer programs, typically allowing software to be written in a human readable manner.
Execution of a program requires an implementati"
entities-in-programming-language-theory,Programming language theory,4,programming-language-theory,3882218,https://en.wikipedia.org/?curid=3882218,wd:Q2670534,1,0,0,"Programming language theory (PLT) is a branch of computer science that deals with the design, implementation, analysis, characterization, and classification of formal languages known as programming la"
topics-in-programming-language-theory,Programming language theory,4,programming-language-theory,3882218,https://en.wikipedia.org/?curid=3882218,wd:Q2670534,0,17,0,
progressivism,Progressivism,4,political-ideologies,26636309,https://en.wikipedia.org/?curid=26636309,wd:Q821102,1,0,0,Progressivism is a political philosophy and reform movement that seeks to progress the human condition through reforms. Adherents endeavor to spread this idea to human societies everywhere throughout 
project-management,Project management,4,business-administration,24042,https://en.wikipedia.org/?curid=24042,wd:Q179012,1,51,0,"Project management is the process of supervising the work of a team to achieve all project goals within the given constraints. This information is usually described in project documentation, created a"
projective-geometry,Projective geometry,4,geometry,243849,https://en.wikipedia.org/?curid=243849,wd:Q177409,1,29,0,"In mathematics, projective geometry is the study of geometric properties that are invariant with respect to projective transformations. This means that, compared to elementary Euclidean geometry, proj"
product-promotion,Promotion (marketing),4,marketing,1752402,https://en.wikipedia.org/?curid=1752402,wd:Q353163,1,88,0,"In marketing, promotion refers to any type of marketing communication used to inform target audiences of the relative merits of a product, service, brand or issue, persuasively. It helps marketers to "
proof-theory,Proof theory,4,mathematical-logic,183478,https://en.wikipedia.org/?curid=183478,wd:Q852732,1,2,0,"Proof theory is a major branch of mathematical logic and theoretical computer science within which proofs are treated as formal mathematical objects, facilitating their analysis by mathematical techni"
propensity-probability,Propensity probability,4,probability-theory,11351089,https://en.wikipedia.org/?curid=11351089,wd:Q2112968,1,0,0,"The propensity theory of probability is a probability interpretation in which the probability is thought of as a physical propensity, disposition, or tendency of a given type of situation to yield an "
propositional-logic,Propositional calculus,4,classical-logic,18154,https://en.wikipedia.org/?curid=18154,wd:Q200694,1,15,0,"Propositional logic is a branch of classical logic. It is also called statement logic, sentential calculus, propositional calculus, sentential logic, or sometimes zeroth-order logic. Sometimes, it is "
propulsion,Propulsion,4,aerospace-engineering,49023,https://en.wikipedia.org/?curid=49023,wd:Q2583685,1,16,0,"Propulsion is the generation of force by any combination of pushing or pulling to modify the translational motion of an object, which is typically a rigid body (or an articulated rigid body) but may a"
prose,Prose,4,literary-genres,52103,https://en.wikipedia.org/?curid=52103,wd:Q676,1,0,0,"Prose is language that follows the natural flow or rhythm of speech, ordinary grammatical structures, or, in writing, typical conventions and formatting. Thus, prose ranges from informal speaking to f"
prosthodontics,Prosthodontics,4,dentistry,1356602,https://en.wikipedia.org/?curid=1356602,wd:Q1349700,1,0,0,"Prosthodontics, also known as dental prosthetics or prosthetic dentistry, is the area of dentistry that focuses on dental prostheses. It is one of 12 dental specialties recognized by the American Dent"
protease-inhibitors,Protease inhibitor (pharmacology),4,pharmacology,653278,https://en.wikipedia.org/?curid=653278,wd:Q55761529,1,0,0,"Protease inhibitors (PIs) are medications that act by interfering with enzymes that cleave proteins. Some of the most well known are antiviral drugs widely used to treat HIV/AIDS, hepatitis C and COVI"
proteins,Protein,4,biochemistry,23634,https://en.wikipedia.org/?curid=23634,wd:Q8054,1,60,0,"Proteins are large biomolecules and macromolecules that comprise one or more long chains of amino acid residues. Proteins perform a vast array of functions within organisms, including catalysing metab"
protein-biosynthesis,Protein biosynthesis,4,cell-biology,24553,https://en.wikipedia.org/?curid=24553,wd:Q211935,1,50,0,"Protein biosynthesis, or protein synthesis, is a core biological process, occurring inside cells, balancing the loss of cellular proteins (via degradation or export) through the production of fresh pr"
protein-folding,Protein folding,4,biochemistry,52085,https://en.wikipedia.org/?curid=52085,wd:Q847556,1,2,0,"Protein folding is the physical process by which a protein, after synthesis by a ribosome as a linear chain of amino acids, changes from an unstable random coil into a more ordered three-dimensional s"
pseudorandomness,Pseudorandomness,4,computer-security,23210,https://en.wikipedia.org/?curid=23210,wd:Q2115856,1,17,0,"A pseudorandom sequence of numbers is one that appears to be statistically random, despite having been produced by a completely deterministic and repeatable process. Pseudorandom number generators are"
psychiatric-genetics,Psychiatric genetics,4,genetics,6828663,https://en.wikipedia.org/?curid=6828663,wd:Q7256235,1,0,0,"Psychiatric genetics is a subfield of behavioral neurogenetics and behavioral genetics which studies the role of genetics in the development of mental disorders (such as alcoholism, schizophrenia, bip"
entities-in-psychiatry,Psychiatry,4,psychiatry,18973869,https://en.wikipedia.org/?curid=18973869,wd:Q7867,1,1,0,"Psychiatry is the medical specialty devoted to the diagnosis, treatment, and prevention of deleterious mental conditions. These include matters related to cognition, perceptions, mood, emotion, and be"
topics-in-psychiatry,Psychiatry,4,psychiatry,18973869,https://en.wikipedia.org/?curid=18973869,wd:Q7867,0,296,0,
psychoanalysis,Psychoanalysis,4,theoretical-psychology,23585,https://en.wikipedia.org/?curid=23585,wd:Q41630,1,70,0,"Psychoanalysis is a set of theories and techniques to discover unconscious processes and their influence on conscious thought, emotion and behavior. Based on dream interpretation, psychoanalysis is al"
psychodynamic-psychotherapy,Psychodynamic psychotherapy,4,basic-psychology,1549718,https://en.wikipedia.org/?curid=1549718,wd:Q2279219,1,0,0,Psychodynamic psychotherapy (or psychodynamic therapy) and psychoanalytic psychotherapy (or psychoanalytic therapy) are two categories of psychological therapies. Their main purpose is to reveal the u
entities-in-psycholinguistics,Psycholinguistics,4,psycholinguistics,160538,https://en.wikipedia.org/?curid=160538,wd:Q179488,1,0,0,Psycholinguistics or psychology of language is the study of the interrelation between linguistic factors and other aspects of mind and brain. The discipline is mainly concerned with the psychological 
topics-in-psycholinguistics,Psycholinguistics,4,psycholinguistics,160538,https://en.wikipedia.org/?curid=160538,wd:Q179488,0,0,0,
psychology-of-religion,Psychology of religion,4,applied-psychology,507197,https://en.wikipedia.org/?curid=507197,wd:Q368498,1,11,0,Psychology of religion consists of the application of psychological methods and interpretive frameworks to the diverse contents of religious traditions as well as to both religious and irreligious ind
psychometrics,Psychometrics,4,basic-psychology,24982,https://en.wikipedia.org/?curid=24982,wd:Q506132,1,52,0,Psychometrics is a field of study within psychology concerned with the theory and technique of measurement. Psychometrics generally covers specialized fields within psychology and education devoted to
psychopharmacology,Psychopharmacology,4,pharmacology,45621,https://en.wikipedia.org/?curid=45621,wd:Q1515727,1,1,0,"Psychopharmacology (from Greek ψῡχή, psȳkhē, 'breath, life, soul'; φάρμακον, pharmakon, 'drug'; and -λογία, -logia) is the scientific study of the effects drugs have on mood, sensation, thinking, beha"
public-economics,Public economics,4,microeconomics,18532781,https://en.wikipedia.org/?curid=18532781,wd:Q2248246,1,0,0,Public economics (or economics of the public sector) is the study of government policy through the lens of economic efficiency and equity. Public economics builds on the theory of welfare economics an
public-finance,Public finance,4,finance,268515,https://en.wikipedia.org/?curid=268515,wd:Q274490,1,22,0,"Public finance refers to the monetary resources available to governments and also to the study of finance within government and role of the government in the economy. Within academic settings, public "
public-law,Public law,4,branches-of-law,287860,https://en.wikipedia.org/?curid=287860,wd:Q207892,1,0,0,"Public law   is the part of law that governs relations and affairs between legal persons and a government, between different institutions within a state, between different branches of governments, as "
entities-in-applied-sociology,Public sociology,4,applied-sociology,1722782,https://en.wikipedia.org/?curid=1722782,wd:Q4353946,0,8,0,
topics-in-applied-sociology,Public sociology,4,applied-sociology,1722782,https://en.wikipedia.org/?curid=1722782,wd:Q4353946,0,20,0,
public-transport,Public transport,4,transportation-engineering,26162030,https://en.wikipedia.org/?curid=26162030,wd:Q178512,1,12,0,"Public transport (also known as public transportation, public transit, mass transit, or simply transit) refers to forms of transport made available for use by the general public. Public transport syst"
public-key-cryptography,Public-key cryptography,4,computer-security,24222,https://en.wikipedia.org/?curid=24222,wd:Q201339,1,127,0,"Public-key cryptography, or asymmetric cryptography, is the field of cryptographic systems that use pairs of related keys. Each key pair consists of a public key and a corresponding private key. Key p"
entities-in-publishing,Publishing,4,publishing,68761,https://en.wikipedia.org/?curid=68761,wd:Q3972943,1,0,0,"Publishing  is the process of making information, literature, music, software, and other content, whether in physical or digital form, available to the public for sale or free of charge. Traditionally"
topics-in-publishing,Publishing,4,publishing,68761,https://en.wikipedia.org/?curid=68761,wd:Q3972943,0,78,0,
entities-in-pulmonology,Pulmonology,4,pulmonology,585383,https://en.wikipedia.org/?curid=585383,wd:Q203337,1,0,0,"Pulmonology (, , from Latin pulmō, -ōnis ""lung"" and the Greek suffix -λογία -logía ""study of""), pneumology (, built on Greek πνεύμων pneúmōn ""lung"") or pneumonology () is a medical specialty that deal"
topics-in-pulmonology,Pulmonology,4,pulmonology,585383,https://en.wikipedia.org/?curid=585383,wd:Q203337,0,0,0,
qualitative-research,Qualitative research,4,sociological-methodologies,371299,https://en.wikipedia.org/?curid=371299,wd:Q839486,1,3,0,"Qualitative research is a type of research that aims to gather and analyse non-numerical (descriptive) data in order to gain an understanding of individuals' social reality, including understanding th"
quality-management,Quality management,4,business-administration,1614268,https://en.wikipedia.org/?curid=1614268,wd:Q757012,1,37,0,"Quality management (QM) ensures that an organization, product, or service consistently performs as intended. It has four main components: quality planning, quality assurance, quality control, and qual"
quantitative-finance,Quantitative analysis (finance),4,finance,29295573,https://en.wikipedia.org/?curid=29295573,wd:Q20738516,1,7,0,Quantitative analysis in finance refers to the application of mathematical and statistical methods to problems in financial markets and investment management. Professionals in this field are known as 
quantitative-genetics,Quantitative genetics,4,genetics,297382,https://en.wikipedia.org/?curid=297382,wd:Q550479,1,0,0,"Quantitative genetics is the study of quantitative traits, which are phenotypes that vary continuously—such as height or mass—as opposed to phenotypes and gene-products that are discretely identifiabl"
quantitative-linguistics,Quantitative linguistics,4,theoretical-linguistics,27426169,https://en.wikipedia.org/?curid=27426169,wd:Q2198157,1,0,0,"Quantitative linguistics (QL) is a sub-discipline of general linguistics and, more specifically, of mathematical linguistics. Quantitative linguistics deals with language learning, language change, an"
quantitative-psychology,Quantitative psychology,4,basic-psychology,3067624,https://en.wikipedia.org/?curid=3067624,wd:Q7268941,1,0,0,"Quantitative psychology is a field of scientific study that focuses on the mathematical modeling, research design and methodology, and statistical analysis of psychological processes. It includes test"
quantitative-research,Quantitative research,4,sociological-methodologies,389564,https://en.wikipedia.org/?curid=389564,wd:Q730675,1,4,0,"Quantitative research is a research strategy that focuses on quantifying the collection and analysis of data. It is formed from a deductive approach where emphasis is placed on the testing of theory, "
quantities-of-information,Quantities of information,4,information-theory,6101309,https://en.wikipedia.org/?curid=6101309,wd:Q2070563,1,0,0,"The mathematical theory of information is based on probability theory and statistics, and measures information with several quantities of information, where quantity is a property that can be quantifi"
quantization,Quantization (signal processing),4,signal-processing,317018,https://en.wikipedia.org/?curid=317018,wd:Q198099,1,13,0,"In mathematics and digital signal processing, quantization is the process of mapping input values from a large set (often a continuous set) to output values in a (countable) smaller set, often with a "
quantum-biology,Quantum biology,4,biophysics,13537626,https://en.wikipedia.org/?curid=13537626,wd:Q1429339,1,0,0,Quantum biology is the study of applications of quantum mechanics and theoretical chemistry to aspects of biology that cannot be accurately described by the classical laws of physics. An understanding
quantum-chemistry,Quantum chemistry,4,physical-chemistry,25211,https://en.wikipedia.org/?curid=25211,wd:Q188403,1,10,0,"Quantum chemistry, also called molecular quantum mechanics, is a branch of physical chemistry focused on the application of quantum mechanics to chemical systems, particularly towards the quantum-mech"
quantum-computing,Quantum computing,4,theory-of-computation,25220,https://en.wikipedia.org/?curid=25220,wd:Q17995793,1,85,0,A quantum computer is a real or theoretical computer that exploits quantum phenomena like superposition and entanglement in an essential way. It is widely believed that a quantum computer could perfor
quantum-electrodynamics,Quantum electrodynamics,4,quantum-field-theory,25268,https://en.wikipedia.org/?curid=25268,wd:Q234881,1,39,0,"In particle physics, quantum electrodynamics (QED) is the relativistic quantum field theory of electrodynamics. In essence, it describes how light and matter interact and is the first theory where ful"
entities-in-quantum-field-theory,Quantum field theory,4,quantum-field-theory,25267,https://en.wikipedia.org/?curid=25267,wd:Q54505,1,2,0,"In theoretical physics, quantum field theory (QFT) is a theoretical framework that combines field theory, special relativity and quantum mechanics. QFT is used in particle physics to construct physica"
topics-in-quantum-field-theory,Quantum field theory,4,quantum-field-theory,25267,https://en.wikipedia.org/?curid=25267,wd:Q54505,1,83,0,"In theoretical physics, quantum field theory (QFT) is a theoretical framework that combines field theory, special relativity and quantum mechanics. QFT is used in particle physics to construct physica"
quantum-foundations,Quantum foundations,4,quantum-mechanics,57121312,https://en.wikipedia.org/?curid=57121312,wd:Q55648550,1,2,0,"Quantum foundations is a discipline of science and philosophy of physics that seeks to understand the most counter-intuitive aspects of quantum theory, reformulate it and even propose new generalizati"
quantum-gravity,Quantum gravity,4,quantum-mechanics,25312,https://en.wikipedia.org/?curid=25312,wd:Q234181,1,53,0,Quantum gravity (QG) is a field of theoretical physics that seeks unification of the theory of gravity with the principles of quantum mechanics. It deals with environments in which neither gravitation
quantum-information,Quantum information,4,quantum-mechanics,25274,https://en.wikipedia.org/?curid=25274,wd:Q2122243,1,7,0,"Quantum information is the information of the state of a quantum system. It is the basic entity of study in quantum information science, and can be manipulated using quantum information processing tec"
quantum-logic,Quantum logic,4,mathematical-logic,663426,https://en.wikipedia.org/?curid=663426,wd:Q1206311,1,0,0,"In the mathematical study of logic and the physical analysis of quantum foundations, quantum logic is a set of rules for manip­ulation of propositions inspired by the structure of quantum theory.  The"
entities-in-quantum-mechanics,Quantum mechanics,4,quantum-mechanics,25202,https://en.wikipedia.org/?curid=25202,wd:Q944,1,0,0,Quantum mechanics is the fundamental physical theory that describes the behavior of matter and of light; its unusual characteristics typically occur at and below the scale of atoms. It is the foundati
topics-in-quantum-mechanics,Quantum mechanics,4,quantum-mechanics,25202,https://en.wikipedia.org/?curid=25202,wd:Q944,1,46,0,Quantum mechanics is the fundamental physical theory that describes the behavior of matter and of light; its unusual characteristics typically occur at and below the scale of atoms. It is the foundati
quantum-optics,Quantum optics,4,quantum-mechanics,658955,https://en.wikipedia.org/?curid=658955,wd:Q735602,1,12,0,"Quantum optics is a branch of atomic, molecular, and optical physics and quantum chemistry that studies the behavior of photons (individual quanta of light). It includes the study of the particle-like"
quaternary-science,Quaternary science,4,physical-geography,12591925,https://en.wikipedia.org/?curid=12591925,wd:Q2453249,1,0,0,"Quaternary science is the subfield of geology which studies the Quaternary Period, commonly known as the ice age.  This period spans around 2.58 million years ago to the present. It comprises two epoc"
radar,Radar,4,aerospace-engineering,25676,https://en.wikipedia.org/?curid=25676,wd:Q47528,1,27,0,"Radar is a system that uses radio waves to determine the distance (ranging), direction (azimuth and elevation angles), and radial velocity of objects relative to the site. It is a radiodetermination m"
entities-in-radio-frequency-engineering,Radio-frequency engineering,4,radio-frequency-engineering,13485805,https://en.wikipedia.org/?curid=13485805,wd:Q1363977,1,0,0,"Radio-frequency (RF) engineering is a subset of electrical engineering involving the application of transmission line, waveguide, antenna, radar, and electromagnetic field principles to the design and"
topics-in-radio-frequency-engineering,Radio-frequency engineering,4,radio-frequency-engineering,13485805,https://en.wikipedia.org/?curid=13485805,wd:Q1363977,0,85,0,
radiochemistry,Radiochemistry,4,nuclear-chemistry,2035588,https://en.wikipedia.org/?curid=2035588,wd:Q750955,1,0,0,"Radiochemistry is the chemistry of radioactive materials, where radioactive isotopes of elements are used to study the properties and chemical reactions of non-radioactive isotopes (often within radio"
entities-in-radiology,Radiology,4,radiology,152623,https://en.wikipedia.org/?curid=152623,wd:Q77604,1,0,0,Radiology ( RAY-dee-AHL-ə-jee) is the medical specialty that uses medical imaging to diagnose diseases and guide treatment within the bodies of humans and other animals. It began with radiography (whi
topics-in-radiology,Radiology,4,radiology,152623,https://en.wikipedia.org/?curid=152623,wd:Q77604,0,98,0,
entities-in-railway-engineering,Railway engineering,4,railway-engineering,5235231,https://en.wikipedia.org/?curid=5235231,wd:Q4260703,1,0,0,"Railway engineering is the discipline of engineering which concerns the design, construction, operation, and maintenance of railways and rail transportation systems. It includes a wide range of engine"
topics-in-railway-engineering,Railway engineering,4,railway-engineering,5235231,https://en.wikipedia.org/?curid=5235231,wd:Q4260703,0,9,0,
randomized-algorithms,Randomized algorithm,4,algorithms-and-data-structures,495383,https://en.wikipedia.org/?curid=495383,wd:Q583461,1,0,0,A randomized algorithm is an algorithm that employs a degree of randomness as part of its logic or procedure. The algorithm typically uses uniformly random bits as an auxiliary input to guide its beha
raw-material,Raw material,4,manufacturing-engineering,216167,https://en.wikipedia.org/?curid=216167,wd:Q192355,1,11,0,"A raw material, also known as a feedstock, unprocessed material, or primary commodity, is a basic material that is used to produce goods, finished goods, energy, or intermediate materials/Intermediate"
reaction-mechanism,Reaction mechanism,4,chemical-reactions,607530,https://en.wikipedia.org/?curid=607530,wd:Q373406,1,0,0,"In chemistry, a reaction mechanism is the step by step sequence of elementary reactions by which overall chemical reaction occurs.
A chemical mechanism is a theoretical conjecture that tries to descri"
real-analysis,Real analysis,4,analysis,26478,https://en.wikipedia.org/?curid=26478,wd:Q854531,1,17,0,"In mathematics, real analysis is the branch of mathematical analysis that studies real numbers, sequences and series of real numbers, and real functions. The basic concepts of real analysis include  c"
real-estate-economics,Real estate economics,4,macroeconomics,1327762,https://en.wikipedia.org/?curid=1327762,wd:Q1660119,1,0,0,Real estate economics is the application of economic techniques to real estate markets. It aims to describe and predict economic patterns of supply and demand. The closely related field of  housing ec
real-time-computing,Real-time computing,4,high-performance-computing,25767,https://en.wikipedia.org/?curid=25767,wd:Q3988,1,58,0,"Real-time computing (RTC) is the computer science term for hardware and software systems subject to a ""real-time constraint"", for example from event to system response. Real-time programs must guarant"
rearrangement-reactions,Rearrangement reaction,4,chemical-reactions,1741375,https://en.wikipedia.org/?curid=1741375,wd:Q898367,1,8,0,"In organic chemistry, a rearrangement reaction is a broad class of organic reactions ""that involves a change of connectivity"".  Usually the term rearrangement refers to intramolecular processes involv"
reason,Reason,4,epistemology,42446,https://en.wikipedia.org/?curid=42446,wd:Q178354,1,33,0,"Reason is the capacity to consciously apply logic by drawing valid conclusions from new or existing information, with the aim of seeking truth. It is associated with activities considered characterist"
receptors,Receptor (biochemistry),4,cell-biology,569480,https://en.wikipedia.org/?curid=569480,wd:Q208467,1,64,0,"In biochemistry and pharmacology, receptors are chemical structures, composed of protein, that receive and transduce signals that may be integrated into biological systems. These signals are typically"
recommender-systems,Recommender system,4,artificial-intelligence,596646,https://en.wikipedia.org/?curid=596646,wd:Q554950,1,6,0,"A recommender system, also called a recommendation algorithm, recommendation engine, or recommendation platform, is a type of information filtering system that suggests items most relevant to a partic"
redox-reactions,Redox,4,chemical-reactions,66313,https://en.wikipedia.org/?curid=66313,wd:Q82682,1,23,0,"Redox ( RED-oks,  REE-doks, reduction–oxidation or oxidation–reduction) is a type of chemical reaction in which the oxidation states of the reactants change. Oxidation is the loss of electrons or an i"
reference-in-philosophy,Reference,4,philosophy-of-language,20110874,https://en.wikipedia.org/?curid=20110874,wd:Q121769,1,0,0,"In logic, a reference is a relationship between objects in which one object designates, or acts as a means by which to connect to or link to, another object. The first object in this relation is said "
refrigerants,Refrigerant,4,atmospheric-science,592486,https://en.wikipedia.org/?curid=592486,wd:Q266790,1,35,0,"Refrigerants are  working fluids that carry heat from a cold environment to a warm environment while circulating between them. For example, the refrigerant in an  air conditioner carries heat from a c"
refrigeration,Refrigeration,4,thermal-engineering,46238,https://en.wikipedia.org/?curid=46238,wd:Q747713,1,8,0,"Refrigeration is any of various types of cooling of a space, substance, or system to lower or maintain its temperature below the ambient one (while the removed heat is rejected at a higher temperature"
regional-economics,Regional economics,4,macroeconomics,4534169,https://en.wikipedia.org/?curid=4534169,wd:Q1328737,1,0,0,Regional economics is a sub-discipline of economics and is often regarded as one of the fields of the social sciences. It addresses the economic aspect of the regional problems that are spatially anal
entities-in-regional-geography,Regional geography,4,regional-geography,711230,https://en.wikipedia.org/?curid=711230,wd:Q817121,1,33,0,"Regional geography is one of the major traditions of geography. It focuses on the interaction of different cultural and natural geofactors in a specific land or landscape, while its counterpart, syste"
topics-in-regional-geography,Regional geography,4,regional-geography,711230,https://en.wikipedia.org/?curid=711230,wd:Q817121,0,6,0,
regression-analysis,Regression analysis,4,data-analysis,826997,https://en.wikipedia.org/?curid=826997,wd:Q208042,1,117,0,"In statistical modeling, regression analysis is a statistical method for estimating the relationship between a dependent variable (often called the outcome or response variable, or a label in machine "
neurological-rehabilitation,Rehabilitation (neuropsychology),4,physical-therapy,331330,https://en.wikipedia.org/?curid=331330,wd:Q1819478,1,9,0,Rehabilitation  of sensory and cognitive function typically involves methods for retraining neural pathways or training new neural pathways to regain or improve neurocognitive functioning that have be
reinforcement-learning,Reinforcement learning,4,machine-learning,66294,https://en.wikipedia.org/?curid=66294,wd:Q830687,1,24,0,"In machine learning and optimal control, reinforcement learning (RL) is concerned with how an intelligent agent should take actions in a dynamic environment in order to maximize a reward signal. Reinf"
relational-databases,Relational database,4,databases,25873,https://en.wikipedia.org/?curid=25873,wd:Q192588,1,93,0,"A relational database (RDB) is a database  based on the relational model of data, as proposed by E. F. Codd in 1970.
A Relational Database Management System (RDBMS) is a type of database management sy"
entities-in-reliability-engineering,Reliability engineering,4,reliability-engineering,1724836,https://en.wikipedia.org/?curid=1724836,wd:Q2193887,1,0,0,"Reliability engineering is a sub-discipline of systems engineering that emphasizes the ability of equipment to function without failure. Reliability is defined as the probability that a product, syste"
topics-in-reliability-engineering,Reliability engineering,4,reliability-engineering,1724836,https://en.wikipedia.org/?curid=1724836,wd:Q2193887,0,22,0,
religious-conversion,Religious conversion,4,belief-systems,25597,https://en.wikipedia.org/?curid=25597,wd:Q814997,1,16,0,"Religious conversion is the adoption of a set of beliefs identified with one particular religious denomination to the exclusion of others. Thus ""religious conversion"" would describe the abandoning of "
religious-law,Religious law,4,legal-systems,201285,https://en.wikipedia.org/?curid=201285,wd:Q670732,1,25,0,Religious law includes ethical and moral codes taught by religious traditions. Examples of religiously derived legal codes include Christian canon law (applicable within a wider theological conception
entities-in-religious-studies,Religious studies,4,religious-studies,354220,https://en.wikipedia.org/?curid=354220,wd:Q34187,1,0,0,"Religious studies, also known as religiology or the study of religion, is the study of religion from a historical or scientific perspective. There is no consensus on what qualifies as religion and its"
topics-in-religious-studies,Religious studies,4,religious-studies,354220,https://en.wikipedia.org/?curid=354220,wd:Q34187,0,17,0,
remote-sensing,Remote sensing,4,aerospace-engineering,228148,https://en.wikipedia.org/?curid=228148,wd:Q199687,1,16,0,"Remote sensing is the acquisition of information about an object or phenomenon without making physical contact with the object, in contrast to in situ or on-site observation. The term is applied espec"
rendering,Rendering (computer graphics),4,computer-graphics,6604,https://en.wikipedia.org/?curid=6604,wd:Q176953,1,86,0,"Rendering is the process of generating a photorealistic or non-photorealistic image from input data such as 3D models. The word ""rendering"" (in one of its senses) originally meant the task performed b"
renewable-energy-in-india,Renewable energy in India,4,environmental-policy,23127931,https://en.wikipedia.org/?curid=23127931,wd:Q11899851,1,0,0,"India is the world's 3rd largest consumer of electricity and has the world's 3rd largest renewable energy installed capacity, accounting for more than 50% of its total installed energy capacity, a mil"
aesthetic-representation,Representation (arts),4,aesthetics,2653427,https://en.wikipedia.org/?curid=2653427,wd:Q2145270,1,0,0,Representation is the use of signs that stand in for and take the place of something else. It is through representation that people organize the world and reality through the act of naming its element
representation-theory,Representation theory,4,algebra,19378200,https://en.wikipedia.org/?curid=19378200,wd:Q13220368,1,151,0,"Representation theory is a branch of mathematics that studies abstract algebraic structures by representing their elements as linear transformations of vector spaces, and studies modules over these ab"
reproductive-biology,Reproductive biology,4,developmental-biology,1818326,https://en.wikipedia.org/?curid=1818326,wd:Q3640158,1,40,0,"Reproductive biology includes both sexual and asexual reproduction.
Reproductive biology includes a wide number of fields:

Reproductive systems
Endocrinology
Sexual development (Puberty)
Sexual matur"
resampling,Resampling (statistics),4,data-analysis,3763850,https://en.wikipedia.org/?curid=3763850,wd:Q1170431,1,0,0,"In statistics, resampling is the creation of new samples based on one observed sample.
Resampling methods are:

Permutation tests (also re-randomization tests) for generating counterfactual samples
Bo"
reservoir-engineering,Reservoir engineering,4,petroleum-engineering,5879295,https://en.wikipedia.org/?curid=5879295,wd:Q5916050,1,0,0,Reservoir engineering is a branch of petroleum engineering that applies scientific principles to the fluid flow through a porous medium during the development and production of oil and gas reservoirs 
residual-stress,Residual stress,4,materials-science,1873277,https://en.wikipedia.org/?curid=1873277,wd:Q1257918,1,3,0,"In materials science and solid mechanics, residual stresses are stresses that remain in a solid material after the original cause of the stresses has been removed. Residual stress may be desirable or "
resonance,Resonance,4,electromagnetism,41660,https://en.wikipedia.org/?curid=41660,wd:Q172858,1,22,0,"Resonance is a phenomenon that occurs when an object or system is subjected to an external force or vibration whose frequency  matches a resonant frequency (or resonance frequency) of the system, defi"
resource-management,Resource management,4,business-administration,1044927,https://en.wikipedia.org/?curid=1044927,wd:Q14431238,1,0,0,"In organizational studies, resource management is the efficient and effective development of an organization's resources when they are needed. Such resources may include the financial resources, inven"
resource-recovery,Resource recovery,4,environmental-policy,32845594,https://en.wikipedia.org/?curid=32845594,wd:Q7315837,1,3,0,"Resource recovery is using wastes as an input material to create valuable products as new outputs. The aim is to reduce the amount of waste generated, thereby reducing the need for landfill space, and"
respiratory-disease,Respiratory disease,4,pulmonology,3055114,https://en.wikipedia.org/?curid=3055114,wd:Q3286546,1,96,0,"Respiratory diseases, or lung diseases, are pathological conditions affecting the organs and tissues that make gas exchange difficult in air-breathing animals. They include conditions of the respirato"
retail-economics,Retail,4,microeconomics,183515,https://en.wikipedia.org/?curid=183515,wd:Q126793,1,12,0,"Retail is the sale of goods and services to consumers, in contrast to wholesaling, which is the sale to business or institutional customers. A retailer purchases goods in large quantities from manufac"
retaining-walls,Retaining wall,4,geotechnical-engineering,521079,https://en.wikipedia.org/?curid=521079,wd:Q1076291,1,0,0,Retaining walls are relatively rigid walls used for supporting soil laterally so that it can be retained at different levels on the two sides. Retaining walls are structures designed to restrain soil 
entities-in-rheumatology,Rheumatology,4,rheumatology,209948,https://en.wikipedia.org/?curid=209948,wd:Q327657,1,3,0,Rheumatology (from Ancient Greek  ῥεῦμα (rheûma) 'flowing current') is a branch of medicine devoted to the diagnosis and management of disorders of which the common feature is inflammation in the bone
topics-in-rheumatology,Rheumatology,4,rheumatology,209948,https://en.wikipedia.org/?curid=209948,wd:Q327657,0,21,0,
rights,Rights,4,political-philosophy,51490,https://en.wikipedia.org/?curid=51490,wd:Q780687,1,19,0,"Rights are legal, social, or ethical principles of freedom or entitlement; that is, rights are the fundamental normative rules about what is allowed of people or owed to people according to some legal"
ring-systems,Ring system,4,planetary-science,24718,https://en.wikipedia.org/?curid=24718,wd:Q28951811,1,2,0,"A ring system is a disc or torus orbiting an astronomical object that is composed of numerous solid bodies such as dust particles, meteoroids, minor planets, moonlets, or stellar objects.
Ring systems"
risk-management,Risk management,4,business-administration,26404,https://en.wikipedia.org/?curid=26404,wd:Q189447,1,58,0,"Risk management is the identification, evaluation, and prioritization of risks, followed by the minimization, monitoring, and control of the impact or probability of those risks occurring. Risks can c"
river-engineering,River engineering,4,hydrology,3966984,https://en.wikipedia.org/?curid=3966984,wd:Q1187134,1,0,0,"River engineering is a discipline of civil engineering which studies human intervention in the course, characteristics, or flow of a river with the intention of producing some defined benefit. People "
entities-in-robotics,Robotics,4,robotics,20903754,https://en.wikipedia.org/?curid=20903754,wd:Q170978,1,0,0,"Robotics is the interdisciplinary study and practice of the design, construction, operation, and use of robots. A roboticist is someone who specializes in robotics. Robotics usually combines four aspe"
topics-in-robotics,Robotics,4,robotics,20903754,https://en.wikipedia.org/?curid=20903754,wd:Q170978,0,117,0,
robust-statistics,Robust statistics,4,data-analysis,2885691,https://en.wikipedia.org/?curid=2885691,wd:Q1665389,1,8,0,Robust statistics are statistics that maintain their properties even if the underlying distributional assumptions are incorrect. Robust statistical methods have been developed for many common problems
role-playing-games,Role-playing game,4,software-development,25475,https://en.wikipedia.org/?curid=25475,wd:Q160738,1,5,0,A role-playing game (sometimes spelled as roleplaying game or abbreviated as RPG) is a game in which players assume and play out the roles of characters in a fictional setting. Players take responsibi
rural-economics,Rural economics,4,macroeconomics,19839947,https://en.wikipedia.org/?curid=19839947,wd:Q1393258,1,4,0,"Rural economics is the study of rural economies. Rural economies  include both agricultural and non-agricultural industries, so rural economics has broader concerns than agricultural economics which f"
rural-sociology,Rural sociology,4,applied-sociology,155953,https://en.wikipedia.org/?curid=155953,wd:Q396246,1,0,0,Rural sociology is a field of sociology traditionally associated with the study of social structure in rural areas. It is an active academic field in much of the world. It emerged in the United States
entities-in-safety-engineering,Safety engineering,4,safety-engineering,29278,https://en.wikipedia.org/?curid=29278,wd:Q6496962,1,0,0,"Safety engineering is an engineering discipline which assures that engineered systems provide acceptable levels of safety. It is strongly related to industrial engineering/systems engineering,  and th"
topics-in-safety-engineering,Safety engineering,4,safety-engineering,29278,https://en.wikipedia.org/?curid=29278,wd:Q6496962,1,0,0,"Safety engineering is an engineering discipline which assures that engineered systems provide acceptable levels of safety. It is strongly related to industrial engineering/systems engineering,  and th"
sampling-theory,Sampling (signal processing),4,signal-processing,201605,https://en.wikipedia.org/?curid=201605,wd:Q210868,1,18,0,"In signal processing, sampling is the reduction of a continuous-time signal to a discrete-time signal. A common example is the conversion of a sound wave to a sequence of ""samples"".
A sample is a valu"
statistical-sampling,Sampling (statistics),4,data-collection,160361,https://en.wikipedia.org/?curid=160361,wd:Q49908,1,21,0,"In statistics, quality assurance, and survey methodology, sampling is the selection of a subset of individuals from within a statistical population to estimate characteristics of the whole population."
global-navigation-satellite-systems,Satellite navigation,4,technical-geography,1515653,https://en.wikipedia.org/?curid=1515653,wd:Q179435,1,84,0,"Satellite navigation (satnav) or satellite positioning is the use of satellites for navigation or geopositioning. A global navigation satellite system (GNSS) provides coverage for any user on Earth, i"
scalar-analysis,Scalar (mathematics),4,analysis,3588331,https://en.wikipedia.org/?curid=3588331,wd:Q1289248,1,0,0,"In mathematics, more specifically in linear algebra, a scalar is an element of a field which is used to define a vector space through the operation of scalar multiplication: a vector (denoted v) multi"
scattering,Scattering,4,quantum-mechanics,164483,https://en.wikipedia.org/?curid=164483,wd:Q210028,1,10,0,"In physics, scattering is a wide range of physical processes where moving particles or radiation of some form, such as light or sound, are forced to deviate from a straight trajectory by localized non"
non-reflexive-logic,Schrödinger logic,4,non-classical-logic,13694339,https://en.wikipedia.org/?curid=13694339,wd:Q107174690,1,0,0,"Schrödinger logics are a kind of non-classical logic in which the law of identity is restricted.
These logics are motivated by the consideration that in quantum mechanics, elementary particles may be "
science-fiction,Science fiction,4,literary-genres,26787,https://en.wikipedia.org/?curid=26787,wd:Q24925,1,20,0,Science fiction (often shortened to sci-fi or abbreviated SF) is the genre of speculative fiction that imagines advanced and futuristic scientific or technological progress. The elements common to sci
science-fiction-movies,Science fiction film,4,motion-pictures,179757,https://en.wikipedia.org/?curid=179757,wd:Q471839,1,14,0,"Science fiction (or sci-fi) is a film genre that uses speculative, science-based depictions of phenomena that are not fully accepted by mainstream science, such as extraterrestrial lifeforms, spacecra"
scientific-method,Scientific method,4,philosophy-of-science,26833,https://en.wikipedia.org/?curid=26833,wd:Q46857,1,3,0,"The scientific method is an empirical method for acquiring knowledge through careful observation, rigorous skepticism, hypothesis testing, and experimental validation. Developed from ancient and medie"
scientific-realism,Scientific realism,4,philosophy-of-science,270804,https://en.wikipedia.org/?curid=270804,wd:Q431354,1,0,0,"Scientific realism is the philosophical view that the universe described by science (including both observable and unobservable aspects) exists independently of perception, and that verified scientifi"
scientific-writing,Scientific writing,4,publishing,4541652,https://en.wikipedia.org/?curid=4541652,wd:Q1965486,1,0,0,"Scientific writing is about science, with the implication that the writing is done by scientists and for an audience that primarily includes peers—those with sufficient expertise to follow in detail. "
sculpture,Sculpture,4,visual-arts,26714,https://en.wikipedia.org/?curid=26714,wd:Q11634,1,18,0,"Sculpture is the branch of the visual arts that operates in three dimensions. Sculpture is the three-dimensional artwork which is physically presented in the dimensions of height, width and depth. It "
search-engines,Search engine,4,computer-networks,4059023,https://en.wikipedia.org/?curid=4059023,wd:Q4182287,1,22,0,"A search engine is a software system that provides hyperlinks to web pages, and other relevant information on the Web in response to a user's query. The user enters a query in a web browser or a mobil"
second-language-acquisition,Second-language acquisition,4,psycholinguistics,1199964,https://en.wikipedia.org/?curid=1199964,wd:Q1455178,1,6,0,"Second-language acquisition (SLA), second-language learning or L2 (language 2) acquisition, is the process of learning a language other than one's native language (L1). SLA research examines how learn"
second-order-logic,Second-order logic,4,classical-logic,341428,https://en.wikipedia.org/?curid=341428,wd:Q1548746,1,0,0,"In logic and mathematics, second-order logic is an extension of first-order logic, which itself is an extension of propositional logic. Second-order logic is in turn extended by higher-order logic and"
secondary-education,Secondary education,4,educational-stages,29498,https://en.wikipedia.org/?curid=29498,wd:Q13006147,1,18,0,"Secondary education or post-primary education covers two phases on the International Standard Classification of Education scale: Level 2 (lower secondary education, less commonly junior secondary educ"
sedimentology,Sedimentology,4,geology,182779,https://en.wikipedia.org/?curid=182779,wd:Q205768,1,0,0,"Sedimentology encompasses the study of modern sediments such as sand, silt, and clay, and the processes that result in their formation (erosion and weathering), transport, deposition and diagenesis. S"
seismic-analysis,Seismic analysis,4,earthquake-engineering,1800557,https://en.wikipedia.org/?curid=1800557,wd:Q2656128,1,0,0,"Seismic analysis is a subset of structural analysis and is the calculation of the response of a building (or nonbuilding) structure to earthquakes. It is part of the process of structural design, eart"
seismology,Seismology,4,geology,28935,https://en.wikipedia.org/?curid=28935,wd:Q83371,1,155,0,"Seismology (; from Ancient Greek σεισμός (seismós), meaning 'earthquake', and -λογία (-logía), meaning 'study of') is the scientific study of earthquakes (or generally, quakes) and the generation and "
semantics,Semantics,4,theoretical-linguistics,29107,https://en.wikipedia.org/?curid=29107,wd:Q39645,1,22,0,"Semantics is the study of linguistic meaning. It examines what meaning is, how words get their meaning, and how the meaning of a complex expression depends on its parts. Part of this process involves "
formal-semantics,Semantics (computer science),4,programming-language-theory,397608,https://en.wikipedia.org/?curid=397608,wd:Q1437428,1,14,0,"In programming language theory, semantics is the rigorous mathematical logic study of the meaning of programming languages. Semantics assigns computational meaning to valid strings in a programming la"
entities-in-semiotics,Semiotics,4,semiotics,29301,https://en.wikipedia.org/?curid=29301,wd:Q60195,1,9,0,"Semiotics is the study of signs. It is an interdisciplinary field that examines what signs are, how they form sign systems, and how individuals use them to communicate meaning. Its main branches are s"
topics-in-semiotics,Semiotics,4,semiotics,29301,https://en.wikipedia.org/?curid=29301,wd:Q60195,1,5,0,"Semiotics is the study of signs. It is an interdisciplinary field that examines what signs are, how they form sign systems, and how individuals use them to communicate meaning. Its main branches are s"
sensitivity-analysis,Sensitivity analysis,4,statistical-inference,620083,https://en.wikipedia.org/?curid=620083,wd:Q1889114,1,13,0,Sensitivity analysis is the study of how the uncertainty in the output of a mathematical model or system (numerical or otherwise) can be divided and allocated to different sources of uncertainty in it
sensory-ecology,Sensory ecology,4,ecology,10013549,https://en.wikipedia.org/?curid=10013549,wd:Q7451127,1,22,0,"Sensory ecology is a relatively new field focusing on the information organisms obtain about their environment. It includes questions of what information is obtained, how it is obtained (the mechanism"
sentiment-analysis,Sentiment analysis,4,natural-language-processing,6435232,https://en.wikipedia.org/?curid=6435232,wd:Q2271421,1,7,0,"Sentiment analysis (also known as opinion mining) is the use of natural language processing, text analysis, computational linguistics, and biometrics to systematically identify, extract, quantify, and"
entities-in-branches-of-government,Separation of powers,4,branches-of-government,28561,https://en.wikipedia.org/?curid=28561,wd:Q79896,1,9,0,"The separation of powers principle functionally differentiates several types of state power (usually legislation, adjudication, and execution) and requires these operations of government to be concept"
topics-in-branches-of-government,Separation of powers,4,branches-of-government,28561,https://en.wikipedia.org/?curid=28561,wd:Q79896,1,4,0,"The separation of powers principle functionally differentiates several types of state power (usually legislation, adjudication, and execution) and requires these operations of government to be concept"
separation-process,Separation process,4,analytical-chemistry,34880278,https://en.wikipedia.org/?curid=34880278,wd:Q898987,1,5,0,"A separation process is a method that converts a mixture or a solution of chemical substances into two or more distinct product mixtures, a scientific process of separating two or more substances in o"
sepsis,Sepsis,4,infectious-diseases,158400,https://en.wikipedia.org/?curid=158400,wd:Q183134,1,33,0,"Sepsis is a potentially life-threatening condition that arises when the body's dysregulated response to infection causes injury to its own tissues and organs.
This initial stage of sepsis is followed "
sericulture,Sericulture,4,agriculture,953081,https://en.wikipedia.org/?curid=953081,wd:Q864650,1,8,0,"Sericulture, or silk farming, is the cultivation of silkworms to produce silk. Although there are several commercial species of silkworms, the caterpillar of the domestic silkmoth is the most widely u"
set-theory,Set theory,4,mathematical-logic,27553,https://en.wikipedia.org/?curid=27553,wd:Q12482,1,95,0,"Set theory is the branch of mathematical logic that studies sets, which can be informally described as collections of objects. Although objects of any kind can be collected into a set, set theory – as"
shrimp-farming,Shrimp farming,4,aquaculture,2167484,https://en.wikipedia.org/?curid=2167484,wd:Q1433370,1,3,0,"Shrimp farming is a form of aquaculture that takes place in marine or freshwater environments, producing shrimp or prawns (crustaceans of the groups Caridea or Dendrobranchiata) for human consumption."
waveform-generation,Signal generator,4,electronic-engineering,41927,https://en.wikipedia.org/?curid=41927,wd:Q1259123,1,6,0,"A signal generator is one of a class of electronic devices that generates electrical signals with set properties of amplitude, frequency, and wave shape.  These generated signals are used as a stimulu"
entities-in-signal-processing,Signal processing,4,signal-processing,29324,https://en.wikipedia.org/?curid=29324,wd:Q208163,1,0,0,"Signal processing is an electrical engineering subfield that focuses on analyzing, modifying and synthesizing signals, such as sound, images, potential fields, seismic signals, altimetry processing, a"
topics-in-signal-processing,Signal processing,4,signal-processing,29324,https://en.wikipedia.org/?curid=29324,wd:Q208163,1,8,0,"Signal processing is an electrical engineering subfield that focuses on analyzing, modifying and synthesizing signals, such as sound, images, potential fields, seismic signals, altimetry processing, a"
silviculture,Silviculture,4,forestry,1031149,https://en.wikipedia.org/?curid=1031149,wd:Q720362,1,2,0,"Silviculture is the practice of controlling the growth, composition/structure, as well as quality of forests to meet values and needs, specifically timber production.
The name comes from the Latin sil"
skepticism,Skepticism,4,epistemology,26810,https://en.wikipedia.org/?curid=26810,wd:Q1395219,1,0,0,"Skepticism (US) or scepticism (UK) is a questioning attitude or doubt toward knowledge claims that are seen as mere belief or dogma. For example, if a person is skeptical about claims made by their go"
skills-management,Skills management,4,business-administration,4709561,https://en.wikipedia.org/?curid=4709561,wd:Q1934361,1,0,0,"Skills management is the practice of understanding, developing and deploying people and their skills. Well-implemented skills management should identify the skills that job roles require, the skills o"
skin,Skin,4,cell-biology,27978,https://en.wikipedia.org/?curid=27978,wd:Q1074,1,38,0,"Skin is the layer of usually soft, flexible outer tissue covering the body of a vertebrate animal, with three main functions: protection, regulation, and sensation.
Other animal coverings, such as the"
small-solar-system-bodies,Small Solar System body,4,planetary-science,6661422,https://en.wikipedia.org/?curid=6661422,wd:Q193275,1,0,0,"A small Solar System body (SSSB) is an object in the Solar System that is neither a planet, a dwarf planet, nor a natural satellite. The term was first defined in 2006 by the International Astronomica"
smoke,Smoke,4,atmospheric-science,27001,https://en.wikipedia.org/?curid=27001,wd:Q130768,1,5,0,"Smoke is an aerosol (a suspension of particulates in gases) emitted when a material undergoes combustion or pyrolysis, together with the quantity of air that is entrained or otherwise mixed into the m"
entities-in-social-anthropology,Social anthropology,4,social-anthropology,33661613,https://en.wikipedia.org/?curid=33661613,wd:Q29051,1,0,0,"Social anthropology is the study of patterns of behaviour in human societies and cultures. It is the dominant constituent of anthropology throughout the United Kingdom and much of Europe, where it is "
topics-in-social-anthropology,Social anthropology,4,social-anthropology,33661613,https://en.wikipedia.org/?curid=33661613,wd:Q29051,1,2,0,"Social anthropology is the study of patterns of behaviour in human societies and cultures. It is the dominant constituent of anthropology throughout the United Kingdom and much of Europe, where it is "
social-constructionism,Social constructionism,4,sociological-theories,203510,https://en.wikipedia.org/?curid=203510,wd:Q2642673,1,12,0,"Social constructionism is a term used in sociology, social ontology, and communication theory. The term can serve somewhat different functions in each field; however, the foundation of this theoretica"
social-democracy,Social democracy,4,political-ideologies,18247265,https://en.wikipedia.org/?curid=18247265,wd:Q121254,1,10,0,"Social democracy is a broad, centre-left social, economic, and political ideology within the wider socialist movement that supports political and economic democracy and a gradualist, reformist, and de"
social-history,Social history,4,fields-of-history,222291,https://en.wikipedia.org/?curid=222291,wd:Q908604,1,1,0,"Social history, often called history from below, is a field of history that looks at the lived experience of the past. Historians who write social history are called social historians.
Social history "
social-justice,Social justice,4,social-philosophy,48990,https://en.wikipedia.org/?curid=48990,wd:Q264892,1,7,0,"Social justice is justice in relation to the distribution of wealth, opportunities, and privileges within a society where individuals' rights are recognized and protected. In Western and Asian culture"
social-media,Social media,4,social-networks,5897742,https://en.wikipedia.org/?curid=5897742,wd:Q202833,1,66,0,"Social media are new media technologies that facilitate the creation, sharing and aggregation of content (such as ideas, interests, and other forms of expression) amongst virtual communities and netwo"
entities-in-social-networks,Social network,4,social-networks,34327569,https://en.wikipedia.org/?curid=34327569,wd:Q2715623,1,0,0,"A social network is a social structure consisting of a set of social actors (such as individuals or organizations), networks of dyadic ties, and other social interactions between actors. The social ne"
topics-in-social-networks,Social network,4,social-networks,34327569,https://en.wikipedia.org/?curid=34327569,wd:Q2715623,1,5,0,"A social network is a social structure consisting of a set of social actors (such as individuals or organizations), networks of dyadic ties, and other social interactions between actors. The social ne"
social-ontology,Social ontology,4,social-philosophy,24285129,https://en.wikipedia.org/?curid=24285129,wd:Q1713511,1,1,0,"Social ontology is a branch of ontology and metaphysics that studies the nature and basic categories of the social world. It asks which kinds of social entities exist—such as social groups, institutio"
social-organizations,Social organization,4,social-philosophy,5100437,https://en.wikipedia.org/?curid=5100437,wd:Q4430243,1,0,0,"In sociology, a social organization is a pattern of relationships between and among individuals and groups. Characteristics of social organization can include qualities such as sexual composition, spa"
entities-in-social-philosophy,Social philosophy,4,social-philosophy,586276,https://en.wikipedia.org/?curid=586276,wd:Q180592,1,0,0,Social philosophy is the study and interpretation of society and social institutions in terms of ethical values rather than empirical relations. Social philosophers emphasize understanding the social 
topics-in-social-philosophy,Social philosophy,4,social-philosophy,586276,https://en.wikipedia.org/?curid=586276,wd:Q180592,1,0,0,Social philosophy is the study and interpretation of society and social institutions in terms of ethical values rather than empirical relations. Social philosophers emphasize understanding the social 
social-psychology,Social psychology,4,basic-psychology,26990,https://en.wikipedia.org/?curid=26990,wd:Q161272,1,93,0,"Social psychology is the methodical study of how thoughts, feelings, and behaviors are influenced by the actual, imagined, or implied presence of others.
Although studying many of the same substantive"
entities-in-sociological-methodologies,Social research,4,sociological-methodologies,373212,https://en.wikipedia.org/?curid=373212,wd:Q12336277,1,0,0,"Social research is research conducted by social scientists following a systematic plan. Social research methodologies can be classified as quantitative and qualitative.

Quantitative designs approach "
topics-in-sociological-methodologies,Social research,4,sociological-methodologies,373212,https://en.wikipedia.org/?curid=373212,wd:Q12336277,1,1,0,"Social research is research conducted by social scientists following a systematic plan. Social research methodologies can be classified as quantitative and qualitative.

Quantitative designs approach "
socialism,Socialism,4,political-ideologies,26847,https://en.wikipedia.org/?curid=26847,wd:Q7272,1,9,0,"Socialism is an economic and political philosophy encompassing diverse economic and social systems characterised by social ownership of the means of production, as opposed to private ownership. It des"
socialist-economics,Socialist economics,4,macroeconomics,43069513,https://en.wikipedia.org/?curid=43069513,wd:Q3578779,1,0,0,"Socialist economics comprises the economic theories, practices and norms of hypothetical and existing socialist economic systems. A socialist economic system is characterized by social ownership and o"
socioeconomics,Socioeconomics,4,heterodox-economics,503119,https://en.wikipedia.org/?curid=503119,wd:Q1643441,0,0,0,
sociolinguistics,Sociolinguistics,4,descriptive-linguistics,89842,https://en.wikipedia.org/?curid=89842,wd:Q160845,1,10,0,Sociolinguistics is the descriptive and scientific study of how language is shaped by and used differently within any given society. The field largely looks at how a language varies between distinct s
entities-in-sociological-theories,Sociological theory,4,sociological-theories,3452443,https://en.wikipedia.org/?curid=3452443,wd:Q1377163,1,0,0,"A sociological theory is a supposition that intends to consider, analyze, and/or explain objects of social reality from a sociological perspective, drawing connections between individual concepts in o"
topics-in-sociological-theories,Sociological theory,4,sociological-theories,3452443,https://en.wikipedia.org/?curid=3452443,wd:Q1377163,1,69,0,"A sociological theory is a supposition that intends to consider, analyze, and/or explain objects of social reality from a sociological perspective, drawing connections between individual concepts in o"
sociology-of-culture,Sociology of culture,4,applied-sociology,3193582,https://en.wikipedia.org/?curid=3193582,wd:Q1570681,1,0,0,"The sociology of culture, and the related field of cultural sociology, concerns the systematic analysis of culture, usually understood as the ensemble of symbolic codes used by members of a society, a"
sociology-of-education,Sociology of education,4,applied-sociology,5704308,https://en.wikipedia.org/?curid=5704308,wd:Q829367,1,0,0,The sociology of education is the study of how public institutions and individual experiences affect education and its outcomes. It is mostly concerned with the public schooling systems of modern indu
soft-systems-methodology,Soft systems methodology,4,systems-thinking,1101984,https://en.wikipedia.org/?curid=1101984,wd:Q613474,1,0,0,Soft systems methodology (SSM) is an organised way of thinking applicable to problematic social situations and in the management of change by using action. It was developed in England by academics at 
software-design,Software design,4,software-development,223325,https://en.wikipedia.org/?curid=223325,wd:Q857102,1,13,0,"Software design is the process of conceptualizing how a software system will work before it is implemented or modified.
Software design also refers to the direct result of the design process – the con"
entities-in-software-development,Software development,4,software-development,248932,https://en.wikipedia.org/?curid=248932,wd:Q638608,1,39,0,"Software development is the process of designing, creating, testing, and maintaining software applications to meet specific user needs or business objectives. The process is more encompassing than pro"
topics-in-software-development,Software development,4,software-development,248932,https://en.wikipedia.org/?curid=248932,wd:Q638608,1,15,0,"Software development is the process of designing, creating, testing, and maintaining software applications to meet specific user needs or business objectives. The process is more encompassing than pro"
software-development-kits,Software development kit,4,software-development,166087,https://en.wikipedia.org/?curid=166087,wd:Q467707,1,0,0,"A software development kit (SDK) is a collection of software development tools in one installable package. They facilitate the creation of applications by having a compiler, debugger and sometimes a s"
software-development-process,Software development process,4,software-development,23407868,https://en.wikipedia.org/?curid=23407868,wd:Q2904257,1,101,0,A software development process prescribes a process for developing software. It typically divides an overall effort into smaller steps or sub-processes that are intended to ensure high-quality results
entities-in-software-engineering,Software engineering,4,software-engineering,27010,https://en.wikipedia.org/?curid=27010,wd:Q80993,1,0,0,"Software engineering is a branch of both computer science and engineering focused on designing, developing, testing, and maintaining software applications. It involves applying engineering principles "
topics-in-software-engineering,Software engineering,4,software-engineering,27010,https://en.wikipedia.org/?curid=27010,wd:Q80993,1,9,0,"Software engineering is a branch of both computer science and engineering focused on designing, developing, testing, and maintaining software applications. It involves applying engineering principles "
software-quality,Software quality,4,software-development,1301906,https://en.wikipedia.org/?curid=1301906,wd:Q1412670,1,0,0,"In the context of software engineering, software quality refers to two related but distinct notions:

Software's functional quality reflects how well it complies with or conforms to a given design, ba"
solar-energy,Solar energy,4,solar-power,27743,https://en.wikipedia.org/?curid=27743,wd:Q40015,1,15,0,"Solar energy is the radiant energy from the Sun's light and heat, which can be harnessed using a range of technologies such as solar electricity, solar thermal energy (including solar water heating) a"
solar-physics,Solar physics,4,astrophysics,2792708,https://en.wikipedia.org/?curid=2792708,wd:Q2043698,1,0,0,"Solar physics is the branch of astrophysics that specializes in the study of the Sun. It intersects with many disciplines of pure physics and astrophysics.
Because the Sun is uniquely situated for clo"
entities-in-solar-power,Solar power,4,solar-power,13690575,https://en.wikipedia.org/?curid=13690575,wd:Q1483757,1,1,0,"Solar power, also known as solar electricity, is the conversion of energy from sunlight into electricity, either directly using photovoltaics (PV) or indirectly using concentrated solar power. Solar p"
topics-in-solar-power,Solar power,4,solar-power,13690575,https://en.wikipedia.org/?curid=13690575,wd:Q1483757,1,51,0,"Solar power, also known as solar electricity, is the conversion of energy from sunlight into electricity, either directly using photovoltaics (PV) or indirectly using concentrated solar power. Solar p"
solid-modeling,Solid modeling,4,computer-graphics,457579,https://en.wikipedia.org/?curid=457579,wd:Q2991685,1,19,0,Solid modeling (or solid modelling) is a consistent set of principles for mathematical and computer modeling of three-dimensional shapes (solids). Solid modeling is distinguished within the broader re
solid-phase-synthesis,Solid-phase synthesis,4,chemical-reactions,1301081,https://en.wikipedia.org/?curid=1301081,wd:Q2026994,1,0,0,"In chemistry, solid-phase synthesis is a method in which molecules are covalently bound on a solid support material and synthesised step-by-step in a single reaction vessel utilising selective protect"
solid-state-chemistry,Solid-state chemistry,4,inorganic-chemistry,66315,https://en.wikipedia.org/?curid=66315,wd:Q908684,1,0,0,"Solid-state chemistry, also sometimes referred as materials chemistry, is the study of the synthesis, structure, and properties of solid phase materials. It therefore has a strong overlap with solid-s"
solid-state-lasers,Solid-state laser,4,optics,3184580,https://en.wikipedia.org/?curid=3184580,wd:Q650257,1,3,0,"A solid-state laser is a laser that uses a gain medium that is a solid, usually a crystal or glass. Semiconductor-based lasers such as laser diodes are generally excluded; treated as a separate class "
solid-state-physics,Solid-state physics,4,condensed-matter-physics,102847,https://en.wikipedia.org/?curid=102847,wd:Q715396,1,99,0,"Solid-state physics is the study of rigid matter, or solids, through methods such as solid-state chemistry, quantum mechanics, crystallography, electromagnetism, and metallurgy. It is the largest bran"
sonochemistry,Sonochemistry,4,physical-chemistry,3173180,https://en.wikipedia.org/?curid=3173180,wd:Q2475074,1,0,0,"In chemistry, the study of sonochemistry is concerned with understanding the effect of ultrasound in forming acoustic cavitation in liquids, resulting in the initiation or enhancement of the chemical "
entities-in-state-politics,Sovereign state,4,state-politics,23604120,https://en.wikipedia.org/?curid=23604120,wd:Q3624078,1,39,0,"A sovereign state is a state that has the highest authority over a territory. It is commonly understood that a sovereign state is independent. When referring to a specific polity, the term ""country"" m"
topics-in-state-politics,Sovereign state,4,state-politics,23604120,https://en.wikipedia.org/?curid=23604120,wd:Q3624078,1,1,0,"A sovereign state is a state that has the highest authority over a territory. It is commonly understood that a sovereign state is independent. When referring to a specific polity, the term ""country"" m"
entities-in-space-environment,Space environment,4,space-environment,1677464,https://en.wikipedia.org/?curid=1677464,wd:Q7572581,1,0,0,"Space environment is a branch of astronautics, aerospace engineering and space physics that seeks to understand and address conditions existing in space that affect the design and operation of spacecr"
topics-in-space-environment,Space environment,4,space-environment,1677464,https://en.wikipedia.org/?curid=1677464,wd:Q7572581,0,0,0,
space-exploration,Space exploration,4,aerospace-engineering,28431,https://en.wikipedia.org/?curid=28431,wd:Q180046,1,11,0,"Space exploration is the physical investigation of outer space by uncrewed robotic space probes and through human spaceflight.
While the observation of objects in space, known as astronomy, predates r"
space-plasma-physics,Space physics,4,plasma-physics,4724840,https://en.wikipedia.org/?curid=4724840,wd:Q6643326,1,70,0,"Space physics, also known as space plasma physics, is the study of naturally occurring plasmas within Earth's upper atmosphere and the rest of the Solar System. It includes the topics of aeronomy, aur"
space-syntax,Space syntax,4,architectural-theory,174704,https://en.wikipedia.org/?curid=174704,wd:Q3110906,1,0,0,"Space syntax is a set of theories and techniques for the analysis of spatial configurations. It was conceived by Bill Hillier, Julienne Hanson, and colleagues at The Bartlett, University College Londo"
space-tourism,Space tourism,4,aerospace-engineering,67896,https://en.wikipedia.org/?curid=67896,wd:Q49390,1,0,0,"Space tourism is human space travel for recreational purposes. There are several different types of space tourism, including orbital, suborbital and lunar space tourism. Tourists are motivated by the "
spacecrafts,Spacecraft,4,aerospace-engineering,37910,https://en.wikipedia.org/?curid=37910,wd:Q40218,1,133,0,"A spacecraft is a vehicle that is designed to fly and operate in outer space. Spacecraft are used for a variety of purposes, including communications, Earth observation, meteorology, navigation, space"
spacecraft-electric-propulsion,Spacecraft electric propulsion,4,aerospace-engineering,6650279,https://en.wikipedia.org/?curid=6650279,wd:Q648588,1,10,0,"Spacecraft electric propulsion encompasses propulsion systems that use electric energy to accelerate and expel propellant, generating thrust through electric or magnetic fields. Their principal advant"
spaceflight,Spaceflight,4,aerospace-engineering,77178,https://en.wikipedia.org/?curid=77178,wd:Q5916,1,5,0,"Spaceflight (also space flight) is an application of astronautics to fly objects, usually spacecraft, into or through outer space, either with or without humans on board. Most spaceflight is uncrewed "
special-relativity,Special relativity,4,relativity,26962,https://en.wikipedia.org/?curid=26962,wd:Q11455,1,76,0,"In physics, the special theory of relativity, or special relativity for short, is a scientific theory of the relationship between space and time. In Albert Einstein's 1905 paper, 
""On the Electrodynam"
spectroscopy,Spectroscopy,4,physical-chemistry,27752,https://en.wikipedia.org/?curid=27752,wd:Q483666,1,155,0,"Spectroscopy is the field of study that measures and interprets electromagnetic spectra as it interacts with matter. In narrower contexts, spectroscopy is the precise study of color as generalized fro"
speech-acts,Speech act,4,philosophy-of-language,44836,https://en.wikipedia.org/?curid=44836,wd:Q25481968,1,13,0,"In the philosophy of language and linguistics, a speech act is an utterance considered as an instance of action in a social context rather than as the mere expression of a proposition. To say ""I resig"
speech-recognition,Speech recognition,4,signal-processing,29468,https://en.wikipedia.org/?curid=29468,wd:Q189436,1,17,0,"Speech recognition (automatic speech recognition (ASR), computer speech recognition, or speech-to-text (STT)) is a sub-field of computational linguistics concerned with methods and technologies that t"
speech-synthesis,Speech synthesis,4,signal-processing,42799,https://en.wikipedia.org/?curid=42799,wd:Q16346,1,0,0,"Speech synthesis is the artificial production of human speech. A computer system used for this purpose is called a speech synthesizer, and can be implemented in software or hardware products. A text-t"
spherical-trigonometry,Spherical trigonometry,4,trigonometry,650405,https://en.wikipedia.org/?curid=650405,wd:Q46463,1,0,0,"Spherical trigonometry is the branch of spherical geometry that deals with the metrical relationships between the sides and angles of spherical triangles, traditionally expressed using trigonometric f"
spin-chemistry,Spin chemistry,4,physical-chemistry,4866481,https://en.wikipedia.org/?curid=4866481,wd:Q7577399,1,0,0,"Spin chemistry is a sub-field of chemistry positioned at the intersection of chemical kinetics, photochemistry, magnetic resonance and free radical chemistry, that deals with magnetic and spin effects"
sports-medicine,Sports medicine,4,physical-therapy,1365637,https://en.wikipedia.org/?curid=1365637,wd:Q840545,1,4,0,Sports medicine is a branch of medicine that deals with physical fitness and the treatment and prevention of injuries related to sports and exercise. Although most sports teams have employed team phys
standard-model,Standard Model,4,particle-physics,47641,https://en.wikipedia.org/?curid=47641,wd:Q18338,1,145,0,"The Standard Model of particle physics is the theory describing three of the four known fundamental forces (electromagnetic, weak and strong interactions – excluding gravity) in the universe and class"
stellar-astronomy,Star,4,astrophysics,26808,https://en.wikipedia.org/?curid=26808,wd:Q523,1,180,0,A star is a luminous spheroid of plasma held together by self-gravity. The nearest star to Earth is the Sun. Many other stars are visible to the naked eye at night; their immense distances from Earth 
states-of-matter,State of matter,4,condensed-matter-physics,37461,https://en.wikipedia.org/?curid=37461,wd:Q11430,1,3,0,"In physics, a state of matter or phase of matter is one of the distinct forms in which matter can exist. Four states of matter are observable in everyday life: solid, liquid, gas, and plasma.
Differen"
statics,Statics,4,mechanics,28767,https://en.wikipedia.org/?curid=28767,wd:Q169019,1,2,0,"Statics is the branch of classical mechanics that is concerned with the analysis of force and torque acting on a physical system that does not experience an acceleration, but rather is in equilibrium "
statistical-classification,Statistical classification,4,data-analysis,1579244,https://en.wikipedia.org/?curid=1579244,wd:Q1744628,1,23,0,"When classification is performed by a computer, statistical methods are normally used to develop the algorithm.
Often, the individual observations are analyzed into a set of quantifiable properties, k"
statistical-graphics,Statistical graphics,4,descriptive-statistics,15934463,https://en.wikipedia.org/?curid=15934463,wd:Q3427422,1,21,0,"Statistical graphics, also known as statistical graphical techniques, are graphics used in the field of statistics for data visualization."
statistical-hypothesis-testing,Statistical hypothesis testing,4,statistical-inference,30284,https://en.wikipedia.org/?curid=30284,wd:Q210832,1,85,0,A statistical hypothesis test is a method of statistical inference used to decide whether the data provide sufficient evidence to reject a particular hypothesis. A statistical hypothesis test typicall
entities-in-statistical-inference,Statistical inference,4,statistical-inference,27577,https://en.wikipedia.org/?curid=27577,wd:Q938438,1,0,0,"Statistical inference is the process of using data analysis to infer properties of an underlying probability distribution. Inferential statistical analysis infers properties of a population, for examp"
topics-in-statistical-inference,Statistical inference,4,statistical-inference,27577,https://en.wikipedia.org/?curid=27577,wd:Q938438,1,0,0,"Statistical inference is the process of using data analysis to infer properties of an underlying probability distribution. Inferential statistical analysis infers properties of a population, for examp"
statistical-learning-theory,Statistical learning theory,4,machine-learning,1053303,https://en.wikipedia.org/?curid=1053303,wd:Q7604400,1,1,0,Statistical learning theory is a framework for machine learning drawing from the fields of statistics and functional analysis. Statistical learning theory deals with the statistical inference problem 
statistical-mechanics,Statistical mechanics,4,thermodynamics,28481,https://en.wikipedia.org/?curid=28481,wd:Q188715,1,149,0,"In physics, statistical mechanics is a mathematical framework that applies statistical methods and probability theory to large assemblies of microscopic entities. Sometimes called statistical physics "
statistical-modelling,Statistical model,4,statistical-inference,27576,https://en.wikipedia.org/?curid=27576,wd:Q3284399,1,6,0,A statistical model is a mathematical model that embodies a set of statistical assumptions concerning the generation of sample data (and similar data from a larger population). A statistical model rep
statistical-theory,Statistical theory,4,statistical-inference,27579,https://en.wikipedia.org/?curid=27579,wd:Q3551145,1,0,0,"The theory of statistics provides a basis for the whole range of techniques, in both study design and data analysis, that are used within applications of statistics. The theory covers approaches to st"
stellar-nucleosynthesis,Stellar nucleosynthesis,4,astrophysics,152440,https://en.wikipedia.org/?curid=152440,wd:Q1057093,1,9,0,"In astrophysics, stellar nucleosynthesis is the creation of chemical elements by nuclear fusion reactions within stars. Stellar nucleosynthesis has occurred since the original creation of hydrogen, he"
stereochemistry,Stereochemistry,4,physical-chemistry,28756,https://en.wikipedia.org/?curid=28756,wd:Q186011,1,31,0,"Stereochemistry, a subdiscipline of chemistry, studies the spatial arrangement of atoms that form the structure of molecules and their manipulation. The study of stereochemistry focuses on the relatio"
stochastic-processses,Stochastic process,4,probability-theory,47895,https://en.wikipedia.org/?curid=47895,wd:Q176737,1,37,0,"In probability theory and related fields, a stochastic () or random process is a mathematical object usually defined as a family of random variables in a probability space, where the index of the fami"
stone-age,Stone Age,4,prehistoric-period,29219,https://en.wikipedia.org/?curid=29219,wd:Q11759,1,0,0,"The Stone Age was a broad prehistoric period during which stone was widely used to make stone tools with an edge, a point, or a percussion surface. The period lasted for roughly 3.4 million years and "
strategic-planning,Strategic planning,4,business-administration,227101,https://en.wikipedia.org/?curid=227101,wd:Q932522,1,32,0,Strategic planning or corporate planning is an activity undertaken by an organization through which it seeks to define its future direction and makes decisions such as resource allocation aimed at ach
stratigraphy,Stratigraphy,4,geology,182783,https://en.wikipedia.org/?curid=182783,wd:Q134783,1,1,0,"Stratigraphy is a branch of geology concerned with the study of rock layers (strata) and layering (stratification). It is primarily used in the study of sedimentary and layered volcanic rocks.
Stratig"
biological-stress,Stress (biology),4,physiology,146072,https://en.wikipedia.org/?curid=146072,wd:Q123414,1,17,0,"Stress, whether physiological, biological or psychological, is an organism's response to a stressor, such as an environmental condition or change in life circumstances. When stressed by stimuli that a"
structural-biology,Structural biology,4,molecular-biology,29400,https://en.wikipedia.org/?curid=29400,wd:Q908902,1,0,0,"Structural biology deals with structural analysis of living material (formed, composed of, and/or maintained and refined by living cells) at every level of organization. 
Early structural biologists t"
structural-chemistry,Structural chemistry,4,physical-chemistry,52821408,https://en.wikipedia.org/?curid=52821408,wd:Q971776,1,7,0,"Structural chemistry is a part of chemistry and deals with the connectivity and shape of individual chemical species, which includes molecules, ions, and polymers. Structure is central to understandin"
entities-in-structural-engineering,Structural engineering,4,structural-engineering,45829,https://en.wikipedia.org/?curid=45829,wd:Q633538,1,1,0,Structural engineering is a sub-discipline of civil engineering in which structural engineers are trained to design the 'bones and joints' that create the form and shape of human-made structures. Stru
topics-in-structural-engineering,Structural engineering,4,structural-engineering,45829,https://en.wikipedia.org/?curid=45829,wd:Q633538,1,85,0,Structural engineering is a sub-discipline of civil engineering in which structural engineers are trained to design the 'bones and joints' that create the form and shape of human-made structures. Stru
structural-engineering-theory,Structural engineering theory,4,structural-engineering,22615327,https://en.wikipedia.org/?curid=22615327,wd:Q7625025,1,0,0,Structural engineering theory is the application of physics and mathematics to analyze and design structures to ensure they can withstand loads. Structural engineering depends upon a detailed knowledg
structural-functionalism,Structural functionalism,4,sociological-theories,323779,https://en.wikipedia.org/?curid=323779,wd:Q831725,1,1,0,"Structural functionalism, or simply functionalism, is ""a framework for building theory that sees society as a complex system whose parts work together to promote solidarity and stability"".
This approa"
substantive-law,Substantive law,4,branches-of-law,990508,https://en.wikipedia.org/?curid=990508,wd:Q748811,1,0,0,"Substantive law is the set of laws that governs how members of a society are to behave. It is contrasted with procedural law, which is the set of procedures for making, administering, and enforcing su"
substructural-logic,Substructural logic,4,non-classical-logic,412909,https://en.wikipedia.org/?curid=412909,wd:Q839490,1,5,0,"In logic, a substructural logic is a logic lacking one of the usual structural rules (e.g. of classical and intuitionistic logic), such as weakening, contraction, exchange or associativity.  Two of th"
subsurface-engineering,Subsurface engineer,4,petroleum-engineering,7897442,https://en.wikipedia.org/?curid=7897442,wd:Q7632178,1,0,0,"Subsurface engineers (also known as ""completion engineers"") are a subset within Petroleum Engineering and typically work closely with Drilling engineers. The job of a Subsurface Engineer is to effecti"
summary-statistics,Summary statistics,4,descriptive-statistics,27587,https://en.wikipedia.org/?curid=27587,wd:Q1370484,1,0,0,"In descriptive statistics, summary statistics are used to summarize a set of observations, in order to communicate the largest amount of information as simply as possible. Statisticians commonly try t"
supervised-learning,Supervised learning,4,machine-learning,20926,https://en.wikipedia.org/?curid=20926,wd:Q334384,1,0,0,"In machine learning, supervised learning (SL) is a type of machine learning paradigm where an algorithm learns to map input data to a specific output based on example input-output pairs. This process "
supply-and-demand,Supply and demand,4,microeconomics,29664,https://en.wikipedia.org/?curid=29664,wd:Q166656,1,20,0,"In microeconomics, supply and demand is an economic model of price determination in a market. It postulates that, holding all else equal, the unit price for a particular good or other traded item in a"
entities-in-supply-chain,Supply chain,4,supply-chain,186493,https://en.wikipedia.org/?curid=186493,wd:Q1824206,1,0,0,"A supply chain is a complex logistics system that consists of facilities that convert raw materials into finished products and distribute them to end consumers or end customers, while supply chain man"
topics-in-supply-chain,Supply chain,4,supply-chain,186493,https://en.wikipedia.org/?curid=186493,wd:Q1824206,0,0,0,
supply-chain-engineering,Supply chain engineering,4,supply-chain,32979095,https://en.wikipedia.org/?curid=32979095,wd:Q2368228,1,0,0,"Supply chain engineering is the engineering discipline that concerns the planning, design, and operation of supply chains. Some of its main areas include logistics, production, and pricing. It involve"
supply-chain-management,Supply chain management,4,supply-chain,27995,https://en.wikipedia.org/?curid=27995,wd:Q492886,1,52,0,"In commerce, supply chain management (SCM) deals with a system of procurement (purchasing raw materials/components), operations management, logistics and marketing channels, through which raw material"
surface-science,Surface science,4,physical-chemistry,68513,https://en.wikipedia.org/?curid=68513,wd:Q373184,1,53,0,"Surface science is the study of physical and chemical phenomena that occur at the interface of two phases, including solid–liquid interfaces, solid–gas interfaces, solid–vacuum interfaces, and liquid–"
entities-in-surgery,Surgery,4,surgery,45599,https://en.wikipedia.org/?curid=45599,wd:Q40821,1,11,0,"Surgery is a medical specialty that uses manual and instrumental techniques to diagnose or treat pathological conditions (e.g., trauma, disease, injury, malignancy), to alter bodily functions (e.g., m"
topics-in-surgery,Surgery,4,surgery,45599,https://en.wikipedia.org/?curid=45599,wd:Q40821,1,73,0,"Surgery is a medical specialty that uses manual and instrumental techniques to diagnose or treat pathological conditions (e.g., trauma, disease, injury, malignancy), to alter bodily functions (e.g., m"
surveillance,Surveillance,4,computer-security,87231,https://en.wikipedia.org/?curid=87231,wd:Q334401,1,12,0,"Surveillance is the systematic observation and monitoring of a person, population, or location, with the purpose of information-gathering, influencing, managing, or directing.
It is widely used by gov"
survey-methodology,Survey methodology,4,data-collection,272134,https://en.wikipedia.org/?curid=272134,wd:Q814232,1,4,0,"Survey methodology is ""the study of survey methods"".
As a field of applied statistics concentrating on human-research surveys, survey methodology studies the sampling of individual units from a popula"
survival-analysis,Survival analysis,4,data-analysis,419259,https://en.wikipedia.org/?curid=419259,wd:Q543310,1,21,0,"Survival analysis is a branch of statistics for analyzing the expected duration of time until one event occurs, such as death in biological organisms and failure in mechanical systems. This topic is c"
sustainable-development,Sustainable development,4,environmental-policy,29501,https://en.wikipedia.org/?curid=29501,wd:Q131201,1,35,0,Sustainable development is an approach to growth and human development that aims to meet the needs of the present without compromising the ability of future generations to meet their own needs. The ai
sustainable-forest-management,Sustainable forest management,4,environmental-policy,4473245,https://en.wikipedia.org/?curid=4473245,wd:Q47572,0,73,0,
sustainable-transport,Sustainable transport,4,transportation-engineering,1002744,https://en.wikipedia.org/?curid=1002744,wd:Q1364310,1,11,0,Sustainable transport is transportation sustainable in terms of its social and environmental impacts. Components for evaluating sustainability include the particular vehicles used; the source of energ
swarm-intelligence,Swarm intelligence,4,artificial-intelligence,762988,https://en.wikipedia.org/?curid=762988,wd:Q863960,1,0,0,"Swarm intelligence (SI) is the collective behavior of decentralized, self-organized systems, natural or artificial. The concept is employed in work on artificial intelligence. The expression was intro"
symbolic-interactionism,Symbolic interactionism,4,sociological-theories,309379,https://en.wikipedia.org/?curid=309379,wd:Q1163216,1,2,0,"Symbolic interactionism is a sociological theory that develops from practical considerations and alludes to humans' particular use of shared language to create common symbols and meanings, for use in "
symmetry,Symmetry,4,geometry,53741,https://en.wikipedia.org/?curid=53741,wd:Q12485,1,19,0,"Symmetry (from Ancient Greek  συμμετρία (summetría) 'agreement in dimensions, due proportion, arrangement') in everyday life refers to a sense of harmonious and beautiful proportion and balance. In ma"
symmetry-in-quantum-mechanics,Symmetry in quantum mechanics,4,quantum-mechanics,39580830,https://en.wikipedia.org/?curid=39580830,wd:Q16726095,1,30,0,"Symmetries in quantum mechanics describe features of spacetime and particles which are unchanged under some transformation, in the context of quantum mechanics, relativistic quantum mechanics and quan"
syndicalism,Syndicalism,4,political-ideologies,26775,https://en.wikipedia.org/?curid=26775,wd:Q2353993,1,0,0,"Syndicalism is a labor movement within society that, through industrial unionism, seeks to unionize workers according to industry and advance their demands through strikes and other forms of direct ac"
syntax,Syntax,4,theoretical-linguistics,26860,https://en.wikipedia.org/?curid=26860,wd:Q37437,1,129,0,"In linguistics, syntax ( SIN-taks) is the study of how words and morphemes combine to form well-formed larger units such as phrases and sentences. Central concerns in this area of linguistics include "
synthetic-biology,Synthetic biology,4,biotechnology,841429,https://en.wikipedia.org/?curid=841429,wd:Q862838,1,10,0,"Synthetic biology (SynBio) is a multidisciplinary field of science that focuses on living systems and organisms. It applies engineering principles to develop new biological parts, devices, and systems"
system-dynamics,System dynamics,4,systems-thinking,153208,https://en.wikipedia.org/?curid=153208,wd:Q598451,1,0,0,"System dynamics (SD) is an approach to understanding the nonlinear behaviour of complex systems over time using stocks, flows, internal feedback loops, table functions and time delays."
systemic-design,Systemic design,4,systems-thinking,48514371,https://en.wikipedia.org/?curid=48514371,wd:Q25100029,1,0,0,"Systemic design is an interdiscipline that integrates systems thinking and design practices to address complex, multi-stakeholder problems. The field distinguishes itself through its focus on understa"
systems-architecture,Systems architecture,4,computer-architecture,3403318,https://en.wikipedia.org/?curid=3403318,wd:Q477538,1,27,0,"A system architecture is the conceptual model that defines the structure, behavior, and views of a system. An architecture description is a formal description and representation of a system, organized"
systems-biology,Systems biology,4,mathematical-and-theoretical-biology,467899,https://en.wikipedia.org/?curid=467899,wd:Q815297,1,2,0,Systems biology is the computational and mathematical analysis and modeling of complex biological systems. It is a biology-based interdisciplinary field of study that focuses on complex interactions w
systems-engineering,Systems engineering,4,systems-thinking,27764,https://en.wikipedia.org/?curid=27764,wd:Q682496,1,41,0,"Systems engineering is an interdisciplinary field of engineering and engineering management that focuses on how to design, integrate, and manage complex systems over their life cycles. At its core, sy"
systems-neuroscience,Systems neuroscience,4,neuroscience,762064,https://en.wikipedia.org/?curid=762064,wd:Q2617516,1,0,0,Systems neuroscience is a subdiscipline of neuroscience and systems biology that studies the structure and function of various neural circuits and systems that make up the central nervous system of an
systems-psychology,Systems psychology,4,theoretical-psychology,16700882,https://en.wikipedia.org/?curid=16700882,wd:Q1452527,1,0,0,Systems psychology is a branch of both theoretical psychology and applied psychology that studies human behaviour and experience as complex systems. It is inspired by systems theory and systems thinki
entities-in-systems-theory,Systems theory,4,systems-theory,29238,https://en.wikipedia.org/?curid=29238,wd:Q269699,1,0,0,"Systems theory is the transdisciplinary study of systems, i.e. cohesive groups of interrelated, interdependent components that can be natural or artificial. Every system has causal boundaries, is infl"
topics-in-systems-theory,Systems theory,4,systems-theory,29238,https://en.wikipedia.org/?curid=29238,wd:Q269699,1,2,0,"Systems theory is the transdisciplinary study of systems, i.e. cohesive groups of interrelated, interdependent components that can be natural or artificial. Every system has causal boundaries, is infl"
entities-in-systems-thinking,Systems thinking,4,systems-thinking,227985,https://en.wikipedia.org/?curid=227985,wd:Q1340474,1,0,0,Systems thinking is a way of making sense of the complexity of the world by looking at it in terms of wholes and relationships rather than by splitting it down into its parts. It has been used as a wa
topics-in-systems-thinking,Systems thinking,4,systems-thinking,227985,https://en.wikipedia.org/?curid=227985,wd:Q1340474,0,0,0,
targeted-advertising,Targeted advertising,4,social-networks,16777474,https://en.wikipedia.org/?curid=16777474,wd:Q1628411,1,12,0,"Targeted advertising or data-driven marketing is a form of advertising, including online advertising, that is directed towards an audience with certain traits, based on the product or person the adver"
technical-drawing,Technical drawing,4,architectural-engineering,54952,https://en.wikipedia.org/?curid=54952,wd:Q192521,1,32,0,"Technical drawing, drafting or drawing, is the act and discipline of composing drawings that visually communicate how something functions or is constructed.
Technical drawing is essential for communic"
entities-in-technical-geography,Technical geography,4,technical-geography,71605274,https://en.wikipedia.org/?curid=71605274,wd:Q113859941,1,0,0,"Technical geography is the branch of geography that involves using, studying, and creating tools to obtain, analyze, interpret, understand, and communicate spatial information. The spatial data types "
topics-in-technical-geography,Technical geography,4,technical-geography,71605274,https://en.wikipedia.org/?curid=71605274,wd:Q113859941,0,7,0,
entities-in-technology-companies,Technology company,4,technology-companies,44211754,https://en.wikipedia.org/?curid=44211754,wd:Q18388277,1,8,0,"A technology company, or tech company, is a company that focuses primarily on the manufacturing, support, research and development of—most commonly computing, telecommunication and consumer electronic"
topics-in-technology-companies,Technology company,4,technology-companies,44211754,https://en.wikipedia.org/?curid=44211754,wd:Q18388277,0,7,0,
entities-in-telecommunications,Telecommunications,4,telecommunications,33094374,https://en.wikipedia.org/?curid=33094374,wd:Q418,1,0,0,"Telecommunication, often used in its plural form or abbreviated as telecom, is the transmission of information over a distance using electrical or electronic means, typically through cables, radio wav"
topics-in-telecommunications,Telecommunications,4,telecommunications,33094374,https://en.wikipedia.org/?curid=33094374,wd:Q418,0,4,0,
telecommunications-engineering,Telecommunications engineering,4,telecommunications,8774050,https://en.wikipedia.org/?curid=8774050,wd:Q1061219,1,0,0,Telecommunications engineering is a subfield of Electrical engineering which seeks to design and devise systems of communication at a distance. The work ranges from basic circuit design to strategic m
television,Television,4,mass-communication,29831,https://en.wikipedia.org/?curid=29831,wd:Q289,1,22,0,"Television (TV) is a telecommunication medium for transmitting moving images and sound. Additionally, the term can refer to a physical television set rather than the medium of transmission. Television"
tensor-analysis,Tensor,4,analysis,29965,https://en.wikipedia.org/?curid=29965,wd:Q188524,1,34,0,"In mathematics, a tensor is an algebraic object that describes a multilinear relationship between sets of algebraic objects associated with a vector space. Tensors may map between different objects su"
term-logic,Term logic,4,classical-logic,321652,https://en.wikipedia.org/?curid=321652,wd:Q237125,1,0,0,"In logic and formal semantics, term logic, also known as traditional logic, syllogistic logic or Aristotelian logic, is a loose name for an approach to formal logic that began with Aristotle and was d"
tertiary-education,Tertiary education,4,educational-stages,31486,https://en.wikipedia.org/?curid=31486,wd:Q9166713,1,0,0,Tertiary education (also called higher education or post-secondary education) is the educational level following the completion of secondary education. The World Bank defines tertiary education as inc
text-editors,Text editor,4,software-development,30310,https://en.wikipedia.org/?curid=30310,wd:Q131212,1,16,0,"A text editor is interactive software that allows a user to edit plain text, such as Notepad.
As with any software, a text editor can be installed onto a system, but often a relatively simple text edi"
textile-manufacturing,Textile manufacturing,4,process-engineering,2162735,https://en.wikipedia.org/?curid=2162735,wd:Q1505660,1,6,0,"Textile manufacturing or textile engineering is a major industry. It is largely based on the conversion of fibre into yarn, then yarn into fabric. These are then dyed or printed, fabricated into cloth"
theatre,Theatre,4,performing-arts,20913771,https://en.wikipedia.org/?curid=20913771,wd:Q11635,1,30,0,"Theatre or theater is a collaborative form of performing art that uses live performers, usually actors, to present experiences of a real or imagined event before a live audience in a specific place, o"
theocracy,Theocracy,4,political-ideologies,30875,https://en.wikipedia.org/?curid=30875,wd:Q44405,1,7,0,"Theocracy or ethiocracy is a form of autocracy or oligarchy in which one or more deities are recognized as supreme ruling authorities giving divine guidance to human intermediaries with executive, leg"
theology,Theology,4,religious-studies,30503,https://en.wikipedia.org/?curid=30503,wd:Q34178,1,2,0,"Theology is the study of religious belief from a religious perspective, with a focus on the nature of divinity and the history behind religion. It is taught as an academic discipline, typically in uni"
entities-in-theoretical-chemistry,Theoretical chemistry,4,theoretical-chemistry,31491,https://en.wikipedia.org/?curid=31491,wd:Q321150,1,0,0,"Theoretical chemistry is the branch of chemistry which develops theoretical generalizations that are part of the theoretical arsenal of modern chemistry: for example, the concepts of chemical bonding,"
topics-in-theoretical-chemistry,Theoretical chemistry,4,theoretical-chemistry,31491,https://en.wikipedia.org/?curid=31491,wd:Q321150,1,0,0,"Theoretical chemistry is the branch of chemistry which develops theoretical generalizations that are part of the theoretical arsenal of modern chemistry: for example, the concepts of chemical bonding,"
entities-in-theoretical-linguistics,Theoretical linguistics,4,theoretical-linguistics,55422,https://en.wikipedia.org/?curid=55422,wd:Q351625,1,0,0,"Theoretical linguistics, or general linguistics, is the branch of linguistics which inquires into the nature of language itself and seeks to answer fundamental questions as to what language is; how it"
topics-in-theoretical-linguistics,Theoretical linguistics,4,theoretical-linguistics,55422,https://en.wikipedia.org/?curid=55422,wd:Q351625,0,1,0,
entities-in-theoretical-psychology,Theoretical psychology,4,theoretical-psychology,981440,https://en.wikipedia.org/?curid=981440,wd:Q7782373,1,0,0,"Theoretical psychology is concerned with theoretical and philosophical aspects of psychology. It is an interdisciplinary field with a wide scope of study. 
It focuses on combining and incorporating ex"
topics-in-theoretical-psychology,Theoretical psychology,4,theoretical-psychology,981440,https://en.wikipedia.org/?curid=981440,wd:Q7782373,0,5,0,
political-behavior,Theories of political behavior,4,political-science,37123,https://en.wikipedia.org/?curid=37123,wd:Q796617,1,0,0,"Theories of political behavior, as an aspect of political science, attempt to quantify and explain the influences that define a person's political views, ideology, and levels of political participatio"
entities-in-theory-of-computation,Theory of computation,4,theory-of-computation,30402,https://en.wikipedia.org/?curid=30402,wd:Q844718,1,0,0,"In theoretical computer science and mathematics, the theory of computation is the branch that deals with what problems can be solved on a model of computation using an algorithm, how efficiently they "
topics-in-theory-of-computation,Theory of computation,4,theory-of-computation,30402,https://en.wikipedia.org/?curid=30402,wd:Q844718,1,0,0,"In theoretical computer science and mathematics, the theory of computation is the branch that deals with what problems can be solved on a model of computation using an algorithm, how efficiently they "
constraint-management,Theory of constraints,4,business-administration,203932,https://en.wikipedia.org/?curid=203932,wd:Q956095,1,1,0,The theory of constraints (TOC) is a management paradigm that views any manageable system as being limited in achieving more of its goals by a very small number of constraints. There is always at leas
entities-in-relativity,Theory of relativity,4,relativity,30001,https://en.wikipedia.org/?curid=30001,wd:Q43514,1,0,0,"The theory of relativity comprises two physics theories by Albert Einstein: special relativity and general relativity, proposed and published in 1905 and 1915, respectively. Special relativity applies"
topics-in-relativity,Theory of relativity,4,relativity,30001,https://en.wikipedia.org/?curid=30001,wd:Q43514,1,2,0,"The theory of relativity comprises two physics theories by Albert Einstein: special relativity and general relativity, proposed and published in 1905 and 1915, respectively. Special relativity applies"
entities-in-thermal-engineering,Thermal engineering,4,thermal-engineering,19582317,https://en.wikipedia.org/?curid=19582317,wd:Q2585592,1,0,0,"Thermal engineering is a specialized sub-discipline of mechanical engineering that focuses on the storage, transfer, and conversion of heat energy within or between thermal systems. Thermal engineers "
topics-in-thermal-engineering,Thermal engineering,4,thermal-engineering,19582317,https://en.wikipedia.org/?curid=19582317,wd:Q2585592,0,0,0,
thermochemistry,Thermochemistry,4,physical-chemistry,30369,https://en.wikipedia.org/?curid=30369,wd:Q183410,1,11,0,"Thermochemistry is the study of the heat energy which is associated with chemical reactions and/or phase changes such as melting and boiling.  A reaction may release or absorb energy, and a phase chan"
thermodynamic-cycles,Thermodynamic cycle,4,thermodynamics,3285197,https://en.wikipedia.org/?curid=3285197,wd:Q75920,1,5,0,"A thermodynamic cycle consists of linked sequences of thermodynamic processes that involve transfer of heat and work into and out of the system, while varying pressure, temperature, and other state va"
entities-in-thermodynamics,Thermodynamics,4,thermodynamics,29952,https://en.wikipedia.org/?curid=29952,wd:Q11473,1,0,0,"Thermodynamics is a branch of physics that deals with heat, work, and temperature, and their relation to energy, entropy, and the physical properties of matter and radiation. The behavior of these qua"
topics-in-thermodynamics,Thermodynamics,4,thermodynamics,29952,https://en.wikipedia.org/?curid=29952,wd:Q11473,1,1,0,"Thermodynamics is a branch of physics that deals with heat, work, and temperature, and their relation to energy, entropy, and the physical properties of matter and radiation. The behavior of these qua"
thermoeconomics,Thermoeconomics,4,heterodox-economics,6838711,https://en.wikipedia.org/?curid=6838711,wd:Q4197365,1,0,0,"Thermoeconomics, also referred to as Bioeconomics or Biophysical Economics, is a school of heterodox economics that applies the laws of statistical mechanics to economic theory.  Thermoeconomics is co"
thin-film,Thin film,4,materials-science,1033036,https://en.wikipedia.org/?curid=1033036,wd:Q1137203,1,21,0,A thin film is a layer of material ranging from fractions of a nanometer (monolayer) to several micrometers in thickness. The controlled synthesis of materials as thin films (a process referred to as 
thin-film-optics,Thin-film optics,4,optics,387489,https://en.wikipedia.org/?curid=387489,wd:Q647589,1,12,0,"Thin-film optics is the branch of optics that deals with very thin structured layers of different materials.  In order to exhibit thin-film optics, the thickness of the layers of material must be simi"
entities-in-tidal-power,Tidal power,4,tidal-power,325060,https://en.wikipedia.org/?curid=325060,wd:Q184037,1,0,0,"Tidal power or tidal energy  is harnessed by converting energy from tides into useful forms of power, mainly electricity using various methods.
Although not yet widely used, tidal energy has the poten"
topics-in-tidal-power,Tidal power,4,tidal-power,325060,https://en.wikipedia.org/?curid=325060,wd:Q184037,0,1,0,
time-series,Time series,4,data-analysis,406624,https://en.wikipedia.org/?curid=406624,wd:Q186588,1,55,0,"In mathematics, a time series is a sequence of data points indexed, listed, or graphed in chronological order. Most commonly, a time series consists of observations recorded at successive equally spac"
time-frequency-analysis,Time–frequency analysis,4,signal-processing,857897,https://en.wikipedia.org/?curid=857897,wd:Q7806653,1,20,0,"In signal processing, time–frequency analysis comprises those techniques that study a signal in both the time and frequency domains simultaneously, using various time–frequency representations. Rather"
tissue-engineering,Tissue engineering,4,biomedical-engineering,307065,https://en.wikipedia.org/?curid=307065,wd:Q1540285,1,42,0,"Tissue engineering is a biomedical engineering discipline that uses a combination of cells, engineering, materials methods, and suitable biochemical and physicochemical factors to restore, maintain, i"
titration,Titration,4,analytical-chemistry,31260,https://en.wikipedia.org/?curid=31260,wd:Q191010,1,8,0,Titration (also known as titrimetry and volumetric analysis) is a common laboratory method of quantitative chemical analysis to determine the concentration of an identified analyte (a substance to be 
tobacco,Tobacco,4,environmental-policy,30942,https://en.wikipedia.org/?curid=30942,wd:Q1566,1,16,0,"Tobacco is the common name of several plants in the genus Nicotiana of the family Solanaceae, and the general term for any product prepared from the cured leaves of these plants. Seventy-nine species "
tomography,Tomography,4,optics,385523,https://en.wikipedia.org/?curid=385523,wd:Q841267,1,8,0,"Tomography is imaging by sections or sectioning that uses any kind of penetrating wave. The method is used in radiology, archaeology, biology, atmospheric science, geophysics, oceanography, plasma phy"
topic-modelling,Topic model,4,natural-language-processing,28934119,https://en.wikipedia.org/?curid=28934119,wd:Q3532085,1,4,0,"In natural language processing, a topic model is a type of probabilistic, neural, or algebraic model for discovering the abstract topics that occur in a collection of documents. Topic modeling is a fr"
topical-logic,Topical logic,4,classical-logic,20949723,https://en.wikipedia.org/?curid=20949723,wd:Q7824864,1,0,0,"Topical logic is the logic of topical argument, a branch of rhetoric developed in the Late Antique period from earlier works, such as Aristotle's Topics and Cicero's Topica. It consists of heuristics "
topological-quantum-field-theory,Topological quantum field theory,4,quantum-field-theory,443757,https://en.wikipedia.org/?curid=443757,wd:Q721094,1,5,0,"In gauge theory and mathematical physics, a topological quantum field theory (or topological field theory or TQFT) is a quantum field theory that computes topological invariants.
While TQFTs were inve"
entities-in-topology,Topology,4,topology,29954,https://en.wikipedia.org/?curid=29954,wd:Q42989,1,0,0,"Topology (from the Greek words τόπος, 'place, location', and λόγος, 'study') is the branch of mathematics concerned with the properties of a geometric object that are preserved under continuous deform"
topics-in-topology,Topology,4,topology,29954,https://en.wikipedia.org/?curid=29954,wd:Q42989,1,16,0,"Topology (from the Greek words τόπος, 'place, location', and λόγος, 'study') is the branch of mathematics concerned with the properties of a geometric object that are preserved under continuous deform"
tourism-geography,Tourism geography,4,human-geography,3860430,https://en.wikipedia.org/?curid=3860430,wd:Q1350203,1,0,0,"Tourism geography is the study of travel and tourism, as an industry and as a social and cultural activity. Tourism geography covers a wide range of interests including the environmental impact of tou"
tourist-attractions,Tourist attraction,4,human-geography,99863,https://en.wikipedia.org/?curid=99863,wd:Q570116,1,2,0,"A tourist attraction is a place of interest that tourists visit, typically for its inherent or exhibited natural or cultural value, historical significance, natural or built beauty, offering leisure a"
entities-in-toxicology,Toxicology,4,toxicology,30531,https://en.wikipedia.org/?curid=30531,wd:Q7218,1,0,0,"Toxicology is a scientific discipline, overlapping with biology, chemistry, pharmacology, and medicine, that involves the study of the adverse effects of chemical substances on living organisms and th"
topics-in-toxicology,Toxicology,4,toxicology,30531,https://en.wikipedia.org/?curid=30531,wd:Q7218,1,20,0,"Toxicology is a scientific discipline, overlapping with biology, chemistry, pharmacology, and medicine, that involves the study of the adverse effects of chemical substances on living organisms and th"
toxins,Toxin,4,emergency-medicine,23740,https://en.wikipedia.org/?curid=23740,wd:Q184651,1,27,0,"A toxin is a naturally occurring poison produced by metabolic activities of living cells or organisms. They occur especially as proteins, often conjugated. The term was first used by organic chemist L"
traffic-engineering,Traffic engineering (transportation),4,transportation-engineering,199033,https://en.wikipedia.org/?curid=199033,wd:Q1640676,1,69,0,Traffic engineering is a branch of civil engineering that uses engineering techniques to achieve the safe and efficient movement of people and goods on roadways. It focuses mainly on research for safe
transhumanism,Transhumanism,4,political-ideologies,30299,https://en.wikipedia.org/?curid=30299,wd:Q194100,1,3,0,"Transhumanism is a philosophical movement that advocates the enhancement of the human condition by developing and making widely available new and future technologies to enhance longevity, cognition, a"
transport,Transport,4,transportation-engineering,18580879,https://en.wikipedia.org/?curid=18580879,wd:Q7590,1,10,0,"Transport (in British English) or transportation (in American English) is the intentional movement of humans, animals, and goods from one location to another. Modes of transport include air, land (rai"
transport-economics,Transport economics,4,mesoeconomics,51114,https://en.wikipedia.org/?curid=51114,wd:Q660564,1,10,0,Transport economics is a branch of economics founded in 1959 by American economist John R. Meyer that deals with the allocation of resources within the transport sector. It has strong links to civil e
entities-in-transportation-engineering,Transportation engineering,4,transportation-engineering,50571,https://en.wikipedia.org/?curid=50571,wd:Q775325,1,0,0,"Transportation engineering or transport engineering is the application of technology and scientific principles to the planning, functional design, operation and management of facilities for any mode o"
topics-in-transportation-engineering,Transportation engineering,4,transportation-engineering,50571,https://en.wikipedia.org/?curid=50571,wd:Q775325,1,0,0,"Transportation engineering or transport engineering is the application of technology and scientific principles to the planning, functional design, operation and management of facilities for any mode o"
travel,Travel,4,applied-sociology,155747,https://en.wikipedia.org/?curid=155747,wd:Q61509,1,9,0,"Travel is the movement of people between distant geographical locations. Travel can be done by foot, bicycle, automobile, train, boat, bus, airplane, ship or other means, with or without luggage, and "
trigonometric-functions,Trigonometric functions,4,trigonometry,30367,https://en.wikipedia.org/?curid=30367,wd:Q93344,1,2,0,"In mathematics, the trigonometric functions (also called circular functions, angle functions or goniometric functions) are real functions which relate an angle of a right-angled triangle to ratios of "
trigonometric-integration,Trigonometric integral,4,trigonometry,245560,https://en.wikipedia.org/?curid=245560,wd:Q1094282,1,0,0,"In mathematics, trigonometric integrals are a family of nonelementary integrals involving trigonometric functions."
trigonometric-interpolation,Trigonometric interpolation,4,trigonometry,879681,https://en.wikipedia.org/?curid=879681,wd:Q464356,1,0,0,"In mathematics, trigonometric interpolation is interpolation with trigonometric polynomials. Interpolation is the process of finding a function which goes through some given data points. For trigonome"
trigonometric-polynomials,Trigonometric polynomial,4,trigonometry,591568,https://en.wikipedia.org/?curid=591568,wd:Q1969650,1,0,0,"In the mathematical subfields of numerical analysis and mathematical analysis, a trigonometric polynomial is a finite linear combination of functions sin(nx) and cos(nx) with n taking on the values of"
trigonometric-series,Trigonometric series,4,trigonometry,4099125,https://en.wikipedia.org/?curid=4099125,wd:Q1149336,1,0,0,"In mathematics, trigonometric series  are a special class of orthogonal series of the form

  
    
      
        
          A
          
            0
          
        
        +
        
        "
trigonometric-substitution,Trigonometric substitution,4,trigonometry,375033,https://en.wikipedia.org/?curid=375033,wd:Q1191963,1,1,0,"In mathematics, a trigonometric substitution replaces a trigonometric function for another expression. In calculus, trigonometric substitutions are a technique for evaluating integrals. In this case, "
entities-in-trigonometry,Trigonometry,4,trigonometry,18717261,https://en.wikipedia.org/?curid=18717261,wd:Q8084,1,0,0,Trigonometry (from Ancient Greek  τρίγωνον (trígōnon) 'triangle' and  μέτρον (métron) 'measure') is a branch of mathematics concerned with relationships between angles and side lengths of triangles. I
topics-in-trigonometry,Trigonometry,4,trigonometry,18717261,https://en.wikipedia.org/?curid=18717261,wd:Q8084,0,3,0,
tropical-disease,Tropical disease,4,infectious-diseases,889672,https://en.wikipedia.org/?curid=889672,wd:Q1345671,1,42,0,"Tropical diseases are infectious diseases that are prevalent in or unique to tropical and subtropical regions. The diseases are less prevalent in temperate climates, due in part to the occurrence of a"
truth,Truth,4,epistemology,29920,https://en.wikipedia.org/?curid=29920,wd:Q7949,1,9,0,"Truth is conformity to reality or fact. It contrasts with falsity or misrepresentation that fails to align with the world. Truth is typically treated as a property of truthbearers, such as sentences, "
tuberculosis,Tuberculosis,4,pulmonology,30653,https://en.wikipedia.org/?curid=30653,wd:Q12204,1,10,0,"Tuberculosis (TB) (RP: tew-BER-kew-loh-sis, also  tew-bər-kew-LOH-sis), also known colloquially as the ""white death"", or historically as consumption, is a contagious disease usually caused by Mycobact"
type-theory,Type theory,4,programming-language-theory,40282,https://en.wikipedia.org/?curid=40282,wd:Q1056428,1,24,0,"In mathematics, and theoretical computer science, type theory is the study of formal systems that classify expressions or mathematical objects by their types. Roughly speaking, a type plays a  similar"
ubiquitous-computing,Ubiquitous computing,4,computer-architecture,31871,https://en.wikipedia.org/?curid=31871,wd:Q541265,1,0,0,"Ubiquitous computing (or ""ubicomp"") is a concept in software engineering, hardware engineering and computer science where computing is made to appear seamlessly anytime and everywhere. In contrast to "
ultrasound,Ultrasound,4,acoustical-engineering,31780,https://en.wikipedia.org/?curid=31780,wd:Q162564,1,19,0,Ultrasound is sound with frequencies greater than 20 kilohertz. This frequency is the approximate upper audible limit of human hearing in healthy young adults. The physical principles of acoustic wave
underwater-acoustics,Underwater acoustics,4,acoustical-engineering,10567426,https://en.wikipedia.org/?curid=10567426,wd:Q1292425,1,0,0,"Underwater acoustics (also known as hydroacoustics) is the study of the propagation of sound in water and the interaction of the mechanical waves that constitute sound with the water, its contents and"
universal-algebra,Universal algebra,4,algebra,45200,https://en.wikipedia.org/?curid=45200,wd:Q1636734,1,0,0,"Universal algebra (sometimes called general algebra) is the field of mathematics that studies algebraic structures in general, not specific types of algebraic structures.
For instance, rather than con"
unstructured-data,Unstructured data,4,databases,2751096,https://en.wikipedia.org/?curid=2751096,wd:Q1141900,1,0,0,Unstructured data (or unstructured information) is information that either does not have a pre-defined data model or is not organized in a pre-defined manner. Unstructured information is typically tex
unsupervised-learning,Unsupervised learning,4,machine-learning,233497,https://en.wikipedia.org/?curid=233497,wd:Q1152135,1,21,0,"Unsupervised learning is a framework in machine learning where, in contrast to supervised learning, algorithms learn patterns exclusively from unlabeled data. Other frameworks in the spectrum of super"
urban-economics,Urban economics,4,macroeconomics,448850,https://en.wikipedia.org/?curid=448850,wd:Q385256,1,4,0,"Urban economics is broadly the economic study of urban areas; as such, it involves using the tools of economics to analyze urban issues such as crime, education, public transit, housing, and local gov"
urban-geography,Urban geography,4,human-geography,341029,https://en.wikipedia.org/?curid=341029,wd:Q690068,1,4,0,Urban geography is the subdiscipline of geography that derives from a study of cities and urban processes. Urban geographers and urbanists examine various aspects of urban life and the built environme
urban-history,Urban history,4,fields-of-history,4799746,https://en.wikipedia.org/?curid=4799746,wd:Q1569011,1,0,0,"Urban history is a field of history that examines the historical nature of cities and towns, and the process of urbanization. The historiographical approach is often multidisciplinary, crossing bounda"
urban-sociology,Urban sociology,4,applied-sociology,297970,https://en.wikipedia.org/?curid=297970,wd:Q597680,1,0,0,"Urban sociology is the sociological study of cities and urban life. One of the field's oldest sub-disciplines, urban sociology studies and examines the social, historical, political, cultural, economi"
entities-in-urbanism,Urbanism,4,urbanism,935041,https://en.wikipedia.org/?curid=935041,wd:Q59950,1,0,0,"Urbanism is the scientific study of how inhabitants of urban areas, such as towns and cities, interact with the built environment. It is a direct component of disciplines such as urban planning, a pro"
topics-in-urbanism,Urbanism,4,urbanism,935041,https://en.wikipedia.org/?curid=935041,wd:Q59950,0,75,0,
urologic-disease,Urologic disease,4,urology,18369319,https://en.wikipedia.org/?curid=18369319,wd:Q7900883,1,59,0,"Urologic diseases or conditions include urinary tract infections, kidney stones, bladder control problems, and prostate problems, among others. Some urologic conditions do not affect a person for that"
entities-in-urology,Urology,4,urology,32055,https://en.wikipedia.org/?curid=32055,wd:Q105650,1,0,0,"Urology (from Greek οὖρον ouron ""urine"" and -λογία -logia ""study of""), also known as genitourinary surgery, is the branch of medicine that focuses on surgical and medical diseases of the urinary syste"
topics-in-urology,Urology,4,urology,32055,https://en.wikipedia.org/?curid=32055,wd:Q105650,1,59,0,"Urology (from Greek οὖρον ouron ""urine"" and -λογία -logia ""study of""), also known as genitourinary surgery, is the branch of medicine that focuses on surgical and medical diseases of the urinary syste"
utility,Utility,4,microeconomics,45479,https://en.wikipedia.org/?curid=45479,wd:Q466707,1,15,0,"In economics, utility is a measure of a certain person's satisfaction from a certain state of the world. Over time, the term has been used with at least two meanings.

In a normative context, utility "
vacuum-tubes,Vacuum tube,4,electronic-engineering,32496,https://en.wikipedia.org/?curid=32496,wd:Q3574371,1,6,0,"A vacuum tube, electron tube, thermionic valve (British usage), or tube (North America) is a device that controls electric current flow in a high vacuum between electrodes to which an electric potenti"
vascular-disease,Vascular disease,4,angiology,5200872,https://en.wikipedia.org/?curid=5200872,wd:Q1266890,1,40,0,"Vascular disease is a class of diseases of the vessels of the circulatory system in the body, including blood vessels – the arteries and veins, and the lymphatic vessels. Vascular disease is a subgrou"
vector-analysis,Vector calculus,4,analysis,32640,https://en.wikipedia.org/?curid=32640,wd:Q200802,1,42,0,"Vector calculus or vector analysis is a branch of mathematics concerned with the differentiation and integration of vector fields, primarily in three-dimensional Euclidean space, 
  
    
      
     "
vehicle-emissions-control,Vehicle emissions control,4,environmental-policy,627819,https://en.wikipedia.org/?curid=627819,wd:Q320165,1,26,0,"Vehicle emissions control is the study of reducing the emissions produced by motor vehicles, especially internal combustion engines. The primary emissions studied include hydrocarbons, volatile organi"
ventilation,Ventilation (architecture),4,thermal-engineering,529891,https://en.wikipedia.org/?curid=529891,wd:Q584049,1,57,0,"Ventilation is the intentional introduction of outdoor air into a space, mainly to control indoor air quality by diluting and displacing indoor effluents and pollutants. It can also be used to control"
venture-capital,Venture capital,4,finance,257210,https://en.wikipedia.org/?curid=257210,wd:Q219409,1,18,0,"Venture capital (VC) is a form of private equity financing provided by firms or funds to startup, early-stage, and emerging companies, that have been deemed to have high growth potential or that have "
version-control,Version control,4,software-development,55955,https://en.wikipedia.org/?curid=55955,wd:Q189439,1,8,0,"Version control (also known as revision control, source control, and source code management) is the software engineering practice of controlling, organizing, and tracking different versions in history"
very-large-scale-integration,Very Large Scale Integration,4,hardware-engineering,32823,https://en.wikipedia.org/?curid=32823,wd:Q876049,1,0,0,Very-large-scale integration (VLSI) is the process of creating an integrated circuit (IC) by combining millions or billions of MOS transistors onto a single chip. VLSI began in the 1970s when MOS inte
entities-in-veterinary-medicine,Veterinary medicine,4,veterinary-medicine,32654,https://en.wikipedia.org/?curid=32654,wd:Q170201,1,0,0,"Veterinary medicine is the branch of medicine concerned with the prevention, management, diagnosis, and treatment of disease, disorder, and injury in non-human animals. Its scope is wide, covering all"
topics-in-veterinary-medicine,Veterinary medicine,4,veterinary-medicine,32654,https://en.wikipedia.org/?curid=32654,wd:Q170201,1,0,0,"Veterinary medicine is the branch of medicine concerned with the prevention, management, diagnosis, and treatment of disease, disorder, and injury in non-human animals. Its scope is wide, covering all"
viable-system-model,Viable system model,4,systems-thinking,2312170,https://en.wikipedia.org/?curid=2312170,wd:Q624501,1,0,0,"The viable system model (VSM) is a model of the organizational structure of any autonomous system capable of producing itself. It is an implementation of viable system theory. At the biological level,"
vibration-and-dynamics,Vibration,4,acoustical-engineering,20646772,https://en.wikipedia.org/?curid=20646772,wd:Q3695508,1,31,0,"In mechanics, vibration (from Latin  vibrāre 'to shake') is an oscillation of matter about an equilibrium point. Vibration may be deterministic if the oscillations can be characterised precisely (e.g."
video-games,Video game,4,software-development,5363,https://en.wikipedia.org/?curid=5363,wd:Q7889,1,60,0,"A video game, computer game, or simply game is an electronic game that involves interaction with a user interface or input device (such as a joystick, controller, keyboard, or motion sensing device) t"
video-game-development,Video game development,4,software-development,700265,https://en.wikipedia.org/?curid=700265,wd:Q1061635,1,0,0,"Video game development (sometimes shortened to gamedev) is the process of creating a video game. It is a multidisciplinary practice, involving programming (coding), design, art, audio, user interface,"
video-processing,Video processing,4,signal-processing,8484224,https://en.wikipedia.org/?curid=8484224,wd:Q3536669,1,0,0,"In electronics engineering, video processing is a particular case of signal processing, in particular image processing, which often employs video filters and where the input and output signals are vid"
viral-disease,Viral disease,4,infectious-diseases,15845253,https://en.wikipedia.org/?curid=15845253,wd:Q1928978,1,74,0,"A viral disease (or viral infection) occurs when an organism's body is invaded by pathogenic viruses, and infectious virus particles (virions) attach to and enter susceptible cells. Virosis is a disea"
virology,Virology,4,microbiology,32772,https://en.wikipedia.org/?curid=32772,wd:Q7215,1,2,0,"Virology is the scientific study of biological viruses. It is a subfield of microbiology that focuses on their detection, structure, classification and evolution, their methods of infection and exploi"
virophysics,Virophysics,4,biophysics,47581074,https://en.wikipedia.org/?curid=47581074,wd:Q25324205,1,0,0,Virophysics is a branch of biophysics in which the theoretical concepts and experimental techniques of physics are applied to study the mechanics and dynamics driving the interactions between virions 
virtual-learning-environment,Virtual learning environment,4,educational-technology,34193404,https://en.wikipedia.org/?curid=34193404,wd:Q2349394,0,0,0,
virtual-reality,Virtual reality,4,computer-graphics,32612,https://en.wikipedia.org/?curid=32612,wd:Q170519,1,42,0,Virtual reality (VR) is a simulated experience that employs 3D head-mounted displays and pose tracking to give the user an immersive feel of a virtual world. Applications of virtual reality include en
virtue-ethics,Virtue ethics,4,ethics,261873,https://en.wikipedia.org/?curid=261873,wd:Q1086395,1,18,0,"Virtue ethics (also aretaic ethics, from Greek ἀρετή [aretḗ]) is a philosophical approach that treats dispositional virtue and character as the primary subjects of ethics, in contrast to other ethical"
entities-in-visual-arts,Visual arts,4,visual-arts,33734529,https://en.wikipedia.org/?curid=33734529,wd:Q36649,1,1,0,"The visual arts are art forms such as painting, drawing, printmaking, sculpture, ceramics, photography, video, image, filmmaking, design, crafts, and architecture. Many artistic disciplines such as pe"
topics-in-visual-arts,Visual arts,4,visual-arts,33734529,https://en.wikipedia.org/?curid=33734529,wd:Q36649,0,15,0,
visual-perception,Visual perception,4,optics,21280496,https://en.wikipedia.org/?curid=21280496,wd:Q162668,1,11,0,"Visual perception is the ability to detect light and use it to form an image of the surrounding environment. Photodetection without image formation is classified as light sensing. In most vertebrates,"
viticulture,Viticulture,4,horticulture,513591,https://en.wikipedia.org/?curid=513591,wd:Q253140,1,24,0,"Viticulture (Latin: vitis cultura, 'vine-growing'),  viniculture (vinis cultura, 'wine-growing'), or winegrowing is the cultivation and harvesting of grapes. It is a branch of the science of horticult"
vocational-education,Vocational education,4,educational-stages,56551,https://en.wikipedia.org/?curid=56551,wd:Q6869278,1,0,0,Vocational education is education that prepares individuals for a skilled craft or occupation. Vocational education can also be defined as the type of education given to an individual.  Vocational edu
volcanology,Volcanology,4,geology,238112,https://en.wikipedia.org/?curid=238112,wd:Q102904,1,10,0,"Volcanology (also spelled vulcanology) is the study of volcanoes, lava, magma, and related geological, geophysical and geochemical phenomena (volcanism).   The term volcanology is derived from the Lat"
entities-in-warfare,War,4,warfare,33158,https://en.wikipedia.org/?curid=33158,wd:Q198,1,6,0,"War is an armed conflict between the armed forces of states, or between governmental forces and armed groups that are organized under a certain command structure and have the capacity to sustain milit"
topics-in-warfare,War,4,warfare,33158,https://en.wikipedia.org/?curid=33158,wd:Q198,1,40,0,"War is an armed conflict between the armed forces of states, or between governmental forces and armed groups that are organized under a certain command structure and have the capacity to sustain milit"
waste-management,Waste management,4,environmental-policy,210555,https://en.wikipedia.org/?curid=210555,wd:Q180388,1,95,0,"Waste management or waste disposal includes the processes and actions required to manage waste from its inception to its final disposal. This includes the collection, transport, treatment, and disposa"
water-conservation,Water conservation,4,conservation-biology,460253,https://en.wikipedia.org/?curid=460253,wd:Q1462136,1,18,0,"Water conservation aims to sustainably manage the natural resource of fresh water, protect the hydrosphere, and meet current and future human demand. Water conservation makes it possible to avoid wate"
water-pollution,Water pollution,4,pollution,312266,https://en.wikipedia.org/?curid=312266,wd:Q183129,1,135,0,"Water pollution (or aquatic pollution) is the contamination of water bodies, which has a negative impact on how they can be used. It is usually caused by human activities. Water bodies include lakes, "
waves,Wave,4,electromagnetism,33516,https://en.wikipedia.org/?curid=33516,wd:Q37172,1,35,0,"In mathematics and physical science, a wave is a propagating dynamic disturbance (change from equilibrium) of one or more quantities. Periodic waves oscillate repeatedly about an equilibrium (resting)"
waves-in-plasmas,Waves in plasmas,4,plasma-physics,1870534,https://en.wikipedia.org/?curid=1870534,wd:Q1958130,1,14,0,"In plasma physics, waves in plasmas are an interconnected set of particles and fields which propagate in a periodically repeating fashion. A plasma is a quasineutral, electrically conductive fluid. In"
wearable-technology,Wearable technology,4,hardware-engineering,23770249,https://en.wikipedia.org/?curid=23770249,wd:Q4845080,1,12,0,"Wearable technology is a category of small electronic and mobile devices with wireless communications capability designed to be worn on the human body and are incorporated into gadgets, accessories, o"
internet-browsing,Web browser,4,computer-networks,33173,https://en.wikipedia.org/?curid=33173,wd:Q6368,1,50,0,"A web browser, often abbreviated as browser, is an application for accessing websites. When a user requests a web page from a particular website, the browser retrieves its files from a web server and "
web-development,Web development,4,software-development,611714,https://en.wikipedia.org/?curid=611714,wd:Q386275,1,0,0,"Web development is the process of designing, developing and maintaining websites and web apps. Web development encompasses several different fields, most commonly referring to the programming of websi"
web-frameworks,Web framework,4,software-development,2342095,https://en.wikipedia.org/?curid=2342095,wd:Q1330336,1,18,0,"A web framework (WF) or web application framework (WAF) is a software framework that is designed to support the development of web applications including web services, web resources, and web APIs. Web"
welding,Welding,4,materials-science,44883,https://en.wikipedia.org/?curid=44883,wd:Q131172,1,15,0,"Welding is a fabrication process that joins materials, usually metals or thermoplastics, primarily by using high temperatures to melt the parts together and allow them to cool, causing fusion. Common "
welfare-economics,Welfare economics,4,microeconomics,438566,https://en.wikipedia.org/?curid=438566,wd:Q851147,1,0,0,"Welfare economics is a field of economics that applies microeconomic techniques to evaluate the overall well-being (welfare) of a society.   
The principles of welfare economics are often used to info"
wet-chemistry,Wet chemistry,4,analytical-chemistry,5653017,https://en.wikipedia.org/?curid=5653017,wd:Q2963660,1,0,0,Wet chemistry is a form of analytical chemistry that uses classical methods such as observation to analyze materials. The term wet chemistry is used as most analytical work is done in the liquid phase
wikipedia,Wikipedia,4,publishing,5043734,https://en.wikipedia.org/?curid=5043734,wd:Q52,1,11,0,"Wikipedia is a free online encyclopedia written and maintained by a community of volunteers, known as Wikipedians, through open collaboration and the wiki software MediaWiki. Founded by Jimmy Wales an"
wildlife-conservation,Wildlife conservation,4,conservation-biology,1765998,https://en.wikipedia.org/?curid=1765998,wd:Q766328,1,36,0,"Wildlife conservation refers to the practice of protecting wild species and their habitats in order to maintain healthy wildlife species or populations and to restore, protect or enhance natural ecosy"
entities-in-wind-power,Wind power,4,wind-power,277289,https://en.wikipedia.org/?curid=277289,wd:Q43302,1,0,0,"Wind power is the use of wind energy to generate useful work. Historically, wind power was used by sails, windmills and windpumps, but today it is mostly used to generate electricity. This article dea"
topics-in-wind-power,Wind power,4,wind-power,277289,https://en.wikipedia.org/?curid=277289,wd:Q43302,0,1,0,
wind-turbine,Wind turbine,4,wind-power,20541773,https://en.wikipedia.org/?curid=20541773,wd:Q49833,1,8,0,"A wind turbine is a device that converts the kinetic energy of wind into electrical energy. As of 2024, hundreds of thousands of large turbines, in installations known as wind farms, were generating o"
wired-communication,Wired communication,4,telecommunications,16888524,https://en.wikipedia.org/?curid=16888524,wd:Q2901425,1,1,0,Wired communication refers to the transmission of data over a wire-based communication technology (telecommunication cables). Wired communication is also known as wireline communication.  Examples inc
wireless-communication,Wireless,4,telecommunications,185868,https://en.wikipedia.org/?curid=185868,wd:Q249,1,104,0,"Wireless communication (or just wireless, when the context allows) is the transfer of information (telecommunication) between two or more points without the use of an electrical conductor, optical fib"
wireless-sensor-networks,Wireless sensor network,4,telecommunications,1076662,https://en.wikipedia.org/?curid=1076662,wd:Q336038,1,9,0,Wireless sensor networks (WSNs) refer to networks of spatially dispersed and dedicated sensors that monitor and record the physical conditions of the environment and forward the collected data to a ce
womens-history,Women's history,4,fields-of-history,30864554,https://en.wikipedia.org/?curid=30864554,wd:Q1279400,1,0,0,Women's history is the study of the role that women have played in history and the methods required to do so. It includes the study of the history of the growth of women's rights throughout recorded h
world-economy,World economy,4,macroeconomics,227630,https://en.wikipedia.org/?curid=227630,wd:Q473750,1,0,0,"The world economy or global economy is the economy of all humans in the world, referring to the global economic system, which includes all economic activities conducted both within and between nations"
world-war,World war,4,warfare,142735,https://en.wikipedia.org/?curid=142735,wd:Q103495,1,18,0,"A world war is an international conflict that involves most or all of the world's major powers. Conventionally, the term is reserved for the two major international conflicts that occurred during the "
entities-in-zoology,Zoology,4,zoology,34413,https://en.wikipedia.org/?curid=34413,wd:Q431,1,0,0,"Zoology ( zoh-OL-ə-jee, UK also  zoo-) is the scientific study of animals. Its studies include the structure, embryology, classification, habits, and distribution of all animals, both living and extin"
topics-in-zoology,Zoology,4,zoology,34413,https://en.wikipedia.org/?curid=34413,wd:Q431,1,149,0,"Zoology ( zoh-OL-ə-jee, UK also  zoo-) is the scientific study of animals. Its studies include the structure, embryology, classification, habits, and distribution of all animals, both living and extin"
