wikidata_iri,name,depth,wikipedia_page_id,wikipedia_url
wd:Q1194763,2D computer graphics,4,35248,https://en.wikipedia.org/?curid=35248
wd:Q231218,Abiogenesis,4,19179706,https://en.wikipedia.org/?curid=19179706
wd:Q1987782,Abnormal psychology,4,238212,https://en.wikipedia.org/?curid=238212
wd:Q47280,Abrahamic religions,4,13906453,https://en.wikipedia.org/?curid=13906453
wd:Q159943,Abstract algebra,4,19616384,https://en.wikipedia.org/?curid=19616384
wd:Q11862829,Academic discipline,0,14924067,https://en.wikipedia.org/?curid=14924067
wd:Q228502,Access control,4,40684,https://en.wikipedia.org/?curid=40684
wd:Q4116214,Accounting,3,2593,https://en.wikipedia.org/?curid=2593
wd:Q859044,Acoustical engineering,3,299813,https://en.wikipedia.org/?curid=299813
wd:Q304618,Active transport,4,144602,https://en.wikipedia.org/?curid=144602
wd:Q3526722,Additive number theory,4,4460333,https://en.wikipedia.org/?curid=4460333
wd:Q171251,Administrative law,4,2560,https://en.wikipedia.org/?curid=2560
wd:Q1319035,Adult education,4,214737,https://en.wikipedia.org/?curid=214737
wd:Q381331,Aeroacoustics,4,2518272,https://en.wikipedia.org/?curid=2518272
wd:Q8424,Aerodynamics,4,2819,https://en.wikipedia.org/?curid=2819
wd:Q16360,Aeronomy,4,2138223,https://en.wikipedia.org/?curid=2138223
wd:Q3798668,Aerospace engineering,3,21732545,https://en.wikipedia.org/?curid=21732545
wd:Q936518,Aerospace manufacturer,4,79610,https://en.wikipedia.org/?curid=79610
wd:Q1143012,Aesthetic taste,4,1974810,https://en.wikipedia.org/?curid=1974810
wd:Q35986,Aesthetics,3,2130,https://en.wikipedia.org/?curid=2130
wd:Q382520,Affine geometry,4,243890,https://en.wikipedia.org/?curid=243890
wd:Q332154,Ageing,4,16413778,https://en.wikipedia.org/?curid=16413778
wd:Q396340,Agricultural economics,4,733141,https://en.wikipedia.org/?curid=733141
wd:Q3606845,Agricultural science,2,572,https://en.wikipedia.org/?curid=572
wd:Q11451,Agriculture,3,627,https://en.wikipedia.org/?curid=627
wd:Q396338,Agroecology,4,216211,https://en.wikipedia.org/?curid=216211
wd:Q173113,Agronomy,4,186725,https://en.wikipedia.org/?curid=186725
wd:Q173725,Air conditioning,4,7221088,https://en.wikipedia.org/?curid=7221088
wd:Q131123,Air pollution,4,10934212,https://en.wikipedia.org/?curid=10934212
wd:Q221395,Air traffic control,4,48563,https://en.wikipedia.org/?curid=48563
wd:Q4698540,Aircraft design process,4,29564581,https://en.wikipedia.org/?curid=29564581
wd:Q1464672,Algaculture,4,4174517,https://en.wikipedia.org/?curid=4174517
wd:Q3968,Algebra,3,18716923,https://en.wikipedia.org/?curid=18716923
wd:Q180969,Algebraic geometry,4,1997,https://en.wikipedia.org/?curid=1997
wd:Q1005222,Algebraic logic,4,7870034,https://en.wikipedia.org/?curid=7870034
wd:Q613048,Algebraic number theory,4,174705,https://en.wikipedia.org/?curid=174705
wd:Q4724018,Algebraic statistics,4,17314682,https://en.wikipedia.org/?curid=17314682
wd:Q212803,Algebraic topology,4,38801,https://en.wikipedia.org/?curid=38801
wd:Q8366,Algorithm,3,775,https://en.wikipedia.org/?curid=775
wd:Q623221,Algorithmic game theory,4,16334749,https://en.wikipedia.org/?curid=16334749
wd:Q1757543,Algorithmic information theory,4,2829647,https://en.wikipedia.org/?curid=2829647
wd:Q13636890,Algorithmics,4,99861,https://en.wikipedia.org/?curid=99861
wd:Q37756,Alloy,4,1187,https://en.wikipedia.org/?curid=1187
wd:Q1077952,Alternative fuel,4,626455,https://en.wikipedia.org/?curid=626455
wd:Q2328303,Analog signal processing,4,405746,https://en.wikipedia.org/?curid=405746
wd:Q174925,Analogue electronics,4,1665281,https://en.wikipedia.org/?curid=1665281
wd:Q333464,Analysis of algorithms,4,2230,https://en.wikipedia.org/?curid=2230
wd:Q10843274,Analytic number theory,4,251513,https://en.wikipedia.org/?curid=251513
wd:Q2346,Analytical chemistry,3,2408,https://en.wikipedia.org/?curid=2408
wd:Q6199,Anarchism,4,12,https://en.wikipedia.org/?curid=12
wd:Q514,Anatomy,3,674,https://en.wikipedia.org/?curid=674
wd:Q41493,Ancient history,3,51320,https://en.wikipedia.org/?curid=51320
wd:Q131130,Anesthesia,4,56561,https://en.wikipedia.org/?curid=56561
wd:Q615057,Anesthesiology,3,417068,https://en.wikipedia.org/?curid=417068
wd:Q539690,Angiology,3,2374165,https://en.wikipedia.org/?curid=2374165
wd:Q4764025,Angular momentum of light,4,33149847,https://en.wikipedia.org/?curid=33149847
wd:Q80962,Animal husbandry,3,219640,https://en.wikipedia.org/?curid=219640
wd:Q131214,Antenna (radio),4,187317,https://en.wikipedia.org/?curid=187317
wd:Q29407,Anthropological linguistics,4,320063,https://en.wikipedia.org/?curid=320063
wd:Q23404,Anthropology,2,569,https://en.wikipedia.org/?curid=569
wd:Q3618758,Anti-politics,4,45670539,https://en.wikipedia.org/?curid=45670539
wd:Q217302,Application-specific integrated circuit,4,147845,https://en.wikipedia.org/?curid=147845
wd:Q621607,Applied behavior analysis,4,1781075,https://en.wikipedia.org/?curid=1781075
wd:Q3296256,Applied economics,3,5944849,https://en.wikipedia.org/?curid=5944849
wd:Q538733,Applied ethics,4,988,https://en.wikipedia.org/?curid=988
wd:Q321249,Applied linguistics,3,406551,https://en.wikipedia.org/?curid=406551
wd:Q538904,Applied psychology,3,326313,https://en.wikipedia.org/?curid=326313
wd:Q774123,Approximation theory,4,1092713,https://en.wikipedia.org/?curid=1092713
wd:Q188989,Aquaculture,3,1634,https://en.wikipedia.org/?curid=1634
wd:Q127213,Arboriculture,4,289895,https://en.wikipedia.org/?curid=289895
wd:Q23498,Archaeology,3,18951655,https://en.wikipedia.org/?curid=18951655
wd:Q2305951,Architectural acoustics,4,1028926,https://en.wikipedia.org/?curid=1028926
wd:Q4787046,Architectural design values,4,17102646,https://en.wikipedia.org/?curid=17102646
wd:Q150737,Architectural engineering,3,19278728,https://en.wikipedia.org/?curid=19278728
wd:Q32880,Architectural style,3,44331442,https://en.wikipedia.org/?curid=44331442
wd:Q47537,Architectural theory,3,3704899,https://en.wikipedia.org/?curid=3704899
wd:Q12271,Architecture,2,21296224,https://en.wikipedia.org/?curid=21296224
wd:Q635319,Architecture criticism,4,18364057,https://en.wikipedia.org/?curid=18364057
wd:Q11205,Arithmetic,3,3118,https://en.wikipedia.org/?curid=3118
wd:Q735,Art,2,752,https://en.wikipedia.org/?curid=752
wd:Q50637,Art history,4,21207536,https://en.wikipedia.org/?curid=21207536
wd:Q3520855,Arthropodology,4,19922061,https://en.wikipedia.org/?curid=19922061
wd:Q2264109,Artificial general intelligence,4,586357,https://en.wikipedia.org/?curid=586357
wd:Q11660,Artificial intelligence,3,1164,https://en.wikipedia.org/?curid=1164
wd:Q192776,Artificial neural network,4,21523,https://en.wikipedia.org/?curid=21523
wd:Q873442,Asset management,4,6570919,https://en.wikipedia.org/?curid=6570919
wd:Q411,Astrobiology,3,2787,https://en.wikipedia.org/?curid=2787
wd:Q11680018,Astrochemistry,3,71268,https://en.wikipedia.org/?curid=71268
wd:Q181505,Astrometry,4,1181,https://en.wikipedia.org/?curid=1181
wd:Q333,Astronomy,2,50650,https://en.wikipedia.org/?curid=50650
wd:Q280855,Astrophotography,3,143115,https://en.wikipedia.org/?curid=143115
wd:Q987046,Astrophysical plasma,4,2254029,https://en.wikipedia.org/?curid=2254029
wd:Q37547,Astrophysics,3,361897,https://en.wikipedia.org/?curid=361897
wd:Q8104,Atmosphere,4,202899,https://en.wikipedia.org/?curid=202899
wd:Q287919,Atmospheric chemistry,4,706999,https://en.wikipedia.org/?curid=706999
wd:Q4817113,Atmospheric methane,4,23092516,https://en.wikipedia.org/?curid=23092516
wd:Q1367365,Atmospheric optics,4,28779877,https://en.wikipedia.org/?curid=28779877
wd:Q5334416,Atmospheric physics,4,801420,https://en.wikipedia.org/?curid=801420
wd:Q757520,Atmospheric science,3,164633,https://en.wikipedia.org/?curid=164633
wd:Q26383,Atomic physics,3,1200,https://en.wikipedia.org/?curid=1200
wd:Q295287,Attention economy,4,3260249,https://en.wikipedia.org/?curid=3260249
wd:Q128124,Audio engineer,4,21189305,https://en.wikipedia.org/?curid=21189305
wd:Q2719318,Audio signal processing,4,2322,https://en.wikipedia.org/?curid=2322
wd:Q181487,Audit,4,224700,https://en.wikipedia.org/?curid=224700
wd:Q203411,Austrian school of economics,4,1030,https://en.wikipedia.org/?curid=1030
wd:Q212108,Authentication,4,47967,https://en.wikipedia.org/?curid=47967
wd:Q6229,Authoritarianism,4,21347657,https://en.wikipedia.org/?curid=21347657
wd:Q174834,Authority,4,170653,https://en.wikipedia.org/?curid=170653
wd:Q214526,Automata theory,4,103356,https://en.wikipedia.org/?curid=103356
wd:Q2631895,Automated planning and scheduling,4,1505641,https://en.wikipedia.org/?curid=1505641
wd:Q431667,Automated theorem proving,4,2546,https://en.wikipedia.org/?curid=2546
wd:Q124192,Automotive engineering,3,351882,https://en.wikipedia.org/?curid=351882
wd:Q2916098,Autonomous robot,4,48049,https://en.wikipedia.org/?curid=48049
wd:Q765633,Aviation,4,58422,https://en.wikipedia.org/?curid=58422
wd:Q640853,Aviation safety,4,682931,https://en.wikipedia.org/?curid=682931
wd:Q243748,Bacteriology,4,58475,https://en.wikipedia.org/?curid=58475
wd:Q184631,Ballistics,4,212094,https://en.wikipedia.org/?curid=212094
wd:Q4867047,Basic science (psychology),3,22403616,https://en.wikipedia.org/?curid=22403616
wd:Q812535,Bayesian inference,4,49571,https://en.wikipedia.org/?curid=49571
wd:Q812534,Bayesian probability,4,4890,https://en.wikipedia.org/?curid=4890
wd:Q4874481,Bayesian statistics,4,404412,https://en.wikipedia.org/?curid=404412
wd:Q7242,Beauty,4,4431,https://en.wikipedia.org/?curid=4431
wd:Q176353,Beekeeping,4,322091,https://en.wikipedia.org/?curid=322091
wd:Q647525,Behavioral economics,4,177698,https://en.wikipedia.org/?curid=177698
wd:Q846566,Behavioral neuroscience,4,605477,https://en.wikipedia.org/?curid=605477
wd:Q168338,Behaviorism,4,540801,https://en.wikipedia.org/?curid=540801
wd:Q1204375,Behavioural genetics,4,24235330,https://en.wikipedia.org/?curid=24235330
wd:Q34394,Belief,4,102883,https://en.wikipedia.org/?curid=102883
wd:Q815821,Belle experiment,4,2832569,https://en.wikipedia.org/?curid=2832569
wd:Q2487696,Biochemical engineering,4,616670,https://en.wikipedia.org/?curid=616670
wd:Q7094,Biochemistry,3,3954,https://en.wikipedia.org/?curid=3954
wd:Q47041,Biodiversity,4,45086,https://en.wikipedia.org/?curid=45086
wd:Q52106,Biogeography,4,99358,https://en.wikipedia.org/?curid=99358
wd:Q128570,Bioinformatics,4,4214,https://en.wikipedia.org/?curid=4214
wd:Q803925,Bioinorganic chemistry,4,1131060,https://en.wikipedia.org/?curid=1131060
wd:Q27172,Biological anthropology,3,24232,https://en.wikipedia.org/?curid=24232
wd:Q580689,Biological engineering,2,6074674,https://en.wikipedia.org/?curid=6074674
wd:Q864360,Biological hazard,3,77060,https://en.wikipedia.org/?curid=77060
wd:Q1587185,Biological membrane,4,4817,https://en.wikipedia.org/?curid=4817
wd:Q18378619,Biological oceanography,4,6456388,https://en.wikipedia.org/?curid=6456388
wd:Q864858,Biological systems engineering,3,9579270,https://en.wikipedia.org/?curid=9579270
wd:Q420,Biology,2,9127632,https://en.wikipedia.org/?curid=9127632
wd:Q865663,Biomaterial,4,6259941,https://en.wikipedia.org/?curid=6259941
wd:Q4915094,Biomechanical engineering,3,14063216,https://en.wikipedia.org/?curid=14063216
wd:Q193378,Biomechanics,4,105355,https://en.wikipedia.org/?curid=105355
wd:Q327092,Biomedical engineering,3,4827,https://en.wikipedia.org/?curid=4827
wd:Q1145644,Biomimetics,4,45784,https://en.wikipedia.org/?curid=45784
wd:Q4915151,Biomolecular engineering,4,11344743,https://en.wikipedia.org/?curid=11344743
wd:Q189131,Bionics,4,946929,https://en.wikipedia.org/?curid=946929
wd:Q864640,Bioorganic chemistry,4,6761001,https://en.wikipedia.org/?curid=6761001
wd:Q864661,Biophysical chemistry,4,24568072,https://en.wikipedia.org/?curid=24568072
wd:Q7100,Biophysics,3,54000,https://en.wikipedia.org/?curid=54000
wd:Q864734,Bioprocess engineering,3,9580771,https://en.wikipedia.org/?curid=9580771
wd:Q3657270,Biorobotics,4,1006293,https://en.wikipedia.org/?curid=1006293
wd:Q42762,Biosphere,4,4816,https://en.wikipedia.org/?curid=4816
wd:Q7108,Biotechnology,3,4502,https://en.wikipedia.org/?curid=4502
wd:Q869010,Blended learning,4,584757,https://en.wikipedia.org/?curid=584757
wd:Q20514253,Blockchain,4,44065971,https://en.wikipedia.org/?curid=44065971
wd:Q7873,Blood,4,3997,https://en.wikipedia.org/?curid=3997
wd:Q173183,Boolean algebra,4,54476844,https://en.wikipedia.org/?curid=54476844
wd:Q11761,Bronze Age,4,4620,https://en.wikipedia.org/?curid=4620
wd:Q994776,Brutalist architecture,4,424948,https://en.wikipedia.org/?curid=424948
wd:Q206615,Building material,4,464779,https://en.wikipedia.org/?curid=464779
wd:Q4830453,Business,2,39206,https://en.wikipedia.org/?curid=39206
wd:Q2043282,Business administration,3,58886,https://en.wikipedia.org/?curid=58886
wd:Q4115749,Business communication,3,2392115,https://en.wikipedia.org/?curid=2392115
wd:Q7007379,Business process management,4,22860272,https://en.wikipedia.org/?curid=22860272
wd:Q149972,Calculus,4,5176,https://en.wikipedia.org/?curid=5176
wd:Q634314,Calorimetry,4,7522,https://en.wikipedia.org/?curid=7522
wd:Q12078,Cancer,4,105219,https://en.wikipedia.org/?curid=105219
wd:Q11358,Carbohydrate,4,5932,https://en.wikipedia.org/?curid=5932
wd:Q134856,Carboxylic acid,4,6099,https://en.wikipedia.org/?curid=6099
wd:Q142714,Card game,4,5360,https://en.wikipedia.org/?curid=5360
wd:Q5038319,Cardiac imaging,4,32154817,https://en.wikipedia.org/?curid=32154817
wd:Q10379,Cardiology,3,5421,https://en.wikipedia.org/?curid=5421
wd:Q389735,Cardiovascular disease,4,512662,https://en.wikipedia.org/?curid=512662
wd:Q42515,Cartography,4,7294,https://en.wikipedia.org/?curid=7294
wd:Q496098,Casting,4,21501000,https://en.wikipedia.org/?curid=21501000
wd:Q82264,Catalysis,4,5914,https://en.wikipedia.org/?curid=5914
wd:Q5051813,Categorical logic,4,1063799,https://en.wikipedia.org/?curid=1063799
wd:Q217413,Category theory,4,5869,https://en.wikipedia.org/?curid=5869
wd:Q179289,Causality,4,37196,https://en.wikipedia.org/?curid=37196
wd:Q184274,Celestial mechanics,4,102182,https://en.wikipedia.org/?curid=102182
wd:Q7868,Cell (biology),4,4230,https://en.wikipedia.org/?curid=4230
wd:Q7141,Cell biology,3,6339,https://en.wikipedia.org/?curid=6339
wd:Q188941,Cell cycle,4,7252,https://en.wikipedia.org/?curid=7252
wd:Q2383867,Cell death,4,1067082,https://en.wikipedia.org/?curid=1067082
wd:Q189159,Cell growth,4,564779,https://en.wikipedia.org/?curid=564779
wd:Q3087369,Cell physiology,4,6227883,https://en.wikipedia.org/?curid=6227883
wd:Q210973,Cell signaling,4,4109042,https://en.wikipedia.org/?curid=4109042
wd:Q189156,Cellular automaton,4,54342,https://en.wikipedia.org/?curid=54342
wd:Q535695,Cellular network,4,735672,https://en.wikipedia.org/?curid=735672
wd:Q5058372,Cellular neuroscience,4,20848680,https://en.wikipedia.org/?curid=20848680
wd:Q543,Censorship,4,17253537,https://en.wikipedia.org/?curid=17253537
wd:Q1967135,Centrifugation,4,286021,https://en.wikipedia.org/?curid=286021
wd:Q5063652,Ceramic chemistry,4,18555533,https://en.wikipedia.org/?curid=18555533
wd:Q1936199,Ceramic engineering,4,4480666,https://en.wikipedia.org/?curid=4480666
wd:Q116348,Change management,4,14599027,https://en.wikipedia.org/?curid=14599027
wd:Q870845,Channel capacity,4,231204,https://en.wikipedia.org/?curid=231204
wd:Q166314,Chaos theory,4,6295,https://en.wikipedia.org/?curid=6295
wd:Q184759,Character encoding,4,5295,https://en.wikipedia.org/?curid=5295
wd:Q1062971,Characteristic equation (calculus),4,31050469,https://en.wikipedia.org/?curid=31050469
wd:Q2165586,Characterization (materials science),4,4932763,https://en.wikipedia.org/?curid=4932763
wd:Q870780,Chatbot,4,148349,https://en.wikipedia.org/?curid=148349
wd:Q584829,Chemical clock,4,2908847,https://en.wikipedia.org/?curid=2908847
wd:Q83588,Chemical engineering,2,6038,https://en.wikipedia.org/?curid=6038
wd:Q209082,Chemical kinetics,4,359135,https://en.wikipedia.org/?curid=359135
wd:Q2001702,Chemical physics,4,733929,https://en.wikipedia.org/?curid=733929
wd:Q36534,Chemical reaction,3,6271,https://en.wikipedia.org/?curid=6271
wd:Q2667887,Chemical reaction engineering,3,25034192,https://en.wikipedia.org/?curid=25034192
wd:Q557573,Chemical reactor,4,1162781,https://en.wikipedia.org/?curid=1162781
wd:Q79529,Chemical substance,4,9722260,https://en.wikipedia.org/?curid=9722260
wd:Q273499,Chemical synthesis,4,85029,https://en.wikipedia.org/?curid=85029
wd:Q739016,Chemical thermodynamics,4,5936,https://en.wikipedia.org/?curid=5936
wd:Q2931725,Chemiluminescence,4,291436,https://en.wikipedia.org/?curid=291436
wd:Q2329,Chemistry,2,5180,https://en.wikipedia.org/?curid=5180
wd:Q170050,Chromatography,4,6329,https://en.wikipedia.org/?curid=6329
wd:Q37748,Chromosome,4,6438,https://en.wikipedia.org/?curid=6438
wd:Q506874,Chronobiology,3,56566,https://en.wikipedia.org/?curid=56566
wd:Q5121567,Circuit (computer science),4,27753031,https://en.wikipedia.org/?curid=27753031
wd:Q11068,Circulatory system,4,57330,https://en.wikipedia.org/?curid=57330
wd:Q1713,Citation,4,97585,https://en.wikipedia.org/?curid=97585
wd:Q77590,Civil engineering,2,5762,https://en.wikipedia.org/?curid=5762
wd:Q5950118,Civil law (legal system),4,1048798,https://en.wikipedia.org/?curid=1048798
wd:Q486761,Classical antiquity,3,252905,https://en.wikipedia.org/?curid=252905
wd:Q908596,Classical definition of probability,4,917778,https://en.wikipedia.org/?curid=917778
wd:Q271857,Classical economics,4,227141,https://en.wikipedia.org/?curid=227141
wd:Q54881,Classical genetics,4,38203371,https://en.wikipedia.org/?curid=38203371
wd:Q236975,Classical logic,3,55868,https://en.wikipedia.org/?curid=55868
wd:Q11397,Classical mechanics,4,19555586,https://en.wikipedia.org/?curid=19555586
wd:Q912270,Click chemistry,4,1850601,https://en.wikipedia.org/?curid=1850601
wd:Q146813,Client–server model,4,6513,https://en.wikipedia.org/?curid=6513
wd:Q7937,Climate,3,5999,https://en.wikipedia.org/?curid=5999
wd:Q125928,Climate change,4,5042951,https://en.wikipedia.org/?curid=5042951
wd:Q1931364,Climate change denial,4,12474403,https://en.wikipedia.org/?curid=12474403
wd:Q898653,Climate change mitigation,4,2119179,https://en.wikipedia.org/?curid=2119179
wd:Q1724625,Climate of the United States,4,14831788,https://en.wikipedia.org/?curid=14831788
wd:Q52139,Climatology,4,142440,https://en.wikipedia.org/?curid=142440
wd:Q849994,Clinical chemistry,4,65622,https://en.wikipedia.org/?curid=65622
wd:Q3275615,Clinical engineering,4,4593785,https://en.wikipedia.org/?curid=4593785
wd:Q199906,Clinical psychology,4,492271,https://en.wikipedia.org/?curid=492271
wd:Q483639,Cloud computing,3,19541494,https://en.wikipedia.org/?curid=19541494
wd:Q2499178,Cloud database,4,33354721,https://en.wikipedia.org/?curid=33354721
wd:Q1797362,Coastal engineering,4,15588021,https://en.wikipedia.org/?curid=15588021
wd:Q1421309,Coastal geography,4,2160676,https://en.wikipedia.org/?curid=2160676
wd:Q602136,Coding theory,4,321869,https://en.wikipedia.org/?curid=321869
wd:Q508969,Cognitive linguistics,4,72711,https://en.wikipedia.org/?curid=72711
wd:Q1138951,Cognitive neuroscience,4,50326,https://en.wikipedia.org/?curid=50326
wd:Q23373,Cognitive psychology,4,5961,https://en.wikipedia.org/?curid=5961
wd:Q23382,Cognitivism (psychology),4,313565,https://en.wikipedia.org/?curid=313565
wd:Q2349659,Collaborative learning,4,665948,https://en.wikipedia.org/?curid=665948
wd:Q432197,Collective intelligence,4,20756850,https://en.wikipedia.org/?curid=20756850
wd:Q238053,Collision,4,40898,https://en.wikipedia.org/?curid=40898
wd:Q1333872,Combinatorial optimization,4,420555,https://en.wikipedia.org/?curid=420555
wd:Q76592,Combinatorics,4,5170,https://en.wikipedia.org/?curid=5170
wd:Q133235,Combustion,4,5638,https://en.wikipedia.org/?curid=5638
wd:Q9640723,Commercial aviation,4,164468,https://en.wikipedia.org/?curid=164468
wd:Q30216,Common law,4,5254,https://en.wikipedia.org/?curid=5254
wd:Q132364,Communication protocol,4,28030850,https://en.wikipedia.org/?curid=28030850
wd:Q11680831,Communication studies,2,489145,https://en.wikipedia.org/?curid=489145
wd:Q4120586,Communications management,4,297914,https://en.wikipedia.org/?curid=297914
wd:Q149918,Communications satellite,4,45207,https://en.wikipedia.org/?curid=45207
wd:Q6186,Communism,4,9209651,https://en.wikipedia.org/?curid=9209651
wd:Q324530,Communitarianism,4,43375,https://en.wikipedia.org/?curid=43375
wd:Q1500547,Community psychology,4,661270,https://en.wikipedia.org/?curid=661270
wd:Q843900,Comparative anatomy,4,265447,https://en.wikipedia.org/?curid=265447
wd:Q3543374,Comparative economic systems,4,4849238,https://en.wikipedia.org/?curid=4849238
wd:Q5155640,Comparative historical research,4,13433884,https://en.wikipedia.org/?curid=13433884
wd:Q741338,Comparative law,3,7378,https://en.wikipedia.org/?curid=7378
wd:Q5155643,Comparative physiology,4,9435784,https://en.wikipedia.org/?curid=9435784
wd:Q32492,Comparative politics,4,1414677,https://en.wikipedia.org/?curid=1414677
wd:Q1483503,Comparative psychology,4,380406,https://en.wikipedia.org/?curid=380406
wd:Q1075827,Comparative religion,4,186861,https://en.wikipedia.org/?curid=186861
wd:Q476300,Competition,4,181592,https://en.wikipedia.org/?curid=181592
wd:Q47506,Compiler,4,5739,https://en.wikipedia.org/?curid=5739
wd:Q193756,Complex analysis,4,5759,https://en.wikipedia.org/?curid=5759
wd:Q2137810,Complex geometry,4,186101,https://en.wikipedia.org/?curid=186101
wd:Q854457,Complex system,4,37438,https://en.wikipedia.org/?curid=37438
wd:Q5156697,Component engineering,3,21037206,https://en.wikipedia.org/?curid=21037206
wd:Q609588,Component-based software engineering,4,2816674,https://en.wikipedia.org/?curid=2816674
wd:Q181790,Composite material,4,157616,https://en.wikipedia.org/?curid=157616
wd:Q2665459,Compressed sensing,4,11403316,https://en.wikipedia.org/?curid=11403316
wd:Q5157263,Computability logic,4,616985,https://en.wikipedia.org/?curid=616985
wd:Q818930,Computability theory,4,155414,https://en.wikipedia.org/?curid=155414
wd:Q5157302,Computational astrophysics,4,34240222,https://en.wikipedia.org/?curid=34240222
wd:Q369472,Computational chemistry,3,6019,https://en.wikipedia.org/?curid=6019
wd:Q205084,Computational complexity theory,4,7543,https://en.wikipedia.org/?curid=7543
wd:Q3610415,Computational economics,4,1420447,https://en.wikipedia.org/?curid=1420447
wd:Q5157313,Computational electromagnetics,4,3849994,https://en.wikipedia.org/?curid=3849994
wd:Q874709,Computational geometry,4,176927,https://en.wikipedia.org/?curid=176927
wd:Q182557,Computational linguistics,4,5561,https://en.wikipedia.org/?curid=5561
wd:Q919765,Computational mechanics,4,5205878,https://en.wikipedia.org/?curid=5205878
wd:Q8037925,Computational neuroscience,4,271430,https://en.wikipedia.org/?curid=271430
wd:Q2646614,Computational number theory,4,511466,https://en.wikipedia.org/?curid=511466
wd:Q909554,Computational physics,3,106418,https://en.wikipedia.org/?curid=106418
wd:Q905036,Computational sociology,4,984692,https://en.wikipedia.org/?curid=984692
wd:Q5157340,Computational statistics,3,15832717,https://en.wikipedia.org/?curid=15832717
wd:Q30672538,Computational thermodynamics,4,53713224,https://en.wikipedia.org/?curid=53713224
wd:Q5157342,Computational thinking,4,19850468,https://en.wikipedia.org/?curid=19850468
wd:Q1401416,Computer animation,4,6777,https://en.wikipedia.org/?curid=6777
wd:Q173212,Computer architecture,3,25652303,https://en.wikipedia.org/?curid=25652303
wd:Q66221,Computer data storage,3,5300,https://en.wikipedia.org/?curid=5300
wd:Q428691,Computer engineering,2,50408,https://en.wikipedia.org/?curid=50408
wd:Q150971,Computer graphics (computer science),3,18567168,https://en.wikipedia.org/?curid=18567168
wd:Q3966,Computer hardware,3,21808348,https://en.wikipedia.org/?curid=21808348
wd:Q1301371,Computer network,3,4122592,https://en.wikipedia.org/?curid=4122592
wd:Q80006,Computer programming,3,5311,https://en.wikipedia.org/?curid=5311
wd:Q3510521,Computer security,3,7398,https://en.wikipedia.org/?curid=7398
wd:Q844240,Computer vision,4,6596,https://en.wikipedia.org/?curid=6596
wd:Q796573,Computer-mediated communication,3,320498,https://en.wikipedia.org/?curid=320498
wd:Q285927,Concentrated solar power,4,17805223,https://en.wikipedia.org/?curid=17805223
wd:Q3686031,Concentration,4,7512,https://en.wikipedia.org/?curid=7512
wd:Q22657,Concrete,4,5371,https://en.wikipedia.org/?curid=5371
wd:Q128392,Concurrent computing,4,2581605,https://en.wikipedia.org/?curid=2581605
wd:Q910058,Condensation reaction,4,172825,https://en.wikipedia.org/?curid=172825
wd:Q214781,Condensed matter physics,3,5387,https://en.wikipedia.org/?curid=5387
wd:Q1640893,Conflict management,4,1767727,https://en.wikipedia.org/?curid=1767727
wd:Q1412640,Conflict theories,4,266956,https://en.wikipedia.org/?curid=266956
wd:Q25615,Connective tissue,4,228845,https://en.wikipedia.org/?curid=228845
wd:Q641498,Conservation biology,3,216216,https://en.wikipedia.org/?curid=216216
wd:Q7169,Conservatism,4,6675,https://en.wikipedia.org/?curid=6675
wd:Q1489796,Constitutional economics,4,28240525,https://en.wikipedia.org/?curid=28240525
wd:Q2674423,Construction engineering,3,50705,https://en.wikipedia.org/?curid=50705
wd:Q301468,Consumer behaviour,4,754957,https://en.wikipedia.org/?curid=754957
wd:Q581105,Consumer electronics,4,189768,https://en.wikipedia.org/?curid=189768
wd:Q186075,Contemporary history,4,10689543,https://en.wikipedia.org/?curid=10689543
wd:Q4501235,Content repository,4,18877735,https://en.wikipedia.org/?curid=18877735
wd:Q5165499,Continuous optimization,4,420577,https://en.wikipedia.org/?curid=420577
wd:Q193463,Continuum mechanics,4,5918,https://en.wikipedia.org/?curid=5918
wd:Q760102,Contract research organization,3,1984610,https://en.wikipedia.org/?curid=1984610
wd:Q1918846,Contract theory,4,296775,https://en.wikipedia.org/?curid=296775
wd:Q4917288,Control engineering,3,7011,https://en.wikipedia.org/?curid=7011
wd:Q959968,Control system,4,275473,https://en.wikipedia.org/?curid=275473
wd:Q6501221,Control theory,4,7039,https://en.wikipedia.org/?curid=7039
wd:Q1783542,Convex geometry,4,4165882,https://en.wikipedia.org/?curid=4165882
wd:Q577998,Conveyor system,4,13215001,https://en.wikipedia.org/?curid=13215001
wd:Q38695,Cooking,4,5355,https://en.wikipedia.org/?curid=5355
wd:Q238156,Coordination complex,4,7304,https://en.wikipedia.org/?curid=7304
wd:Q1297822,Copyright,4,5278,https://en.wikipedia.org/?curid=5278
wd:Q1134763,Corporate finance,4,34742901,https://en.wikipedia.org/?curid=34742901
wd:Q192886,Corporatism,4,27619138,https://en.wikipedia.org/?curid=27619138
wd:Q186290,Correlation,4,157057,https://en.wikipedia.org/?curid=157057
wd:Q366,Corruption,4,3608404,https://en.wikipedia.org/?curid=3608404
wd:Q131207,Cosmetics,4,158015,https://en.wikipedia.org/?curid=158015
wd:Q12166572,Counseling psychology,4,505326,https://en.wikipedia.org/?curid=505326
wd:Q5176731,Count data,4,15690807,https://en.wikipedia.org/?curid=15690807
wd:Q130352,Creationism,4,5326,https://en.wikipedia.org/?curid=5326
wd:Q170658,Creativity,4,142910,https://en.wikipedia.org/?curid=142910
wd:Q1964968,Criminal investigation,4,5236980,https://en.wikipedia.org/?curid=5236980
wd:Q146491,Criminal law,4,21351321,https://en.wikipedia.org/?curid=21351321
wd:Q146071,Criminal procedure,4,37297,https://en.wikipedia.org/?curid=37297
wd:Q1141276,Crisis management,4,348268,https://en.wikipedia.org/?curid=348268
wd:Q900634,Critical phenomena,4,376800,https://en.wikipedia.org/?curid=376800
wd:Q1640336,Critical psychology,4,7801,https://en.wikipedia.org/?curid=7801
wd:Q5186773,Critical systems thinking,4,17740455,https://en.wikipedia.org/?curid=17740455
wd:Q301751,Critical theory,4,42736966,https://en.wikipedia.org/?curid=42736966
wd:Q843894,Critical thinking,4,276872,https://en.wikipedia.org/?curid=276872
wd:Q2084504,Cross-cultural psychology,4,11507939,https://en.wikipedia.org/?curid=11507939
wd:Q541014,Cross-validation (statistics),4,416612,https://en.wikipedia.org/?curid=416612
wd:Q4118971,Cryochemistry,4,8769764,https://en.wikipedia.org/?curid=8769764
wd:Q192116,Cryogenics,4,7176,https://en.wikipedia.org/?curid=7176
wd:Q897511,Cryptanalysis,4,5715,https://en.wikipedia.org/?curid=5715
wd:Q8789,Cryptography,4,18934432,https://en.wikipedia.org/?curid=18934432
wd:Q5191408,Crystal engineering,4,5340351,https://en.wikipedia.org/?curid=5340351
wd:Q160398,Crystallography,4,7794,https://en.wikipedia.org/?curid=7794
wd:Q28598,Cultural anthropology,3,5388,https://en.wikipedia.org/?curid=5388
wd:Q1041282,Cultural economics,4,11359053,https://en.wikipedia.org/?curid=11359053
wd:Q168891,Cultural geography,4,2678329,https://en.wikipedia.org/?curid=2678329
wd:Q858517,Cultural history,4,424789,https://en.wikipedia.org/?curid=424789
wd:Q1378247,Cultural psychology,4,2700105,https://en.wikipedia.org/?curid=2700105
wd:Q11042,Culture,4,19159508,https://en.wikipedia.org/?curid=19159508
wd:Q485643,Customer relationship management,4,6968,https://en.wikipedia.org/?curid=6968
wd:Q123637,Cybernetics,4,20786042,https://en.wikipedia.org/?curid=20786042
wd:Q154626,Cytoskeleton,4,156970,https://en.wikipedia.org/?curid=156970
wd:Q7430,DNA,4,7955,https://en.wikipedia.org/?curid=7955
wd:Q14096331,Dairy farming,4,449934,https://en.wikipedia.org/?curid=449934
wd:Q11639,Dance,4,7885,https://en.wikipedia.org/?curid=7885
wd:Q494756,Data (computer science),4,2234333,https://en.wikipedia.org/?curid=2234333
wd:Q1988917,Data analysis,3,2720954,https://en.wikipedia.org/?curid=2720954
wd:Q4929239,Data collection,3,11501746,https://en.wikipedia.org/?curid=11501746
wd:Q389772,Data communication,4,42168,https://en.wikipedia.org/?curid=42168
wd:Q2493,Data compression,4,8013,https://en.wikipedia.org/?curid=8013
wd:Q1172338,Data exchange,4,10231058,https://en.wikipedia.org/?curid=10231058
wd:Q1149776,Data management,4,759312,https://en.wikipedia.org/?curid=759312
wd:Q2374463,Data science,3,35458904,https://en.wikipedia.org/?curid=35458904
wd:Q175263,Data structure,4,8519,https://en.wikipedia.org/?curid=8519
wd:Q193351,Data warehouse,4,7990,https://en.wikipedia.org/?curid=7990
wd:Q8513,Database,3,8377,https://en.wikipedia.org/?curid=8377
wd:Q845566,Debugging,4,24998792,https://en.wikipedia.org/?curid=24998792
wd:Q15197274,Decarbonylation,4,28123482,https://en.wikipedia.org/?curid=28123482
wd:Q177571,Decision theory,4,446216,https://en.wikipedia.org/?curid=446216
wd:Q16766476,Decision tree learning,4,577003,https://en.wikipedia.org/?curid=577003
wd:Q111165739,Definitions of philosophy,4,70061189,https://en.wikipedia.org/?curid=70061189
wd:Q2672013,Deformation (engineering),4,237876,https://en.wikipedia.org/?curid=237876
wd:Q7174,Democracy,4,7959,https://en.wikipedia.org/?curid=7959
wd:Q3044431,Demographic economics,4,20226904,https://en.wikipedia.org/?curid=20226904
wd:Q37732,Demography,4,45642,https://en.wikipedia.org/?curid=45642
wd:Q80205,Dendrochronology,4,37800,https://en.wikipedia.org/?curid=37800
wd:Q17088227,Density estimation,4,554671,https://en.wikipedia.org/?curid=554671
wd:Q12128,Dentistry,3,8005,https://en.wikipedia.org/?curid=8005
wd:Q2689057,Dependability,4,661384,https://en.wikipedia.org/?curid=661384
wd:Q171171,Dermatology,3,74553,https://en.wikipedia.org/?curid=74553
wd:Q387196,Description logic,4,183503,https://en.wikipedia.org/?curid=183503
wd:Q380344,Descriptive statistics,3,8187,https://en.wikipedia.org/?curid=8187
wd:Q183481,Desertification,4,8104,https://en.wikipedia.org/?curid=8104
wd:Q1064289,Design management,4,3555307,https://en.wikipedia.org/?curid=3555307
wd:Q2334061,Design of experiments,4,9541,https://en.wikipedia.org/?curid=9541
wd:Q120811,Detection theory,4,1156527,https://en.wikipedia.org/?curid=1156527
wd:Q131133,Determinism,4,47922,https://en.wikipedia.org/?curid=47922
wd:Q1127188,Development economics,4,210183,https://en.wikipedia.org/?curid=210183
wd:Q1503175,Development geography,4,2149045,https://en.wikipedia.org/?curid=2149045
wd:Q1345738,Development of the nervous system,4,189701,https://en.wikipedia.org/?curid=189701
wd:Q651571,Development studies,4,1105116,https://en.wikipedia.org/?curid=1105116
wd:Q213713,Developmental biology,3,8449,https://en.wikipedia.org/?curid=8449
wd:Q175002,Developmental psychology,4,9014,https://en.wikipedia.org/?curid=9014
wd:Q5266983,Deviant logic,4,4135768,https://en.wikipedia.org/?curid=4135768
wd:Q2997772,Differential algebra,4,1816587,https://en.wikipedia.org/?curid=1816587
wd:Q11214,Differential equation,4,1424309,https://en.wikipedia.org/?curid=1424309
wd:Q188444,Differential geometry,4,8625,https://en.wikipedia.org/?curid=8625
wd:Q1224394,Differential psychology,4,15447,https://en.wikipedia.org/?curid=15447
wd:Q1224402,Differential topology,4,8562,https://en.wikipedia.org/?curid=8562
wd:Q3296857,Differentiation of trigonometric functions,4,13146531,https://en.wikipedia.org/?curid=13146531
wd:Q173156,Digital electronics,4,39068,https://en.wikipedia.org/?curid=39068
wd:Q1070689,Digital image processing,4,97922,https://en.wikipedia.org/?curid=97922
wd:Q1076968,Digital media,4,53723,https://en.wikipedia.org/?curid=53723
wd:Q173142,Digital signal processing,4,8525,https://en.wikipedia.org/?curid=8525
wd:Q16000077,Dimensionality reduction,4,579867,https://en.wikipedia.org/?curid=579867
wd:Q5280349,Direct instruction,4,10518721,https://en.wikipedia.org/?curid=10518721
wd:Q3497519,Directional statistics,3,1444970,https://en.wikipedia.org/?curid=1444970
wd:Q20968946,Discrete calculus,4,61660335,https://en.wikipedia.org/?curid=61660335
wd:Q958922,Discrete differential geometry,4,17700015,https://en.wikipedia.org/?curid=17700015
wd:Q906377,Discrete geometry,4,386468,https://en.wikipedia.org/?curid=386468
wd:Q121416,Discrete mathematics,3,8492,https://en.wikipedia.org/?curid=8492
wd:Q1493786,Discrete optimization,4,420567,https://en.wikipedia.org/?curid=420567
wd:Q180634,Distributed computing,4,8501,https://en.wikipedia.org/?curid=8501
wd:Q989016,Distributed database,4,41054,https://en.wikipedia.org/?curid=41054
wd:Q867147,Distribution (marketing),4,239863,https://en.wikipedia.org/?curid=239863
wd:Q865811,Distribution (mathematics),4,51955,https://en.wikipedia.org/?curid=51955
wd:Q1960635,Divine Proportions: Rational Trigonometry to Universal Geometry,4,2696396,https://en.wikipedia.org/?curid=2696396
wd:Q1235236,Document-oriented database,4,15002414,https://en.wikipedia.org/?curid=15002414
wd:Q25372,Drama,4,20913753,https://en.wikipedia.org/?curid=20913753
wd:Q93184,Drawing,4,8544,https://en.wikipedia.org/?curid=8544
wd:Q5307646,Drilling engineering,4,6710843,https://en.wikipedia.org/?curid=6710843
wd:Q2198549,Drug development,4,3218783,https://en.wikipedia.org/?curid=3218783
wd:Q1418791,Drug discovery,4,571274,https://en.wikipedia.org/?curid=571274
wd:Q104841357,Dynamic semantics,4,24202081,https://en.wikipedia.org/?curid=24202081
wd:Q128030,Dynamics (mechanics),4,226020,https://en.wikipedia.org/?curid=226020
wd:Q202763,Early Middle Ages,4,532476,https://en.wikipedia.org/?curid=532476
wd:Q1472221,Early childhood education,4,429541,https://en.wikipedia.org/?curid=429541
wd:Q5308718,Early modern period,4,1291656,https://en.wikipedia.org/?curid=1291656
wd:Q8008,Earth science,2,20653168,https://en.wikipedia.org/?curid=20653168
wd:Q6500960,Earth's magnetic field,4,146983,https://en.wikipedia.org/?curid=146983
wd:Q909789,Earthquake engineering,3,2111048,https://en.wikipedia.org/?curid=2111048
wd:Q5327277,Earthquake-resistant structures,4,18621290,https://en.wikipedia.org/?curid=18621290
wd:Q11880367,Earthworks (engineering),4,1096021,https://en.wikipedia.org/?curid=1096021
wd:Q5262635,East Asian religions,4,9473941,https://en.wikipedia.org/?curid=9473941
wd:Q1049066,Ecological economics,4,177694,https://en.wikipedia.org/?curid=177694
wd:Q7150,Ecology,3,9630,https://en.wikipedia.org/?curid=9630
wd:Q160039,Econometrics,4,10390,https://en.wikipedia.org/?curid=10390
wd:Q4530482,Economic development,4,148131,https://en.wikipedia.org/?curid=148131
wd:Q187097,Economic geography,4,177512,https://en.wikipedia.org/?curid=177512
wd:Q47398,Economic history,4,45633,https://en.wikipedia.org/?curid=45633
wd:Q1167393,Economic indicator,4,72529,https://en.wikipedia.org/?curid=72529
wd:Q3958441,Economic sector,4,12255159,https://en.wikipedia.org/?curid=12255159
wd:Q610859,Economic sociology,4,819720,https://en.wikipedia.org/?curid=819720
wd:Q273005,Economic system,4,692262,https://en.wikipedia.org/?curid=692262
wd:Q8134,Economics,2,9223,https://en.wikipedia.org/?curid=9223
wd:Q295430,Econophysics,4,664332,https://en.wikipedia.org/?curid=664332
wd:Q37813,Ecosystem,4,9632,https://en.wikipedia.org/?curid=9632
wd:Q3402485,Ecosystem ecology,4,1765418,https://en.wikipedia.org/?curid=1765418
wd:Q8434,Education,2,9252,https://en.wikipedia.org/?curid=9252
wd:Q861689,Education economics,4,19918654,https://en.wikipedia.org/?curid=19918654
wd:Q452348,Education policy,3,1355251,https://en.wikipedia.org/?curid=1355251
wd:Q2385804,Educational institution,3,2145242,https://en.wikipedia.org/?curid=2145242
wd:Q59157,Educational psychology,4,10332,https://en.wikipedia.org/?curid=10332
wd:Q3437271,Educational robotics,4,37120802,https://en.wikipedia.org/?curid=37120802
wd:Q18189,Educational stage,3,3333758,https://en.wikipedia.org/?curid=3333758
wd:Q1068473,Educational technology,3,1944675,https://en.wikipedia.org/?curid=1944675
wd:Q844861,Electric power distribution,4,212253,https://en.wikipedia.org/?curid=212253
wd:Q2388981,Electric power system,4,14105333,https://en.wikipedia.org/?curid=14105333
wd:Q200928,Electric power transmission,4,38824,https://en.wikipedia.org/?curid=38824
wd:Q13629441,Electric vehicle,4,279350,https://en.wikipedia.org/?curid=279350
wd:Q43035,Electrical engineering,2,9531,https://en.wikipedia.org/?curid=9531
wd:Q132629,Electrical network,4,9559,https://en.wikipedia.org/?curid=9559
wd:Q383973,Electricity generation,4,9540,https://en.wikipedia.org/?curid=9540
wd:Q1669557,Electroanalytical methods,4,10989135,https://en.wikipedia.org/?curid=10989135
wd:Q2474620,Electrochemical engineering,3,30129507,https://en.wikipedia.org/?curid=30129507
wd:Q7877,Electrochemistry,4,9601,https://en.wikipedia.org/?curid=9601
wd:Q12969754,Electromagnetic radiation,4,9426,https://en.wikipedia.org/?curid=9426
wd:Q11406,Electromagnetism,3,9532,https://en.wikipedia.org/?curid=9532
wd:Q533188,Electromechanics,3,31322120,https://en.wikipedia.org/?curid=31322120
wd:Q5358163,Electron-beam technology,4,758730,https://en.wikipedia.org/?curid=758730
wd:Q126095,Electronic engineering,3,28923910,https://en.wikipedia.org/?curid=28923910
wd:Q249997,Electronic oscillator,4,9920,https://en.wikipedia.org/?curid=9920
wd:Q26336,Electrostatics,4,368328,https://en.wikipedia.org/?curid=368328
wd:Q2533665,Elemental analysis,4,1367595,https://en.wikipedia.org/?curid=1367595
wd:Q211294,Elementary algebra,4,9710,https://en.wikipedia.org/?curid=9710
wd:Q9158,Email,4,9738,https://en.wikipedia.org/?curid=9738
wd:Q193040,Embedded system,4,46630,https://en.wikipedia.org/?curid=46630
wd:Q131683,Embryology,4,162717,https://en.wikipedia.org/?curid=162717
wd:Q2861470,Emergency medicine,3,52974,https://en.wikipedia.org/?curid=52974
wd:Q162606,Endocrinology,3,9311,https://en.wikipedia.org/?curid=9311
wd:Q852143,Endodontics,4,1028619,https://en.wikipedia.org/?curid=1028619
wd:Q25584060,Energy development,4,533487,https://en.wikipedia.org/?curid=533487
wd:Q473160,Energy economics,4,177696,https://en.wikipedia.org/?curid=177696
wd:Q3353193,Energy engineering,2,9348093,https://en.wikipedia.org/?curid=9348093
wd:Q3588981,Energy recovery,4,6109551,https://en.wikipedia.org/?curid=6109551
wd:Q837718,Energy storage,3,24130,https://en.wikipedia.org/?curid=24130
wd:Q3610420,Entrepreneurial economics,4,3018376,https://en.wikipedia.org/?curid=3018376
wd:Q321355,Environmental chemistry,4,656979,https://en.wikipedia.org/?curid=656979
wd:Q753291,Environmental economics,4,47763,https://en.wikipedia.org/?curid=47763
wd:Q5381247,Environmental effects of mining,4,23754906,https://en.wikipedia.org/?curid=23754906
wd:Q5381249,Environmental effects of paper,4,23020667,https://en.wikipedia.org/?curid=23020667
wd:Q146326,Environmental engineering,3,50702,https://en.wikipedia.org/?curid=50702
wd:Q3039637,Environmental governance,4,25271012,https://en.wikipedia.org/?curid=25271012
wd:Q932068,Environmental health,4,314696,https://en.wikipedia.org/?curid=314696
wd:Q919526,Environmental policy,3,3407706,https://en.wikipedia.org/?curid=3407706
wd:Q618752,Environmental psychology,4,1639997,https://en.wikipedia.org/?curid=1639997
wd:Q2019586,Environmental remediation,4,406260,https://en.wikipedia.org/?curid=406260
wd:Q188847,Environmental science,2,64919,https://en.wikipedia.org/?curid=64919
wd:Q2167019,Environmental sociology,4,506422,https://en.wikipedia.org/?curid=506422
wd:Q5381367,Environmental studies,3,1195462,https://en.wikipedia.org/?curid=1195462
wd:Q2855609,Environmentalism,4,1866009,https://en.wikipedia.org/?curid=1866009
wd:Q883112,Enzyme kinetics,4,3043886,https://en.wikipedia.org/?curid=3043886
wd:Q133805,Epidemiology,3,66997,https://en.wikipedia.org/?curid=66997
wd:Q9471,Epistemology,3,9247,https://en.wikipedia.org/?curid=9247
wd:Q11345,Equation,4,9284,https://en.wikipedia.org/?curid=9284
wd:Q5384482,Equilibrium chemistry,4,26707415,https://en.wikipedia.org/?curid=26707415
wd:Q1376021,Estimation theory,4,1565926,https://en.wikipedia.org/?curid=1565926
wd:Q9465,Ethics,3,9258,https://en.wikipedia.org/?curid=9258
wd:Q1189816,Ethnic religion,4,344406,https://en.wikipedia.org/?curid=344406
wd:Q132151,Ethnography,3,152626,https://en.wikipedia.org/?curid=152626
wd:Q7155,Ethology,4,9425,https://en.wikipedia.org/?curid=9425
wd:Q35245,Etymology,4,888207,https://en.wikipedia.org/?curid=888207
wd:Q162886,Euclidean geometry,4,9417,https://en.wikipedia.org/?curid=9417
wd:Q25099531,Event store,4,47617027,https://en.wikipedia.org/?curid=47617027
wd:Q840400,Evolutionary biology,3,418101,https://en.wikipedia.org/?curid=418101
wd:Q1044484,Evolutionary developmental biology,4,57414,https://en.wikipedia.org/?curid=57414
wd:Q1382559,Evolutionary economics,4,162791,https://en.wikipedia.org/?curid=162791
wd:Q477774,Evolutionary origin of religion,4,19011806,https://en.wikipedia.org/?curid=19011806
wd:Q219695,Evolutionary psychology,4,9703,https://en.wikipedia.org/?curid=9703
wd:Q5418717,Evolutionary psychology of religion,4,14780759,https://en.wikipedia.org/?curid=14780759
wd:Q5419224,Exact statistics,4,19510610,https://en.wikipedia.org/?curid=19510610
wd:Q35798,Executive (government),4,10263,https://en.wikipedia.org/?curid=10263
wd:Q472094,Exercise physiology,4,395477,https://en.wikipedia.org/?curid=395477
wd:Q3809431,Exoplanet orbital and physical parameters,4,15032003,https://en.wikipedia.org/?curid=15032003
wd:Q1307600,Experiential learning,4,545590,https://en.wikipedia.org/?curid=545590
wd:Q101965,Experiment,4,59861,https://en.wikipedia.org/?curid=59861
wd:Q47627,Experimental economics,4,548102,https://en.wikipedia.org/?curid=548102
wd:Q18366,Experimental physics,3,685311,https://en.wikipedia.org/?curid=685311
wd:Q475042,Experimental psychology,4,364299,https://en.wikipedia.org/?curid=364299
wd:Q7958,Explanation,4,216186,https://en.wikipedia.org/?curid=216186
wd:Q15808610,Extended evolutionary synthesis,4,47971685,https://en.wikipedia.org/?curid=47971685
wd:Q1196652,Exterior algebra,4,221537,https://en.wikipedia.org/?curid=221537
wd:Q502038,Extragalactic astronomy,4,44063,https://en.wikipedia.org/?curid=44063
wd:Q181508,Extraterrestrial life,4,9588,https://en.wikipedia.org/?curid=9588
wd:Q729429,Extreme value theory,4,50732,https://en.wikipedia.org/?curid=50732
wd:Q1392940,Fail-safe,4,41136,https://en.wikipedia.org/?curid=41136
wd:Q1389268,Failure mode and effects analysis,4,981631,https://en.wikipedia.org/?curid=981631
wd:Q5410500,Faith,4,11064,https://en.wikipedia.org/?curid=11064
wd:Q623006,Family economics,4,9091287,https://en.wikipedia.org/?curid=9091287
wd:Q6223,Fascism,4,11054,https://en.wikipedia.org/?curid=11054
wd:Q12684,Fashion,4,11657,https://en.wikipedia.org/?curid=11657
wd:Q2002016,Fastener,4,877127,https://en.wikipedia.org/?curid=877127
wd:Q507234,Fatigue (material),4,348898,https://en.wikipedia.org/?curid=348898
wd:Q428453,Fault tree analysis,4,70526,https://en.wikipedia.org/?curid=70526
wd:Q83571,Federated database system,4,1270246,https://en.wikipedia.org/?curid=1270246
wd:Q3302930,Feminist economics,4,177765,https://en.wikipedia.org/?curid=177765
wd:Q910223,Femtochemistry,4,450543,https://en.wikipedia.org/?curid=450543
wd:Q161,Fiber,4,140558,https://en.wikipedia.org/?curid=140558
wd:Q235557,File format,4,18933600,https://en.wikipedia.org/?curid=18933600
wd:Q22666,File sharing,4,18949797,https://en.wikipedia.org/?curid=18949797
wd:Q174989,File system,4,1010280,https://en.wikipedia.org/?curid=1010280
wd:Q11424,Film,3,21555729,https://en.wikipedia.org/?curid=21555729
wd:Q1415395,Film industry,4,649481,https://en.wikipedia.org/?curid=649481
wd:Q3072260,Filter (signal processing),4,23434533,https://en.wikipedia.org/?curid=23434533
wd:Q43015,Finance,3,11162,https://en.wikipedia.org/?curid=11162
wd:Q949180,Financial accounting,4,465334,https://en.wikipedia.org/?curid=465334
wd:Q2294553,Financial economics,4,63262,https://en.wikipedia.org/?curid=63262
wd:Q650241,Financial institution,4,208836,https://en.wikipedia.org/?curid=208836
wd:Q2906013,Financial risk management,4,1526304,https://en.wikipedia.org/?curid=1526304
wd:Q837171,Financial services,4,433425,https://en.wikipedia.org/?curid=433425
wd:Q220184,Finite element method,4,18233581,https://en.wikipedia.org/?curid=18233581
wd:Q2997557,Fire safety,4,987507,https://en.wikipedia.org/?curid=987507
wd:Q133981,First aid,4,11296,https://en.wikipedia.org/?curid=11296
wd:Q4055684,First-order logic,4,10983,https://en.wikipedia.org/?curid=10983
wd:Q209894,Fish farming,4,153520,https://en.wikipedia.org/?curid=153520
wd:Q517061,Flight instruments,4,79537,https://en.wikipedia.org/?curid=79537
wd:Q199169,Floriculture,4,893280,https://en.wikipedia.org/?curid=893280
wd:Q2556360,Flue gas,4,1976198,https://en.wikipedia.org/?curid=1976198
wd:Q172145,Fluid mechanics,4,2684988,https://en.wikipedia.org/?curid=2684988
wd:Q65121075,Fluorescence imaging,4,59921575,https://en.wikipedia.org/?curid=59921575
wd:Q36192,Folklore,4,11303,https://en.wikipedia.org/?curid=11303
wd:Q910172,Food chemistry,4,7888444,https://en.wikipedia.org/?curid=7888444
wd:Q6631525,Food engineering,4,1515853,https://en.wikipedia.org/?curid=1515853
wd:Q1810993,Food microbiology,4,7073591,https://en.wikipedia.org/?curid=7073591
wd:Q17067324,Food physical chemistry,4,32969820,https://en.wikipedia.org/?curid=32969820
wd:Q1637030,Food science,3,252137,https://en.wikipedia.org/?curid=252137
wd:Q15813877,Foodomics,4,41827467,https://en.wikipedia.org/?curid=41827467
wd:Q938318,Forensic linguistics,4,602412,https://en.wikipedia.org/?curid=602412
wd:Q495304,Forensic science,4,45710,https://en.wikipedia.org/?curid=45710
wd:Q38112,Forestry,3,53912,https://en.wikipedia.org/?curid=53912
wd:Q192161,Formal language,4,10939,https://en.wikipedia.org/?curid=10939
wd:Q816264,Formal science,1,3694774,https://en.wikipedia.org/?curid=3694774
wd:Q5469969,Formal semantics (natural language),4,31395652,https://en.wikipedia.org/?curid=31395652
wd:Q173326,Formal verification,4,270054,https://en.wikipedia.org/?curid=270054
wd:Q20057358,Formalism (linguistics),4,36056028,https://en.wikipedia.org/?curid=36056028
wd:Q12748,Fossil fuel,4,48146,https://en.wikipedia.org/?curid=48146
wd:Q1434958,Fossil fuel power station,4,1560443,https://en.wikipedia.org/?curid=1560443
wd:Q191360,Foundation (engineering),4,693334,https://en.wikipedia.org/?curid=693334
wd:Q5474576,Foundations of statistics,4,15515301,https://en.wikipedia.org/?curid=15515301
wd:Q1365258,Fourier analysis,4,11659,https://en.wikipedia.org/?curid=11659
wd:Q1003236,Fourier optics,4,312008,https://en.wikipedia.org/?curid=312008
wd:Q28813,Fraud,4,58790,https://en.wikipedia.org/?curid=58790
wd:Q3502887,Free logic,4,1635110,https://en.wikipedia.org/?curid=1635110
wd:Q9476,Free will,4,47921,https://en.wikipedia.org/?curid=47921
wd:Q2158281,Frequentist inference,4,15537745,https://en.wikipedia.org/?curid=15537745
wd:Q1455566,Frequentist probability,4,10869,https://en.wikipedia.org/?curid=10869
wd:Q2890135,Freshwater ecosystem,4,762047,https://en.wikipedia.org/?curid=762047
wd:Q42501,Fuel,3,21188370,https://en.wikipedia.org/?curid=21188370
wd:Q190549,Functional analysis,4,11180,https://en.wikipedia.org/?curid=11180
wd:Q5508814,Functional data analysis,4,2141368,https://en.wikipedia.org/?curid=2141368
wd:Q8963060,Functional linguistics,4,11669,https://en.wikipedia.org/?curid=11669
wd:Q193076,Functional programming,4,10933,https://en.wikipedia.org/?curid=10933
wd:Q2301783,Functional psychology,4,13512823,https://en.wikipedia.org/?curid=13512823
wd:Q2067736,Fungiculture,4,2192496,https://en.wikipedia.org/?curid=2192496
wd:Q641442,Fusion power,4,55017,https://en.wikipedia.org/?curid=55017
wd:Q188867,Futures studies,4,1508301,https://en.wikipedia.org/?curid=1508301
wd:Q58908,Galactic astronomy,4,44057,https://en.wikipedia.org/?curid=44057
wd:Q11416,Gambling,4,11921,https://en.wikipedia.org/?curid=11921
wd:Q865422,Game controller,4,104339,https://en.wikipedia.org/?curid=104339
wd:Q44455,Game theory,4,11924,https://en.wikipedia.org/?curid=11924
wd:Q124946,Gardening,4,11984,https://en.wikipedia.org/?curid=11984
wd:Q11432,Gas,4,18993869,https://en.wikipedia.org/?curid=18993869
wd:Q120569,Gastroenterology,3,12976,https://en.wikipedia.org/?curid=12976
wd:Q2300099,Gastrointestinal disease,4,1062956,https://en.wikipedia.org/?curid=1062956
wd:Q11452,General relativity,4,12024,https://en.wikipedia.org/?curid=12024
wd:Q621550,General topology,4,178649,https://en.wikipedia.org/?curid=178649
wd:Q2102848,Generalized trigonometry,4,22850636,https://en.wikipedia.org/?curid=22850636
wd:Q36108,Generative grammar,4,444515,https://en.wikipedia.org/?curid=444515
wd:Q159236,Genetic engineering,4,12383,https://en.wikipedia.org/?curid=12383
wd:Q5532897,Genetic epidemiology,4,16017459,https://en.wikipedia.org/?curid=16017459
wd:Q182726,Genetically modified organism,4,12339,https://en.wikipedia.org/?curid=12339
wd:Q7162,Genetics,3,12266,https://en.wikipedia.org/?curid=12266
wd:Q222046,Genomics,4,55170,https://en.wikipedia.org/?curid=55170
wd:Q161764,Geochemistry,4,39562,https://en.wikipedia.org/?curid=39562
wd:Q131089,Geodesy,4,12608,https://en.wikipedia.org/?curid=12608
wd:Q483130,Geographic information system,4,12398,https://en.wikipedia.org/?curid=12398
wd:Q1071,Geography,2,18963910,https://en.wikipedia.org/?curid=18963910
wd:Q781650,Geography of Africa,4,1854,https://en.wikipedia.org/?curid=1854
wd:Q2742952,Geography of Antarctica,4,1274,https://en.wikipedia.org/?curid=1274
wd:Q2001617,Geography of Asia,4,1318227,https://en.wikipedia.org/?curid=1318227
wd:Q119716,Geography of Europe,4,1187515,https://en.wikipedia.org/?curid=1187515
wd:Q583355,Geography of North America,4,6545069,https://en.wikipedia.org/?curid=6545069
wd:Q968983,Geography of South America,4,5244370,https://en.wikipedia.org/?curid=5244370
wd:Q619798,Geomatics,4,510905,https://en.wikipedia.org/?curid=510905
wd:Q2662474,Geometric group theory,4,955164,https://en.wikipedia.org/?curid=955164
wd:Q1939186,Geometric topology,4,621732,https://en.wikipedia.org/?curid=621732
wd:Q467980,Geometrical optics,4,731780,https://en.wikipedia.org/?curid=731780
wd:Q8087,Geometry,3,18973446,https://en.wikipedia.org/?curid=18973446
wd:Q1466519,Geometry of numbers,4,250153,https://en.wikipedia.org/?curid=250153
wd:Q52109,Geomorphology,4,78534,https://en.wikipedia.org/?curid=78534
wd:Q159385,Geopolitics,4,163225,https://en.wikipedia.org/?curid=163225
wd:Q679595,Georgism,4,368329,https://en.wikipedia.org/?curid=368329
wd:Q1440020,Geostatistics,4,51531,https://en.wikipedia.org/?curid=51531
wd:Q1349130,Geotechnical engineering,3,12306,https://en.wikipedia.org/?curid=12306
wd:Q2066351,Geotechnical investigation,4,5580290,https://en.wikipedia.org/?curid=5580290
wd:Q3215493,Geothermal power,3,13021878,https://en.wikipedia.org/?curid=13021878
wd:Q10387,Gerontology,4,436824,https://en.wikipedia.org/?curid=436824
wd:Q828879,Gestalt therapy,4,470286,https://en.wikipedia.org/?curid=470286
wd:Q52120,Glaciology,4,231504,https://en.wikipedia.org/?curid=231504
wd:Q17017346,Global analysis,4,42027498,https://en.wikipedia.org/?curid=42027498
wd:Q737514,Global change,4,1777495,https://en.wikipedia.org/?curid=1777495
wd:Q899224,Glycobiology,4,216956,https://en.wikipedia.org/?curid=216956
wd:Q48420,Gnosticism,4,12471,https://en.wikipedia.org/?curid=12471
wd:Q595971,Graph database,4,24799509,https://en.wikipedia.org/?curid=24799509
wd:Q131476,Graph theory,4,12401,https://en.wikipedia.org/?curid=12401
wd:Q1143367,Graphical model,4,447298,https://en.wikipedia.org/?curid=447298
wd:Q598188,Green economy,4,996699,https://en.wikipedia.org/?curid=996699
wd:Q1221899,Gynaecology,3,52967,https://en.wikipedia.org/?curid=52967
wd:Q3236003,Hardness,4,3588836,https://en.wikipedia.org/?curid=3588836
wd:Q173341,Hardware description language,4,74554,https://en.wikipedia.org/?curid=74554
wd:Q876215,Harmonic analysis,4,14147,https://en.wikipedia.org/?curid=14147
wd:Q183427,Hash function,4,13790,https://en.wikipedia.org/?curid=13790
wd:Q1581290,Healing,4,239217,https://en.wikipedia.org/?curid=239217
wd:Q31218,Health economics,4,265753,https://en.wikipedia.org/?curid=265753
wd:Q3286542,Health geography,4,2596739,https://en.wikipedia.org/?curid=2596739
wd:Q1519812,Health policy,3,8695082,https://en.wikipedia.org/?curid=8695082
wd:Q44432,Heat,4,19593167,https://en.wikipedia.org/?curid=19593167
wd:Q179635,Heat transfer,4,184726,https://en.wikipedia.org/?curid=184726
wd:Q17021936,Heat transfer physics,4,37376713,https://en.wikipedia.org/?curid=37376713
wd:Q1266615,Heliciculture,4,3377107,https://en.wikipedia.org/?curid=3377107
wd:Q1976068,Helminthology,4,2203555,https://en.wikipedia.org/?curid=2203555
wd:Q103824,Hematology,3,63564,https://en.wikipedia.org/?curid=63564
wd:Q487937,Hemostasis,4,501973,https://en.wikipedia.org/?curid=501973
wd:Q668064,Hepatology,3,140432,https://en.wikipedia.org/?curid=140432
wd:Q174416,Herpetology,4,142425,https://en.wikipedia.org/?curid=142425
wd:Q1582475,Heterodox economics,3,2399697,https://en.wikipedia.org/?curid=2399697
wd:Q212685,High Middle Ages,4,503345,https://en.wikipedia.org/?curid=503345
wd:Q5754513,High-dimensional statistics,4,19330658,https://en.wikipedia.org/?curid=19330658
wd:Q211496,High-level programming language,4,189842,https://en.wikipedia.org/?curid=189842
wd:Q1190465,High-performance computing,3,832527,https://en.wikipedia.org/?curid=832527
wd:Q5754682,High-speed flight,4,9578494,https://en.wikipedia.org/?curid=9578494
wd:Q136822,Higher education,4,14423,https://en.wikipedia.org/?curid=14423
wd:Q1644136,Higher-order logic,4,562883,https://en.wikipedia.org/?curid=562883
wd:Q2349677,Highway engineering,4,205592,https://en.wikipedia.org/?curid=205592
wd:Q7168,Histology,4,13570,https://en.wikipedia.org/?curid=13570
wd:Q384001,Historical geography,4,1923965,https://en.wikipedia.org/?curid=1923965
wd:Q190375,Historical linguistics,4,63630,https://en.wikipedia.org/?curid=63630
wd:Q50675,Historiography,4,13276,https://en.wikipedia.org/?curid=13276
wd:Q309,History,2,10772350,https://en.wikipedia.org/?curid=10772350
wd:Q831198,History of East Asia,4,37699,https://en.wikipedia.org/?curid=37699
wd:Q8180985,History of architecture,4,3684625,https://en.wikipedia.org/?curid=3684625
wd:Q6497044,History of literature,3,138848,https://en.wikipedia.org/?curid=138848
wd:Q846742,History of religion,4,13929,https://en.wikipedia.org/?curid=13929
wd:Q201486,History of science,4,14400,https://en.wikipedia.org/?curid=14400
wd:Q932233,History of sociology,3,1575379,https://en.wikipedia.org/?curid=1575379
wd:Q527628,Holography,4,66338,https://en.wikipedia.org/?curid=66338
wd:Q103191,Homeostasis,4,13980,https://en.wikipedia.org/?curid=13980
wd:Q579978,Homological algebra,4,139410,https://en.wikipedia.org/?curid=139410
wd:Q48803,Horticulture,3,216260,https://en.wikipedia.org/?curid=216260
wd:Q3564138,Household chemicals,4,2295403,https://en.wikipedia.org/?curid=2295403
wd:Q720858,Human ecology,4,155899,https://en.wikipedia.org/?curid=155899
wd:Q1750812,Human factors and ergonomics,3,36479878,https://en.wikipedia.org/?curid=36479878
wd:Q265799,Human genetics,4,1590357,https://en.wikipedia.org/?curid=1590357
wd:Q12831143,Human geography,3,13372,https://en.wikipedia.org/?curid=13372
wd:Q742609,Human nature,4,4744384,https://en.wikipedia.org/?curid=4744384
wd:Q1056396,Human resource management,4,1023078,https://en.wikipedia.org/?curid=1023078
wd:Q23364,Humanistic psychology,4,324180,https://en.wikipedia.org/?curid=324180
wd:Q80083,Humanities,1,53132,https://en.wikipedia.org/?curid=53132
wd:Q207434,Human–computer interaction,4,23534602,https://en.wikipedia.org/?curid=23534602
wd:Q1130265,Hydraulic engineering,4,521843,https://en.wikipedia.org/?curid=521843
wd:Q177784,Hydraulics,4,65424,https://en.wikipedia.org/?curid=65424
wd:Q43648,Hydrocarbon,4,13257,https://en.wikipedia.org/?curid=13257
wd:Q4138087,Hydrodynamic stability,4,21757046,https://en.wikipedia.org/?curid=21757046
wd:Q80638,Hydroelectricity,4,381399,https://en.wikipedia.org/?curid=381399
wd:Q11549077,Hydrogen fuel,4,1055835,https://en.wikipedia.org/?curid=1055835
wd:Q214166,Hydrogenation,4,235968,https://en.wikipedia.org/?curid=235968
wd:Q179509,Hydrogeology,4,434326,https://en.wikipedia.org/?curid=434326
wd:Q42250,Hydrology,3,13435,https://en.wikipedia.org/?curid=13435
wd:Q191667,Hydroponics,4,14133,https://en.wikipedia.org/?curid=14133
wd:Q170196,Hydropower,3,14073,https://en.wikipedia.org/?curid=14073
wd:Q162297,Hygiene,4,147020,https://en.wikipedia.org/?curid=147020
wd:Q5973191,IP routing,4,27385819,https://en.wikipedia.org/?curid=27385819
wd:Q60242,Ichthyology,4,42405,https://en.wikipedia.org/?curid=42405
wd:Q853614,Identifier,4,41250,https://en.wikipedia.org/?curid=41250
wd:Q254474,Identity (philosophy),4,89532,https://en.wikipedia.org/?curid=89532
wd:Q977772,Identity management,4,927507,https://en.wikipedia.org/?curid=927507
wd:Q2914650,Identity politics,4,313075,https://en.wikipedia.org/?curid=313075
wd:Q7257,Ideology,3,75469,https://en.wikipedia.org/?curid=75469
wd:Q1059,Immune system,4,14958,https://en.wikipedia.org/?curid=14958
wd:Q101929,Immunology,3,14959,https://en.wikipedia.org/?curid=14959
wd:Q17147159,Imperative logic,4,8837457,https://en.wikipedia.org/?curid=8837457
wd:Q275596,Imperative programming,4,197847,https://en.wikipedia.org/?curid=197847
wd:Q7216430,Impurity,4,2061993,https://en.wikipedia.org/?curid=2061993
wd:Q1651597,Indian religions,4,14605,https://en.wikipedia.org/?curid=14605
wd:Q905504,Indoor air quality,4,219736,https://en.wikipedia.org/?curid=219736
wd:Q2045692,Industrial and organizational psychology,4,15450,https://en.wikipedia.org/?curid=15450
wd:Q18351432,Industrial and production engineering,2,43282531,https://en.wikipedia.org/?curid=43282531
wd:Q4489420,Industrial engineering,3,23535218,https://en.wikipedia.org/?curid=23535218
wd:Q1411783,Industrial organization,4,51249,https://en.wikipedia.org/?curid=51249
wd:Q1408286,Industrial processes,3,659359,https://en.wikipedia.org/?curid=659359
wd:Q1302156,Industrial sociology,4,40272,https://en.wikipedia.org/?curid=40272
wd:Q166231,Infection,3,37220,https://en.wikipedia.org/?curid=37220
wd:Q6029713,Infinitary logic,4,630478,https://en.wikipedia.org/?curid=630478
wd:Q1506807,Informal logic,3,14122398,https://en.wikipedia.org/?curid=14122398
wd:Q1394203,Information economics,4,1409855,https://en.wikipedia.org/?curid=1409855
wd:Q1254373,Information engineering (field),2,58644759,https://en.wikipedia.org/?curid=58644759
wd:Q189900,Information security,4,15036,https://en.wikipedia.org/?curid=15036
wd:Q131222,Information theory,3,14773,https://en.wikipedia.org/?curid=14773
wd:Q11388,Infrared,4,15022,https://en.wikipedia.org/?curid=15022
wd:Q174165,Innovation,4,118450,https://en.wikipedia.org/?curid=118450
wd:Q11165,Inorganic chemistry,3,14624,https://en.wikipedia.org/?curid=14624
wd:Q219320,Input/output,4,22393474,https://en.wikipedia.org/?curid=22393474
wd:Q3623716,Inquiry-based learning,4,10129706,https://en.wikipedia.org/?curid=10129706
wd:Q4530315,Insect ecology,4,15367337,https://en.wikipedia.org/?curid=15367337
wd:Q1351959,Insect farming,4,25174978,https://en.wikipedia.org/?curid=25174978
wd:Q178706,Institution,4,294833,https://en.wikipedia.org/?curid=294833
wd:Q1118654,Institutional economics,4,859910,https://en.wikipedia.org/?curid=859910
wd:Q16252774,Institutional theory,4,2582114,https://en.wikipedia.org/?curid=2582114
wd:Q667602,Instrumental chemistry,4,26219128,https://en.wikipedia.org/?curid=26219128
wd:Q679690,Intensive care medicine,3,299014,https://en.wikipedia.org/?curid=299014
wd:Q909495,Interface and colloid science,4,13651338,https://en.wikipedia.org/?curid=13651338
wd:Q850283,Interferometry,4,166689,https://en.wikipedia.org/?curid=166689
wd:Q179232,Interior design,3,573174,https://en.wikipedia.org/?curid=573174
wd:Q5361594,Intermediate logic,4,769022,https://en.wikipedia.org/?curid=769022
wd:Q12757,Internal combustion engine,4,41228673,https://en.wikipedia.org/?curid=41228673
wd:Q11180,Internal medicine,3,205264,https://en.wikipedia.org/?curid=205264
wd:Q162324,International Style,4,314881,https://en.wikipedia.org/?curid=314881
wd:Q2477868,International development,4,385745,https://en.wikipedia.org/?curid=385745
wd:Q47417,International economics,4,1700209,https://en.wikipedia.org/?curid=1700209
wd:Q4394526,International law,4,8195726,https://en.wikipedia.org/?curid=8195726
wd:Q166542,International relations,4,82533,https://en.wikipedia.org/?curid=82533
wd:Q75,Internet,4,14539,https://en.wikipedia.org/?curid=14539
wd:Q6056000,Internet linguistics,4,13458509,https://en.wikipedia.org/?curid=13458509
wd:Q81414,Internet protocol suite,4,15476,https://en.wikipedia.org/?curid=15476
wd:Q899137,Interpretations of quantum mechanics,4,54738,https://en.wikipedia.org/?curid=54738
wd:Q183065,Interpreter (computing),4,59868,https://en.wikipedia.org/?curid=59868
wd:Q176786,Intuitionistic logic,4,169262,https://en.wikipedia.org/?curid=169262
wd:Q12579633,Invention,4,44312,https://en.wikipedia.org/?curid=44312
wd:Q14864997,Investment management,4,1557851,https://en.wikipedia.org/?curid=1557851
wd:Q1463386,Iranian religions,4,952063,https://en.wikipedia.org/?curid=952063
wd:Q11764,Iron Age,4,14711,https://en.wikipedia.org/?curid=14711
wd:Q58721,Irreligion,4,323777,https://en.wikipedia.org/?curid=323777
wd:Q212940,Islamic architecture,4,276104,https://en.wikipedia.org/?curid=276104
wd:Q105985,Judiciary,4,59564,https://en.wikipedia.org/?curid=59564
wd:Q13189320,Justice,4,16369,https://en.wikipedia.org/?curid=16369
wd:Q145874,Justification (epistemology),4,30248,https://en.wikipedia.org/?curid=30248
wd:Q620622,Kernel method,4,3424576,https://en.wikipedia.org/?curid=3424576
wd:Q83937,Keynesian economics,4,17326,https://en.wikipedia.org/?curid=17326
wd:Q3647098,Kinesthetic learning,4,1095131,https://en.wikipedia.org/?curid=1095131
wd:Q9081,Knowledge,4,243391,https://en.wikipedia.org/?curid=243391
wd:Q33002955,Knowledge graph,4,64418530,https://en.wikipedia.org/?curid=64418530
wd:Q192060,Knowledge management,4,72896,https://en.wikipedia.org/?curid=72896
wd:Q3478658,Knowledge representation and reasoning,4,16920,https://en.wikipedia.org/?curid=16920
wd:Q1456811,Kolmogorov complexity,4,1635,https://en.wikipedia.org/?curid=1635
wd:Q28161,Labour economics,4,18178,https://en.wikipedia.org/?curid=18178
wd:Q738011,Landscape ecology,4,252582,https://en.wikipedia.org/?curid=252582
wd:Q315,Language,3,17524,https://en.wikipedia.org/?curid=17524
wd:Q4536542,Language assessment,4,16801992,https://en.wikipedia.org/?curid=16801992
wd:Q2330667,Language development,4,2383086,https://en.wikipedia.org/?curid=2383086
wd:Q1133221,Language documentation,4,4380142,https://en.wikipedia.org/?curid=4380142
wd:Q1455196,Language education,4,186467,https://en.wikipedia.org/?curid=186467
wd:Q371231,Language geography,4,7464454,https://en.wikipedia.org/?curid=7464454
wd:Q334451,Language policy,4,373867,https://en.wikipedia.org/?curid=373867
wd:Q844244,Language revitalization,4,577320,https://en.wikipedia.org/?curid=577320
wd:Q115305900,Large language model,4,73248112,https://en.wikipedia.org/?curid=73248112
wd:Q38867,Laser,4,17556,https://en.wikipedia.org/?curid=17556
wd:Q593053,Laser cutting,4,531911,https://en.wikipedia.org/?curid=531911
wd:Q212976,Late Middle Ages,4,2287895,https://en.wikipedia.org/?curid=2287895
wd:Q6495391,Late modern period,4,23801631,https://en.wikipedia.org/?curid=23801631
wd:Q7748,Law,2,18949668,https://en.wikipedia.org/?curid=18949668
wd:Q44554,Law enforcement,3,18486,https://en.wikipedia.org/?curid=18486
wd:Q1820313,Learning by teaching,4,1745942,https://en.wikipedia.org/?curid=1745942
wd:Q25143906,Learning space,4,50129966,https://en.wikipedia.org/?curid=50129966
wd:Q1820370,Learning styles,4,1005416,https://en.wikipedia.org/?curid=1005416
wd:Q1790374,Learning theory (education),3,17994,https://en.wikipedia.org/?curid=17994
wd:Q11204,Legislature,4,44421,https://en.wikipedia.org/?curid=44421
wd:Q180910,Leisure,4,17503,https://en.wikipedia.org/?curid=17503
wd:Q3226977,Lexis (linguistics),4,3136742,https://en.wikipedia.org/?curid=3136742
wd:Q6216,Liberalism,4,19280734,https://en.wikipedia.org/?curid=19280734
wd:Q178598,Libertarianism,4,3225498,https://en.wikipedia.org/?curid=3225498
wd:Q2979,Liberty,4,936385,https://en.wikipedia.org/?curid=936385
wd:Q664495,Lie algebra,4,17944,https://en.wikipedia.org/?curid=17944
wd:Q862876,Light-dependent reactions,4,23982752,https://en.wikipedia.org/?curid=23982752
wd:Q165838,Limnology,4,145243,https://en.wikipedia.org/?curid=145243
wd:Q82571,Linear algebra,4,18422,https://en.wikipedia.org/?curid=18422
wd:Q772835,Linguistic anthropology,3,166208,https://en.wikipedia.org/?curid=166208
wd:Q777864,Linguistic description,3,55402,https://en.wikipedia.org/?curid=55402
wd:Q179677,Linguistic relativity,4,26915,https://en.wikipedia.org/?curid=26915
wd:Q192625,Linguistic typology,4,48854,https://en.wikipedia.org/?curid=48854
wd:Q8162,Linguistics,2,22760983,https://en.wikipedia.org/?curid=22760983
wd:Q11367,Lipid,4,17940,https://en.wikipedia.org/?curid=17940
wd:Q2792936,Lipid metabolism,4,5988464,https://en.wikipedia.org/?curid=5988464
wd:Q203989,Liquid crystal,4,17973,https://en.wikipedia.org/?curid=17973
wd:Q61019077,List of areas of law,3,3381901,https://en.wikipedia.org/?curid=3381901
wd:Q3083584,List of literary movements,4,1588815,https://en.wikipedia.org/?curid=1588815
wd:Q273008,List of trigonometric identities,4,25804104,https://en.wikipedia.org/?curid=25804104
wd:Q13019738,Lists of writers,4,64067,https://en.wikipedia.org/?curid=64067
wd:Q58854,Literary criticism,3,51123,https://en.wikipedia.org/?curid=51123
wd:Q223393,Literary genre,3,455547,https://en.wikipedia.org/?curid=455547
wd:Q459381,Literary theory,4,51119,https://en.wikipedia.org/?curid=51119
wd:Q8242,Literature,2,18963870,https://en.wikipedia.org/?curid=18963870
wd:Q929737,Liver disease,4,865271,https://en.wikipedia.org/?curid=865271
wd:Q11381,Local area network,4,17739,https://en.wikipedia.org/?curid=17739
wd:Q8078,Logic,2,46426065,https://en.wikipedia.org/?curid=46426065
wd:Q177777,Logistics,4,77547,https://en.wikipedia.org/?curid=77547
wd:Q201989,Lyme disease,4,244113,https://en.wikipedia.org/?curid=244113
wd:Q208414,Lymphoma,4,71422,https://en.wikipedia.org/?curid=71422
wd:Q175561,MEMS,4,19638,https://en.wikipedia.org/?curid=19638
wd:Q2539,Machine learning,3,233488,https://en.wikipedia.org/?curid=233488
wd:Q19768,Machine tool,4,191490,https://en.wikipedia.org/?curid=191490
wd:Q39680,Macroeconomics,3,18820,https://en.wikipedia.org/?curid=18820
wd:Q178593,Macromolecule,4,106231,https://en.wikipedia.org/?curid=106231
wd:Q2744368,Magneto-optic effect,4,41343,https://en.wikipedia.org/?curid=41343
wd:Q906226,Magnetochemistry,4,30897833,https://en.wikipedia.org/?curid=30897833
wd:Q6915,Magnetosphere,4,20479,https://en.wikipedia.org/?curid=20479
wd:Q665093,Magnetostatics,4,1509289,https://en.wikipedia.org/?curid=1509289
wd:Q6957341,Major religious groups,3,348450,https://en.wikipedia.org/?curid=348450
wd:Q1327574,Majoritarianism,4,617451,https://en.wikipedia.org/?curid=617451
wd:Q190993,Malacology,4,353091,https://en.wikipedia.org/?curid=353091
wd:Q183904,Mammalogy,4,438758,https://en.wikipedia.org/?curid=438758
wd:Q2990807,Management accounting,4,42272,https://en.wikipedia.org/?curid=42272
wd:Q3297447,Managerial economics,4,523104,https://en.wikipedia.org/?curid=523104
wd:Q203920,Manifold,4,2073470,https://en.wikipedia.org/?curid=2073470
wd:Q11049265,Manufacturing engineering,3,11200529,https://en.wikipedia.org/?curid=11200529
wd:Q185502,Many-valued logic,4,38024,https://en.wikipedia.org/?curid=38024
wd:Q7173,Marine biology,3,20021,https://en.wikipedia.org/?curid=20021
wd:Q7076133,Marine chemistry,4,23423919,https://en.wikipedia.org/?curid=23423919
wd:Q118291,Marine engineering,3,3552729,https://en.wikipedia.org/?curid=3552729
wd:Q1050578,Marine geology,4,1819715,https://en.wikipedia.org/?curid=1819715
wd:Q11482290,Marine propulsion,4,8379893,https://en.wikipedia.org/?curid=8379893
wd:Q155930,Maritime transport,4,28769,https://en.wikipedia.org/?curid=28769
wd:Q37654,Market (economics),4,3736784,https://en.wikipedia.org/?curid=3736784
wd:Q39809,Marketing,3,59252,https://en.wikipedia.org/?curid=59252
wd:Q1143466,Marketing management,4,241637,https://en.wikipedia.org/?curid=241637
wd:Q854537,Marxian economics,4,42824033,https://en.wikipedia.org/?curid=42824033
wd:Q7264,Marxism,4,1904053,https://en.wikipedia.org/?curid=1904053
wd:Q853710,Mass communication,3,1605735,https://en.wikipedia.org/?curid=1605735
wd:Q11033,Mass media,4,19641,https://en.wikipedia.org/?curid=19641
wd:Q215768,Mass production,4,63137,https://en.wikipedia.org/?curid=63137
wd:Q180809,Mass spectrometry,4,283810,https://en.wikipedia.org/?curid=283810
wd:Q909534,Mass transfer,4,20437,https://en.wikipedia.org/?curid=20437
wd:Q967853,Massive open online course,4,32362461,https://en.wikipedia.org/?curid=32362461
wd:Q228736,Materials science,3,19622,https://en.wikipedia.org/?curid=19622
wd:Q7754,Mathematical analysis,3,48396,https://en.wikipedia.org/?curid=48396
wd:Q751611,Mathematical and theoretical biology,3,662088,https://en.wikipedia.org/?curid=662088
wd:Q2556886,Mathematical chemistry,4,1570072,https://en.wikipedia.org/?curid=1570072
wd:Q747534,Mathematical economics,4,18967255,https://en.wikipedia.org/?curid=18967255
wd:Q606855,Mathematical formulation of quantum mechanics,4,20728,https://en.wikipedia.org/?curid=20728
wd:Q1166618,Mathematical logic,3,19636,https://en.wikipedia.org/?curid=19636
wd:Q141495,Mathematical optimization,3,52033,https://en.wikipedia.org/?curid=52033
wd:Q1908389,Mathematical psychology,4,2081516,https://en.wikipedia.org/?curid=2081516
wd:Q745328,Mathematical statistics,4,888711,https://en.wikipedia.org/?curid=888711
wd:Q395,Mathematics,2,18831,https://en.wikipedia.org/?curid=18831
wd:Q3535118,Mathematics and architecture,4,279293,https://en.wikipedia.org/?curid=279293
wd:Q16877777,Meaning (philosophy),4,4102640,https://en.wikipedia.org/?curid=4102640
wd:Q192276,Measure (mathematics),4,19873,https://en.wikipedia.org/?curid=19873
wd:Q11828861,Meat industry,4,1922978,https://en.wikipedia.org/?curid=1922978
wd:Q101333,Mechanical engineering,2,19528,https://en.wikipedia.org/?curid=19528
wd:Q41217,Mechanics,3,19559,https://en.wikipedia.org/?curid=19559
wd:Q180165,Mechatronics,3,304604,https://en.wikipedia.org/?curid=304604
wd:Q6806550,Medical image computing,4,35201519,https://en.wikipedia.org/?curid=35201519
wd:Q1916597,Medical psychology,4,20357,https://en.wikipedia.org/?curid=20357
wd:Q243455,Medicinal chemistry,4,938177,https://en.wikipedia.org/?curid=938177
wd:Q471822,Megalopolis,4,5688834,https://en.wikipedia.org/?curid=5688834
wd:Q2308807,Memory management,4,66924,https://en.wikipedia.org/?curid=66924
wd:Q1423698,Mesoeconomics,3,3355693,https://en.wikipedia.org/?curid=3355693
wd:Q2351083,Metabolic disorder,4,2280325,https://en.wikipedia.org/?curid=2280325
wd:Q1057,Metabolism,4,20374,https://en.wikipedia.org/?curid=20374
wd:Q56003,Metaethics,4,18917,https://en.wikipedia.org/?curid=18917
wd:Q1385229,Metaheuristic,4,774458,https://en.wikipedia.org/?curid=774458
wd:Q11467,Metallurgy,4,19722,https://en.wikipedia.org/?curid=19722
wd:Q1366730,Metalogic,4,387934,https://en.wikipedia.org/?curid=387934
wd:Q953045,Metalworking,4,266443,https://en.wikipedia.org/?curid=266443
wd:Q497166,Metamaterial,4,906878,https://en.wikipedia.org/?curid=906878
wd:Q903508,Metamathematics,4,183508,https://en.wikipedia.org/?curid=183508
wd:Q596284,Metaphilosophy,3,18887,https://en.wikipedia.org/?curid=18887
wd:Q35277,Metaphysics,3,18895,https://en.wikipedia.org/?curid=18895
wd:Q25261,Meteorology,4,19904,https://en.wikipedia.org/?curid=19904
wd:Q185698,Methodology,3,620667,https://en.wikipedia.org/?curid=620667
wd:Q518328,Methylation,4,89188,https://en.wikipedia.org/?curid=89188
wd:Q259864,Microarchitecture,4,1410175,https://en.wikipedia.org/?curid=1410175
wd:Q3054637,Microbial ecology,4,1057083,https://en.wikipedia.org/?curid=1057083
wd:Q3634109,Microbial genetics,4,5762008,https://en.wikipedia.org/?curid=5762008
wd:Q7193,Microbiology,3,21393077,https://en.wikipedia.org/?curid=21393077
wd:Q39072,Microeconomics,3,18819,https://en.wikipedia.org/?curid=18819
wd:Q39833,Microorganism,4,20377,https://en.wikipedia.org/?curid=20377
wd:Q5297,Microprocessor,4,19553,https://en.wikipedia.org/?curid=19553
wd:Q905377,Microwave chemistry,4,1710956,https://en.wikipedia.org/?curid=1710956
wd:Q11339597,Microwave engineering,3,31789966,https://en.wikipedia.org/?curid=31789966
wd:Q12554,Middle Ages,3,18836,https://en.wikipedia.org/?curid=18836
wd:Q8473,Military,4,92357,https://en.wikipedia.org/?curid=92357
wd:Q192781,Military history,3,25595604,https://en.wikipedia.org/?curid=25595604
wd:Q15627509,Military organization,3,6714405,https://en.wikipedia.org/?curid=6714405
wd:Q192386,Military science,2,86586,https://en.wikipedia.org/?curid=86586
wd:Q329864,Military technology,3,90815,https://en.wikipedia.org/?curid=90815
wd:Q83353,Mineralogy,4,19883,https://en.wikipedia.org/?curid=19883
wd:Q17152560,Minimal intervention dentistry,4,22022246,https://en.wikipedia.org/?curid=22022246
wd:Q1370637,Mining engineering,3,488361,https://en.wikipedia.org/?curid=488361
wd:Q1758389,Mixed reality,4,877295,https://en.wikipedia.org/?curid=877295
wd:Q2988038,Mobile app development,4,4173172,https://en.wikipedia.org/?curid=4173172
wd:Q920890,Mobile operating system,4,14260687,https://en.wikipedia.org/?curid=14260687
wd:Q4810574,Mobile robot,4,3808074,https://en.wikipedia.org/?curid=3808074
wd:Q210841,Modal logic,4,333365,https://en.wikipedia.org/?curid=333365
wd:Q2651576,Model of computation,4,1773278,https://en.wikipedia.org/?curid=1773278
wd:Q467606,Model theory,4,19858,https://en.wikipedia.org/?curid=19858
wd:Q245188,Modern architecture,4,315927,https://en.wikipedia.org/?curid=315927
wd:Q3281534,Modern era,3,4399619,https://en.wikipedia.org/?curid=4399619
wd:Q170474,Modulation,4,20637,https://en.wikipedia.org/?curid=20637
wd:Q6507061,Molecular binding,4,11489016,https://en.wikipedia.org/?curid=11489016
wd:Q7202,Molecular biology,3,19200,https://en.wikipedia.org/?curid=19200
wd:Q17104113,Molecular diffusion,4,8643,https://en.wikipedia.org/?curid=8643
wd:Q901663,Molecular dynamics,4,198608,https://en.wikipedia.org/?curid=198608
wd:Q3523861,Molecular engineering,3,177515,https://en.wikipedia.org/?curid=177515
wd:Q210506,Molecular genetics,4,339838,https://en.wikipedia.org/?curid=339838
wd:Q911331,Molecular geometry,4,996278,https://en.wikipedia.org/?curid=996278
wd:Q1344441,Molecular mechanics,4,547400,https://en.wikipedia.org/?curid=547400
wd:Q174858,Molecular modelling,4,734256,https://en.wikipedia.org/?curid=734256
wd:Q6896018,Molecular neuroscience,4,1822196,https://en.wikipedia.org/?curid=1822196
wd:Q489328,Molecular physics,3,675130,https://en.wikipedia.org/?curid=675130
wd:Q7269,Monarchy,4,19013,https://en.wikipedia.org/?curid=19013
wd:Q580018,Monetary economics,4,297000,https://en.wikipedia.org/?curid=297000
wd:Q1141462,Montane ecosystems,4,35340561,https://en.wikipedia.org/?curid=35340561
wd:Q4355306,Moral psychology,4,1040741,https://en.wikipedia.org/?curid=1040741
wd:Q38311,Morphology (linguistics),4,20646,https://en.wikipedia.org/?curid=20646
wd:Q1197190,Multilinear algebra,4,243946,https://en.wikipedia.org/?curid=243946
wd:Q846651,Multiprocessing,4,64020,https://en.wikipedia.org/?curid=64020
wd:Q1952580,Multivariate statistics,4,19384,https://en.wikipedia.org/?curid=19384
wd:Q8009938,Municipal law,4,3365727,https://en.wikipedia.org/?curid=3365727
wd:Q638,Music,4,18839,https://en.wikipedia.org/?curid=18839
wd:Q510293,Musical acoustics,4,1379269,https://en.wikipedia.org/?curid=1379269
wd:Q194309,Mycobacterium,4,395846,https://en.wikipedia.org/?curid=395846
wd:Q7175,Mycology,4,20874,https://en.wikipedia.org/?curid=20874
wd:Q20962970,NOx,4,2630676,https://en.wikipedia.org/?curid=2630676
wd:Q22302226,Nanocluster,4,44466572,https://en.wikipedia.org/?curid=44466572
wd:Q11468,Nanotechnology,3,21488,https://en.wikipedia.org/?curid=21488
wd:Q6235,Nationalism,4,21748,https://en.wikipedia.org/?curid=21748
wd:Q4314780,Nationalism studies,4,18404712,https://en.wikipedia.org/?curid=18404712
wd:Q30642,Natural language processing,3,21652,https://en.wikipedia.org/?curid=21652
wd:Q29524,Natural law,4,22063,https://en.wikipedia.org/?curid=22063
wd:Q3299701,Natural resource economics,4,19080286,https://en.wikipedia.org/?curid=19080286
wd:Q7991,Natural science,1,38890,https://en.wikipedia.org/?curid=38890
wd:Q1136352,Naval architecture,4,76653,https://en.wikipedia.org/?curid=76653
wd:Q7310,Nazism,4,31045316,https://en.wikipedia.org/?curid=31045316
wd:Q13599969,Nebular hypothesis,4,212374,https://en.wikipedia.org/?curid=212374
wd:Q2355208,Nematology,4,12830890,https://en.wikipedia.org/?curid=12830890
wd:Q60571,Neoclassical economics,4,21634,https://en.wikipedia.org/?curid=21634
wd:Q177635,Nephrology,3,22028,https://en.wikipedia.org/?curid=22028
wd:Q853467,Net neutrality,4,1398166,https://en.wikipedia.org/?curid=1398166
wd:Q1454667,Network management,4,41410,https://en.wikipedia.org/?curid=41410
wd:Q7001161,Network performance,4,1522954,https://en.wikipedia.org/?curid=1522954
wd:Q4417995,Networked learning,4,2830653,https://en.wikipedia.org/?curid=2830653
wd:Q1306528,Neural engineering,4,2567511,https://en.wikipedia.org/?curid=2567511
wd:Q948647,Neuroanatomy,4,337196,https://en.wikipedia.org/?curid=337196
wd:Q1755122,Neurodegenerative disease,4,4464817,https://en.wikipedia.org/?curid=4464817
wd:Q1045712,Neuroeconomics,4,515094,https://en.wikipedia.org/?curid=515094
wd:Q1335366,Neuroendocrinology,4,2467818,https://en.wikipedia.org/?curid=2467818
wd:Q1336265,Neuroethology,4,645120,https://en.wikipedia.org/?curid=645120
wd:Q17165278,Neurogenetics,4,18143331,https://en.wikipedia.org/?curid=18143331
wd:Q2492999,Neuroimmunology,4,4052447,https://en.wikipedia.org/?curid=4052447
wd:Q83042,Neurology,3,21226,https://en.wikipedia.org/?curid=21226
wd:Q3026765,Neuropharmacology,4,1685778,https://en.wikipedia.org/?curid=1685778
wd:Q3621694,Neurophysics,4,14992387,https://en.wikipedia.org/?curid=14992387
wd:Q660910,Neurophysiology,4,374304,https://en.wikipedia.org/?curid=374304
wd:Q849491,Neuroplasticity,4,1948637,https://en.wikipedia.org/?curid=1948637
wd:Q3872,Neuropsychology,4,288292,https://en.wikipedia.org/?curid=288292
wd:Q207011,Neuroscience,3,21245,https://en.wikipedia.org/?curid=21245
wd:Q969316,Neurotransmission,4,2918988,https://en.wikipedia.org/?curid=2918988
wd:Q2126,Neutrino,4,21485,https://en.wikipedia.org/?curid=21485
wd:Q477544,New religious movement,4,201588,https://en.wikipedia.org/?curid=201588
wd:Q11032,Newspaper,4,22112840,https://en.wikipedia.org/?curid=22112840
wd:Q909607,Nitration,4,692867,https://en.wikipedia.org/?curid=692867
wd:Q173106,Node (networking),4,998116,https://en.wikipedia.org/?curid=998116
wd:Q1879301,Noise control,4,3550569,https://en.wikipedia.org/?curid=3550569
wd:Q233858,Non-Euclidean geometry,4,58610,https://en.wikipedia.org/?curid=58610
wd:Q239179,Non-classical logic,3,3192556,https://en.wikipedia.org/?curid=3192556
wd:Q2488768,Non-monotonic logic,4,341086,https://en.wikipedia.org/?curid=341086
wd:Q756033,Nonlinear optics,4,21723,https://en.wikipedia.org/?curid=21723
wd:Q1097688,Nonparametric statistics,4,223369,https://en.wikipedia.org/?curid=223369
wd:Q1503766,Nonstandard analysis,4,21708,https://en.wikipedia.org/?curid=21708
wd:Q1321845,Normative ethics,4,22081,https://en.wikipedia.org/?curid=22081
wd:Q243545,Nuclear chemistry,3,242001,https://en.wikipedia.org/?curid=242001
wd:Q81197,Nuclear physics,3,21285,https://en.wikipedia.org/?curid=21285
wd:Q12739,Nuclear power,3,22153,https://en.wikipedia.org/?curid=22153
wd:Q134447,Nuclear power plant,4,207347,https://en.wikipedia.org/?curid=207347
wd:Q202651,Nuclear transmutation,4,27739443,https://en.wikipedia.org/?curid=27739443
wd:Q12802,Nuclear weapon,4,21785,https://en.wikipedia.org/?curid=21785
wd:Q12479,Number theory,3,21527,https://en.wikipedia.org/?curid=21527
wd:Q11216,Numerical analysis,4,21506,https://en.wikipedia.org/?curid=21506
wd:Q121176,Nursing,3,18403271,https://en.wikipedia.org/?curid=18403271
wd:Q374082,Nursing process,4,1690921,https://en.wikipedia.org/?curid=1690921
wd:Q1590997,Nursing theory,4,1726092,https://en.wikipedia.org/?curid=1726092
wd:Q2138622,Nutrition,4,21525,https://en.wikipedia.org/?curid=21525
wd:Q17652193,Nutritional science,4,4320719,https://en.wikipedia.org/?curid=4320719
wd:Q818557,Observational astronomy,4,507266,https://en.wikipedia.org/?curid=507266
wd:Q818574,Observational study,4,6326483,https://en.wikipedia.org/?curid=6326483
wd:Q5284418,Obstetrics,3,52965,https://en.wikipedia.org/?curid=52965
wd:Q2054164,Occupational health psychology,4,18079605,https://en.wikipedia.org/?curid=18079605
wd:Q628764,Occupational medicine,3,8417064,https://en.wikipedia.org/?curid=8417064
wd:Q629029,Occupational safety and health,4,35319154,https://en.wikipedia.org/?curid=35319154
wd:Q55643,Oceania,4,22621,https://en.wikipedia.org/?curid=22621
wd:Q43518,Oceanography,3,44044,https://en.wikipedia.org/?curid=44044
wd:Q17105064,Offshore geotechnical engineering,4,39639420,https://en.wikipedia.org/?curid=39639420
wd:Q42962,Oil,4,4207510,https://en.wikipedia.org/?curid=4207510
wd:Q952624,Olericulture,4,9372603,https://en.wikipedia.org/?curid=9372603
wd:Q7094098,Online learning community,4,4549152,https://en.wikipedia.org/?curid=4549152
wd:Q44325,Ontology,4,22261,https://en.wikipedia.org/?curid=22261
wd:Q7096341,Open classroom,4,2958612,https://en.wikipedia.org/?curid=2958612
wd:Q9135,Operating system,4,22194,https://en.wikipedia.org/?curid=22194
wd:Q1423657,Operations management,4,1993994,https://en.wikipedia.org/?curid=1993994
wd:Q161437,Ophthalmology,3,56153,https://en.wikipedia.org/?curid=56153
wd:Q49958,Opinion poll,4,277315,https://en.wikipedia.org/?curid=277315
wd:Q1469765,Optical communication,4,164174,https://en.wikipedia.org/?curid=164174
wd:Q640621,Optical engineering,3,372619,https://en.wikipedia.org/?curid=372619
wd:Q162,Optical fiber,4,3372377,https://en.wikipedia.org/?curid=3372377
wd:Q114119245,Optical material,4,71656162,https://en.wikipedia.org/?curid=71656162
wd:Q2248059,Optical storage,4,2343045,https://en.wikipedia.org/?curid=2343045
wd:Q14620,Optics,3,22483,https://en.wikipedia.org/?curid=22483
wd:Q193091,Optoelectronics,4,132883,https://en.wikipedia.org/?curid=132883
wd:Q618211,Optometry,3,181226,https://en.wikipedia.org/?curid=181226
wd:Q2508462,Oral and maxillofacial pathology,4,17584743,https://en.wikipedia.org/?curid=17584743
wd:Q504033,Oral and maxillofacial surgery,4,1137766,https://en.wikipedia.org/?curid=1137766
wd:Q3673891,Oral medicine,4,4042253,https://en.wikipedia.org/?curid=4042253
wd:Q842433,Orbital mechanics,3,182146,https://en.wikipedia.org/?curid=182146
wd:Q24175351,Order theory,4,361924,https://en.wikipedia.org/?curid=361924
wd:Q11351,Organic chemistry,3,22208,https://en.wikipedia.org/?curid=22208
wd:Q174211,Organic compound,4,22203,https://en.wikipedia.org/?curid=22203
wd:Q901002,Organic electronics,4,22190,https://en.wikipedia.org/?curid=22190
wd:Q648191,Organic reaction,4,172592,https://en.wikipedia.org/?curid=172592
wd:Q7239,Organism,4,19653842,https://en.wikipedia.org/?curid=19653842
wd:Q650472,Organization development,4,226594,https://en.wikipedia.org/?curid=226594
wd:Q1937189,Organizational communication,3,228053,https://en.wikipedia.org/?curid=228053
wd:Q237200,Organometallic chemistry,4,22526,https://en.wikipedia.org/?curid=22526
wd:Q131760213,Organophosphorus chemistry,4,4279049,https://en.wikipedia.org/?curid=4279049
wd:Q422785,Organosulfur chemistry,4,1959215,https://en.wikipedia.org/?curid=1959215
wd:Q44703,Ornithology,4,42967,https://en.wikipedia.org/?curid=42967
wd:Q118301,Orthodontics,4,336806,https://en.wikipedia.org/?curid=336806
wd:Q216685,Orthopedic surgery,4,430380,https://en.wikipedia.org/?curid=430380
wd:Q819121,Osteology,4,641572,https://en.wikipedia.org/?curid=641572
wd:Q189553,Otorhinolaryngology,3,22573,https://en.wikipedia.org/?curid=22573
wd:Q7112556,Outline of applied science,1,33764165,https://en.wikipedia.org/?curid=33764165
wd:Q18358863,Outline of botany,3,13725873,https://en.wikipedia.org/?curid=13725873
wd:Q7112648,Outline of geology,3,14343000,https://en.wikipedia.org/?curid=14343000
wd:Q7112650,Outline of geophysics,4,33462592,https://en.wikipedia.org/?curid=33462592
wd:Q135264499,Outline of health sciences,2,14002,https://en.wikipedia.org/?curid=14002
wd:Q7112655,Outline of history,3,3402732,https://en.wikipedia.org/?curid=3402732
wd:Q780811,Oyster farming,4,3439783,https://en.wikipedia.org/?curid=3439783
wd:Q183140,Ozone depletion,4,44183,https://en.wikipedia.org/?curid=44183
wd:Q2845236,P-adic analysis,4,291327,https://en.wikipedia.org/?curid=291327
wd:Q81938,Pain,4,24373,https://en.wikipedia.org/?curid=24373
wd:Q11629,Painting,4,18622193,https://en.wikipedia.org/?curid=18622193
wd:Q52151,Palaeogeography,4,349868,https://en.wikipedia.org/?curid=349868
wd:Q1578310,Paleobiology,4,5658554,https://en.wikipedia.org/?curid=5658554
wd:Q2839806,Paleoceanography,4,3745308,https://en.wikipedia.org/?curid=3745308
wd:Q191069,Paleoclimatology,4,51042,https://en.wikipedia.org/?curid=51042
wd:Q7205,Paleontology,4,23084,https://en.wikipedia.org/?curid=23084
wd:Q212919,Palynology,4,328274,https://en.wikipedia.org/?curid=328274
wd:Q7132695,Paper engineering,4,231209,https://en.wikipedia.org/?curid=231209
wd:Q205299,Paper size,4,166105,https://en.wikipedia.org/?curid=166105
wd:Q426592,Paraconsistent logic,4,421085,https://en.wikipedia.org/?curid=421085
wd:Q689971,Paradigm shift,4,25081,https://en.wikipedia.org/?curid=25081
wd:Q232661,Parallel computing,4,145162,https://en.wikipedia.org/?curid=145162
wd:Q1849855,Parametric statistics,4,223366,https://en.wikipedia.org/?curid=223366
wd:Q180502,Parasitology,4,383854,https://en.wikipedia.org/?curid=383854
wd:Q130825,Particle accelerator,4,18589032,https://en.wikipedia.org/?curid=18589032
wd:Q736634,Particle detector,4,478538,https://en.wikipedia.org/?curid=478538
wd:Q18334,Particle physics,3,23259,https://en.wikipedia.org/?curid=23259
wd:Q1990841,Password strength,4,4459886,https://en.wikipedia.org/?curid=4459886
wd:Q1969601,Pathfinding,4,2426057,https://en.wikipedia.org/?curid=2426057
wd:Q804517,Pathogenic bacteria,4,15464966,https://en.wikipedia.org/?curid=15464966
wd:Q7208,Pathology,3,48791,https://en.wikipedia.org/?curid=48791
wd:Q1294584,Pattern language,4,182837,https://en.wikipedia.org/?curid=182837
wd:Q15820293,Peace and conflict studies,4,1546697,https://en.wikipedia.org/?curid=1546697
wd:Q7922,Pedagogy,3,419686,https://en.wikipedia.org/?curid=419686
wd:Q2086597,Pediatric dentistry,4,20877944,https://en.wikipedia.org/?curid=20877944
wd:Q123028,Pediatrics,3,23593,https://en.wikipedia.org/?curid=23593
wd:Q215501,Pedology,4,59408,https://en.wikipedia.org/?curid=59408
wd:Q184485,Performing arts,3,22938,https://en.wikipedia.org/?curid=22938
wd:Q938196,Periodontology,4,2265239,https://en.wikipedia.org/?curid=2265239
wd:Q253613,Personal finance,4,341987,https://en.wikipedia.org/?curid=341987
wd:Q271716,Personality psychology,4,24984,https://en.wikipedia.org/?curid=24984
wd:Q2306047,Pest control,4,855297,https://en.wikipedia.org/?curid=855297
wd:Q1273174,Petroleum engineering,3,65465,https://en.wikipedia.org/?curid=65465
wd:Q862571,Petroleum industry,4,994887,https://en.wikipedia.org/?curid=994887
wd:Q1059843,Petroleum product,4,1428868,https://en.wikipedia.org/?curid=1428868
wd:Q7178978,Petroleum production engineering,4,30695016,https://en.wikipedia.org/?curid=30695016
wd:Q7180749,Pharmaceutical engineering,4,19419701,https://en.wikipedia.org/?curid=19419701
wd:Q186249,Pharmaceutics,4,920218,https://en.wikipedia.org/?curid=920218
wd:Q55629801,Pharmacoepigenetics,4,56840878,https://en.wikipedia.org/?curid=56840878
wd:Q1152227,Pharmacogenomics,4,1004486,https://en.wikipedia.org/?curid=1004486
wd:Q319616,Pharmacognosy,4,592949,https://en.wikipedia.org/?curid=592949
wd:Q323936,Pharmacokinetics,4,9674107,https://en.wikipedia.org/?curid=9674107
wd:Q128406,Pharmacology,3,24354,https://en.wikipedia.org/?curid=24354
wd:Q7180793,Pharmacometabolomics,4,34939027,https://en.wikipedia.org/?curid=34939027
wd:Q30314286,Pharmacomicrobiomics,4,53368771,https://en.wikipedia.org/?curid=53368771
wd:Q185357,Phase transition,4,54423,https://en.wikipedia.org/?curid=54423
wd:Q272737,Phenology,4,536188,https://en.wikipedia.org/?curid=536188
wd:Q7186193,Philosophical methodology,4,23012,https://en.wikipedia.org/?curid=23012
wd:Q5891,Philosophy,2,13692155,https://en.wikipedia.org/?curid=13692155
wd:Q484761,Philosophy of language,3,6880370,https://en.wikipedia.org/?curid=6880370
wd:Q180536,Philosophy of mathematics,4,46439,https://en.wikipedia.org/?curid=46439
wd:Q23407,Philosophy of mind,4,6880483,https://en.wikipedia.org/?curid=6880483
wd:Q59115,Philosophy of science,3,37010,https://en.wikipedia.org/?curid=37010
wd:Q1754940,Philosophy of space and time,4,655002,https://en.wikipedia.org/?curid=655002
wd:Q35395,Phonetics,4,23194,https://en.wikipedia.org/?curid=23194
wd:Q40998,Phonology,4,23247,https://en.wikipedia.org/?curid=23247
wd:Q908917,Photobiology,4,578784,https://en.wikipedia.org/?curid=578784
wd:Q188651,Photochemistry,4,363430,https://en.wikipedia.org/?curid=363430
wd:Q11633,Photography,4,23604,https://en.wikipedia.org/?curid=23604
wd:Q1073340,Photometry (astronomy),4,207560,https://en.wikipedia.org/?curid=207560
wd:Q467054,Photonics,3,184904,https://en.wikipedia.org/?curid=184904
wd:Q11982,Photosynthesis,4,24544,https://en.wikipedia.org/?curid=24544
wd:Q192127,Photovoltaics,4,652531,https://en.wikipedia.org/?curid=652531
wd:Q188391,Phycology,4,90347,https://en.wikipedia.org/?curid=90347
wd:Q11372,Physical chemistry,3,23635,https://en.wikipedia.org/?curid=23635
wd:Q173227,Physical constant,4,23205,https://en.wikipedia.org/?curid=23205
wd:Q18346,Physical cosmology,4,5378,https://en.wikipedia.org/?curid=5378
wd:Q52107,Physical geography,3,23263,https://en.wikipedia.org/?curid=23263
wd:Q1337681,Physical oceanography,4,387440,https://en.wikipedia.org/?curid=387440
wd:Q942347,Physical optics,4,2460242,https://en.wikipedia.org/?curid=2460242
wd:Q652513,Physical organic chemistry,4,11304514,https://en.wikipedia.org/?curid=11304514
wd:Q107715,Physical quantity,3,23204,https://en.wikipedia.org/?curid=23204
wd:Q186005,Physical therapy,3,24022,https://en.wikipedia.org/?curid=24022
wd:Q413,Physics,2,22939,https://en.wikipedia.org/?curid=22939
wd:Q2599934,Physics beyond the Standard Model,4,4043742,https://en.wikipedia.org/?curid=4043742
wd:Q521,Physiology,3,23597,https://en.wikipedia.org/?curid=23597
wd:Q640068,Phytochemistry,4,1246630,https://en.wikipedia.org/?curid=1246630
wd:Q104499,Planetary science,3,36224143,https://en.wikipedia.org/?curid=36224143
wd:Q7201252,Planetary surface,4,34661457,https://en.wikipedia.org/?curid=34661457
wd:Q309100,Planning,4,378010,https://en.wikipedia.org/?curid=378010
wd:Q4021,Plant anatomy,4,7555884,https://en.wikipedia.org/?curid=7555884
wd:Q788558,Plant breeding,4,30876044,https://en.wikipedia.org/?curid=30876044
wd:Q1387972,Plant ecology,4,23470640,https://en.wikipedia.org/?curid=23470640
wd:Q7201518,Plant genetics,4,22346936,https://en.wikipedia.org/?curid=22346936
wd:Q655362,Plant morphology,4,7556348,https://en.wikipedia.org/?curid=7556348
wd:Q185973,Plant physiology,4,637102,https://en.wikipedia.org/?curid=637102
wd:Q2725616,Plant reproduction,4,6614349,https://en.wikipedia.org/?curid=6614349
wd:Q1138178,Plant taxonomy,4,4016398,https://en.wikipedia.org/?curid=4016398
wd:Q10251,Plasma (physics),3,25916521,https://en.wikipedia.org/?curid=25916521
wd:Q1934083,Plasma lamp,4,24969353,https://en.wikipedia.org/?curid=24969353
wd:Q4364316,Plasma processing,4,486529,https://en.wikipedia.org/?curid=486529
wd:Q1425292,Plastics engineering,4,1548441,https://en.wikipedia.org/?curid=1548441
wd:Q2098720,Plate theory,4,26155440,https://en.wikipedia.org/?curid=26155440
wd:Q211500,Pneumatics,4,195891,https://en.wikipedia.org/?curid=195891
wd:Q482,Poetry,4,22926,https://en.wikipedia.org/?curid=22926
wd:Q7208287,Point process,4,2147685,https://en.wikipedia.org/?curid=2147685
wd:Q215179,Point-to-Point Protocol,4,23511,https://en.wikipedia.org/?curid=23511
wd:Q193372,Polar climate,4,50048,https://en.wikipedia.org/?curid=50048
wd:Q193760,Polarization (physics),4,41564,https://en.wikipedia.org/?curid=41564
wd:Q3179130,Policy studies,4,10412265,https://en.wikipedia.org/?curid=10412265
wd:Q47555,Political economy,4,46044,https://en.wikipedia.org/?curid=46044
wd:Q191320,Political geography,4,1845092,https://en.wikipedia.org/?curid=1845092
wd:Q1147507,Political history,4,221737,https://en.wikipedia.org/?curid=221737
wd:Q179805,Political philosophy,3,23040,https://en.wikipedia.org/?curid=23040
wd:Q1596387,Political psychology,4,1450022,https://en.wikipedia.org/?curid=1450022
wd:Q36442,Political science,3,24388,https://en.wikipedia.org/?curid=24388
wd:Q745692,Political sociology,4,299378,https://en.wikipedia.org/?curid=299378
wd:Q7163,Politics,2,22986,https://en.wikipedia.org/?curid=22986
wd:Q1121558,Politics of France,4,33841029,https://en.wikipedia.org/?curid=33841029
wd:Q688192,Politics of Switzerland,4,27464,https://en.wikipedia.org/?curid=27464
wd:Q330963,Politics of the United States,4,32021,https://en.wikipedia.org/?curid=32021
wd:Q58734,Pollution,3,24872,https://en.wikipedia.org/?curid=24872
wd:Q750446,Polymer chemistry,4,656965,https://en.wikipedia.org/?curid=656965
wd:Q3531548,Polymer engineering,4,12743856,https://en.wikipedia.org/?curid=12743856
wd:Q43260,Polynomial,4,23000,https://en.wikipedia.org/?curid=23000
wd:Q35911,Pomology,4,1359960,https://en.wikipedia.org/?curid=1359960
wd:Q904564,Population dynamics,4,501466,https://en.wikipedia.org/?curid=501466
wd:Q1049866,Population ecology,4,1156819,https://en.wikipedia.org/?curid=1156819
wd:Q31151,Population genetics,4,219268,https://en.wikipedia.org/?curid=219268
wd:Q852082,Population geography,4,1923795,https://en.wikipedia.org/?curid=1923795
wd:Q180490,Populism,4,211484,https://en.wikipedia.org/?curid=211484
wd:Q1049673,Port forwarding,4,757166,https://en.wikipedia.org/?curid=757166
wd:Q718809,Positive psychology,4,179948,https://en.wikipedia.org/?curid=179948
wd:Q131015,Positivism,4,2871407,https://en.wikipedia.org/?curid=2871407
wd:Q7234117,Post-classical history,3,13139823,https://en.wikipedia.org/?curid=13139823
wd:Q7233576,Post-quantum cryptography,4,26605226,https://en.wikipedia.org/?curid=26605226
wd:Q595448,Postmodern architecture,4,964995,https://en.wikipedia.org/?curid=964995
wd:Q861182,Poultry farming,4,12116844,https://en.wikipedia.org/?curid=12116844
wd:Q593143,Power electronics,4,1001628,https://en.wikipedia.org/?curid=1001628
wd:Q1803786,Power engineering,3,618077,https://en.wikipedia.org/?curid=618077
wd:Q1756067,Power system protection,4,4242000,https://en.wikipedia.org/?curid=4242000
wd:Q181839,Pragmatics,4,44816,https://en.wikipedia.org/?curid=44816
wd:Q202390,Pre-Columbian era,4,90001,https://en.wikipedia.org/?curid=90001
wd:Q951781,Prefabricated building,4,5754502,https://en.wikipedia.org/?curid=5754502
wd:Q11756,Prehistory,3,18994022,https://en.wikipedia.org/?curid=18994022
wd:Q1773974,Preventive healthcare,3,1032780,https://en.wikipedia.org/?curid=1032780
wd:Q2516951,Pricing,4,239887,https://en.wikipedia.org/?curid=239887
wd:Q975085,Primary education,4,11722032,https://en.wikipedia.org/?curid=11722032
wd:Q188728,Privacy,4,25009,https://en.wikipedia.org/?curid=25009
wd:Q7246002,Privacy-enhancing technologies,4,14389259,https://en.wikipedia.org/?curid=14389259
wd:Q2599292,Probabilistic logic,4,5017608,https://en.wikipedia.org/?curid=5017608
wd:Q7246860,Probabilistic number theory,4,3644492,https://en.wikipedia.org/?curid=3644492
wd:Q200726,Probability distribution,4,23543,https://en.wikipedia.org/?curid=23543
wd:Q5862903,Probability theory,3,23542,https://en.wikipedia.org/?curid=23542
wd:Q1060990,Problem-based learning,4,362386,https://en.wikipedia.org/?curid=362386
wd:Q936044,Procedural law,4,24612,https://en.wikipedia.org/?curid=24612
wd:Q2144042,Process engineering,3,601958,https://en.wikipedia.org/?curid=601958
wd:Q1466064,Processor (computing),4,37509820,https://en.wikipedia.org/?curid=37509820
wd:Q1303814,Processor design,4,7597,https://en.wikipedia.org/?curid=7597
wd:Q829492,Procurement,4,763365,https://en.wikipedia.org/?curid=763365
wd:Q2424752,Product (business),4,240410,https://en.wikipedia.org/?curid=240410
wd:Q1780667,Product management,4,239850,https://en.wikipedia.org/?curid=239850
wd:Q9143,Programming language,4,23015,https://en.wikipedia.org/?curid=23015
wd:Q2670534,Programming language theory,3,3882218,https://en.wikipedia.org/?curid=3882218
wd:Q821102,Progressivism,4,26636309,https://en.wikipedia.org/?curid=26636309
wd:Q179012,Project management,4,24042,https://en.wikipedia.org/?curid=24042
wd:Q177409,Projective geometry,4,243849,https://en.wikipedia.org/?curid=243849
wd:Q353163,Promotion (marketing),4,1752402,https://en.wikipedia.org/?curid=1752402
wd:Q852732,Proof theory,4,183478,https://en.wikipedia.org/?curid=183478
wd:Q2112968,Propensity probability,4,11351089,https://en.wikipedia.org/?curid=11351089
wd:Q200694,Propositional calculus,4,18154,https://en.wikipedia.org/?curid=18154
wd:Q2583685,Propulsion,4,49023,https://en.wikipedia.org/?curid=49023
wd:Q676,Prose,4,52103,https://en.wikipedia.org/?curid=52103
wd:Q1349700,Prosthodontics,4,1356602,https://en.wikipedia.org/?curid=1356602
wd:Q55761529,Protease inhibitor (pharmacology),4,653278,https://en.wikipedia.org/?curid=653278
wd:Q8054,Protein,4,23634,https://en.wikipedia.org/?curid=23634
wd:Q211935,Protein biosynthesis,4,24553,https://en.wikipedia.org/?curid=24553
wd:Q847556,Protein folding,4,52085,https://en.wikipedia.org/?curid=52085
wd:Q2115856,Pseudorandomness,4,23210,https://en.wikipedia.org/?curid=23210
wd:Q7256235,Psychiatric genetics,4,6828663,https://en.wikipedia.org/?curid=6828663
wd:Q7867,Psychiatry,3,18973869,https://en.wikipedia.org/?curid=18973869
wd:Q41630,Psychoanalysis,4,23585,https://en.wikipedia.org/?curid=23585
wd:Q2279219,Psychodynamic psychotherapy,4,1549718,https://en.wikipedia.org/?curid=1549718
wd:Q179488,Psycholinguistics,3,160538,https://en.wikipedia.org/?curid=160538
wd:Q9418,Psychology,2,22921,https://en.wikipedia.org/?curid=22921
wd:Q368498,Psychology of religion,4,507197,https://en.wikipedia.org/?curid=507197
wd:Q506132,Psychometrics,4,24982,https://en.wikipedia.org/?curid=24982
wd:Q1515727,Psychopharmacology,4,45621,https://en.wikipedia.org/?curid=45621
wd:Q2248246,Public economics,4,18532781,https://en.wikipedia.org/?curid=18532781
wd:Q274490,Public finance,4,268515,https://en.wikipedia.org/?curid=268515
wd:Q207892,Public law,4,287860,https://en.wikipedia.org/?curid=287860
wd:Q4353946,Public sociology,3,1722782,https://en.wikipedia.org/?curid=1722782
wd:Q178512,Public transport,4,26162030,https://en.wikipedia.org/?curid=26162030
wd:Q201339,Public-key cryptography,4,24222,https://en.wikipedia.org/?curid=24222
wd:Q3972943,Publishing,3,68761,https://en.wikipedia.org/?curid=68761
wd:Q203337,Pulmonology,3,585383,https://en.wikipedia.org/?curid=585383
wd:Q839486,Qualitative research,4,371299,https://en.wikipedia.org/?curid=371299
wd:Q757012,Quality management,4,1614268,https://en.wikipedia.org/?curid=1614268
wd:Q20738516,Quantitative analysis (finance),4,29295573,https://en.wikipedia.org/?curid=29295573
wd:Q550479,Quantitative genetics,4,297382,https://en.wikipedia.org/?curid=297382
wd:Q2198157,Quantitative linguistics,4,27426169,https://en.wikipedia.org/?curid=27426169
wd:Q7268941,Quantitative psychology,4,3067624,https://en.wikipedia.org/?curid=3067624
wd:Q730675,Quantitative research,4,389564,https://en.wikipedia.org/?curid=389564
wd:Q2070563,Quantities of information,4,6101309,https://en.wikipedia.org/?curid=6101309
wd:Q198099,Quantization (signal processing),4,317018,https://en.wikipedia.org/?curid=317018
wd:Q1429339,Quantum biology,4,13537626,https://en.wikipedia.org/?curid=13537626
wd:Q188403,Quantum chemistry,4,25211,https://en.wikipedia.org/?curid=25211
wd:Q17995793,Quantum computing,4,25220,https://en.wikipedia.org/?curid=25220
wd:Q234881,Quantum electrodynamics,4,25268,https://en.wikipedia.org/?curid=25268
wd:Q54505,Quantum field theory,3,25267,https://en.wikipedia.org/?curid=25267
wd:Q55648550,Quantum foundations,4,57121312,https://en.wikipedia.org/?curid=57121312
wd:Q234181,Quantum gravity,4,25312,https://en.wikipedia.org/?curid=25312
wd:Q2122243,Quantum information,4,25274,https://en.wikipedia.org/?curid=25274
wd:Q1206311,Quantum logic,4,663426,https://en.wikipedia.org/?curid=663426
wd:Q944,Quantum mechanics,3,25202,https://en.wikipedia.org/?curid=25202
wd:Q735602,Quantum optics,4,658955,https://en.wikipedia.org/?curid=658955
wd:Q2453249,Quaternary science,4,12591925,https://en.wikipedia.org/?curid=12591925
wd:Q47528,Radar,4,25676,https://en.wikipedia.org/?curid=25676
wd:Q1363977,Radio-frequency engineering,3,13485805,https://en.wikipedia.org/?curid=13485805
wd:Q750955,Radiochemistry,4,2035588,https://en.wikipedia.org/?curid=2035588
wd:Q77604,Radiology,3,152623,https://en.wikipedia.org/?curid=152623
wd:Q4260703,Railway engineering,3,5235231,https://en.wikipedia.org/?curid=5235231
wd:Q583461,Randomized algorithm,4,495383,https://en.wikipedia.org/?curid=495383
wd:Q192355,Raw material,4,216167,https://en.wikipedia.org/?curid=216167
wd:Q373406,Reaction mechanism,4,607530,https://en.wikipedia.org/?curid=607530
wd:Q854531,Real analysis,4,26478,https://en.wikipedia.org/?curid=26478
wd:Q1660119,Real estate economics,4,1327762,https://en.wikipedia.org/?curid=1327762
wd:Q3988,Real-time computing,4,25767,https://en.wikipedia.org/?curid=25767
wd:Q898367,Rearrangement reaction,4,1741375,https://en.wikipedia.org/?curid=1741375
wd:Q178354,Reason,4,42446,https://en.wikipedia.org/?curid=42446
wd:Q208467,Receptor (biochemistry),4,569480,https://en.wikipedia.org/?curid=569480
wd:Q554950,Recommender system,4,596646,https://en.wikipedia.org/?curid=596646
wd:Q82682,Redox,4,66313,https://en.wikipedia.org/?curid=66313
wd:Q121769,Reference,4,20110874,https://en.wikipedia.org/?curid=20110874
wd:Q266790,Refrigerant,4,592486,https://en.wikipedia.org/?curid=592486
wd:Q747713,Refrigeration,4,46238,https://en.wikipedia.org/?curid=46238
wd:Q1328737,Regional economics,4,4534169,https://en.wikipedia.org/?curid=4534169
wd:Q817121,Regional geography,3,711230,https://en.wikipedia.org/?curid=711230
wd:Q208042,Regression analysis,4,826997,https://en.wikipedia.org/?curid=826997
wd:Q1819478,Rehabilitation (neuropsychology),4,331330,https://en.wikipedia.org/?curid=331330
wd:Q830687,Reinforcement learning,4,66294,https://en.wikipedia.org/?curid=66294
wd:Q192588,Relational database,4,25873,https://en.wikipedia.org/?curid=25873
wd:Q2193887,Reliability engineering,3,1724836,https://en.wikipedia.org/?curid=1724836
wd:Q9174,Religion,2,25414,https://en.wikipedia.org/?curid=25414
wd:Q814997,Religious conversion,4,25597,https://en.wikipedia.org/?curid=25597
wd:Q670732,Religious law,4,201285,https://en.wikipedia.org/?curid=201285
wd:Q34187,Religious studies,3,354220,https://en.wikipedia.org/?curid=354220
wd:Q199687,Remote sensing,4,228148,https://en.wikipedia.org/?curid=228148
wd:Q176953,Rendering (computer graphics),4,6604,https://en.wikipedia.org/?curid=6604
wd:Q11899851,Renewable energy in India,4,23127931,https://en.wikipedia.org/?curid=23127931
wd:Q2145270,Representation (arts),4,2653427,https://en.wikipedia.org/?curid=2653427
wd:Q13220368,Representation theory,4,19378200,https://en.wikipedia.org/?curid=19378200
wd:Q3640158,Reproductive biology,4,1818326,https://en.wikipedia.org/?curid=1818326
wd:Q1170431,Resampling (statistics),4,3763850,https://en.wikipedia.org/?curid=3763850
wd:Q42240,Research,2,25524,https://en.wikipedia.org/?curid=25524
wd:Q5916050,Reservoir engineering,4,5879295,https://en.wikipedia.org/?curid=5879295
wd:Q1257918,Residual stress,4,1873277,https://en.wikipedia.org/?curid=1873277
wd:Q172858,Resonance,4,41660,https://en.wikipedia.org/?curid=41660
wd:Q14431238,Resource management,4,1044927,https://en.wikipedia.org/?curid=1044927
wd:Q7315837,Resource recovery,4,32845594,https://en.wikipedia.org/?curid=32845594
wd:Q3286546,Respiratory disease,4,3055114,https://en.wikipedia.org/?curid=3055114
wd:Q126793,Retail,4,183515,https://en.wikipedia.org/?curid=183515
wd:Q1076291,Retaining wall,4,521079,https://en.wikipedia.org/?curid=521079
wd:Q327657,Rheumatology,3,209948,https://en.wikipedia.org/?curid=209948
wd:Q780687,Rights,4,51490,https://en.wikipedia.org/?curid=51490
wd:Q28951811,Ring system,4,24718,https://en.wikipedia.org/?curid=24718
wd:Q189447,Risk management,4,26404,https://en.wikipedia.org/?curid=26404
wd:Q1187134,River engineering,4,3966984,https://en.wikipedia.org/?curid=3966984
wd:Q170978,Robotics,3,20903754,https://en.wikipedia.org/?curid=20903754
wd:Q1665389,Robust statistics,4,2885691,https://en.wikipedia.org/?curid=2885691
wd:Q160738,Role-playing game,4,25475,https://en.wikipedia.org/?curid=25475
wd:Q1393258,Rural economics,4,19839947,https://en.wikipedia.org/?curid=19839947
wd:Q396246,Rural sociology,4,155953,https://en.wikipedia.org/?curid=155953
wd:Q6496962,Safety engineering,3,29278,https://en.wikipedia.org/?curid=29278
wd:Q210868,Sampling (signal processing),4,201605,https://en.wikipedia.org/?curid=201605
wd:Q49908,Sampling (statistics),4,160361,https://en.wikipedia.org/?curid=160361
wd:Q179435,Satellite navigation,4,1515653,https://en.wikipedia.org/?curid=1515653
wd:Q1289248,Scalar (mathematics),4,3588331,https://en.wikipedia.org/?curid=3588331
wd:Q210028,Scattering,4,164483,https://en.wikipedia.org/?curid=164483
wd:Q107174690,Schrödinger logic,4,13694339,https://en.wikipedia.org/?curid=13694339
wd:Q24925,Science fiction,4,26787,https://en.wikipedia.org/?curid=26787
wd:Q471839,Science fiction film,4,179757,https://en.wikipedia.org/?curid=179757
wd:Q46857,Scientific method,4,26833,https://en.wikipedia.org/?curid=26833
wd:Q431354,Scientific realism,4,270804,https://en.wikipedia.org/?curid=270804
wd:Q1965486,Scientific writing,4,4541652,https://en.wikipedia.org/?curid=4541652
wd:Q11634,Sculpture,4,26714,https://en.wikipedia.org/?curid=26714
wd:Q4182287,Search engine,4,4059023,https://en.wikipedia.org/?curid=4059023
wd:Q1455178,Second-language acquisition,4,1199964,https://en.wikipedia.org/?curid=1199964
wd:Q1548746,Second-order logic,4,341428,https://en.wikipedia.org/?curid=341428
wd:Q13006147,Secondary education,4,29498,https://en.wikipedia.org/?curid=29498
wd:Q205768,Sedimentology,4,182779,https://en.wikipedia.org/?curid=182779
wd:Q2656128,Seismic analysis,4,1800557,https://en.wikipedia.org/?curid=1800557
wd:Q83371,Seismology,4,28935,https://en.wikipedia.org/?curid=28935
wd:Q39645,Semantics,4,29107,https://en.wikipedia.org/?curid=29107
wd:Q1437428,Semantics (computer science),4,397608,https://en.wikipedia.org/?curid=397608
wd:Q60195,Semiotics,3,29301,https://en.wikipedia.org/?curid=29301
wd:Q1889114,Sensitivity analysis,4,620083,https://en.wikipedia.org/?curid=620083
wd:Q7451127,Sensory ecology,4,10013549,https://en.wikipedia.org/?curid=10013549
wd:Q2271421,Sentiment analysis,4,6435232,https://en.wikipedia.org/?curid=6435232
wd:Q79896,Separation of powers,3,28561,https://en.wikipedia.org/?curid=28561
wd:Q898987,Separation process,4,34880278,https://en.wikipedia.org/?curid=34880278
wd:Q183134,Sepsis,4,158400,https://en.wikipedia.org/?curid=158400
wd:Q864650,Sericulture,4,953081,https://en.wikipedia.org/?curid=953081
wd:Q12482,Set theory,4,27553,https://en.wikipedia.org/?curid=27553
wd:Q1433370,Shrimp farming,4,2167484,https://en.wikipedia.org/?curid=2167484
wd:Q1259123,Signal generator,4,41927,https://en.wikipedia.org/?curid=41927
wd:Q208163,Signal processing,3,29324,https://en.wikipedia.org/?curid=29324
wd:Q720362,Silviculture,4,1031149,https://en.wikipedia.org/?curid=1031149
wd:Q1395219,Skepticism,4,26810,https://en.wikipedia.org/?curid=26810
wd:Q1934361,Skills management,4,4709561,https://en.wikipedia.org/?curid=4709561
wd:Q1074,Skin,4,27978,https://en.wikipedia.org/?curid=27978
wd:Q193275,Small Solar System body,4,6661422,https://en.wikipedia.org/?curid=6661422
wd:Q130768,Smoke,4,27001,https://en.wikipedia.org/?curid=27001
wd:Q29051,Social anthropology,3,33661613,https://en.wikipedia.org/?curid=33661613
wd:Q2642673,Social constructionism,4,203510,https://en.wikipedia.org/?curid=203510
wd:Q121254,Social democracy,4,18247265,https://en.wikipedia.org/?curid=18247265
wd:Q908604,Social history,4,222291,https://en.wikipedia.org/?curid=222291
wd:Q264892,Social justice,4,48990,https://en.wikipedia.org/?curid=48990
wd:Q202833,Social media,4,5897742,https://en.wikipedia.org/?curid=5897742
wd:Q2715623,Social network,3,34327569,https://en.wikipedia.org/?curid=34327569
wd:Q1713511,Social ontology,4,24285129,https://en.wikipedia.org/?curid=24285129
wd:Q4430243,Social organization,4,5100437,https://en.wikipedia.org/?curid=5100437
wd:Q180592,Social philosophy,3,586276,https://en.wikipedia.org/?curid=586276
wd:Q161272,Social psychology,4,26990,https://en.wikipedia.org/?curid=26990
wd:Q12336277,Social research,3,373212,https://en.wikipedia.org/?curid=373212
wd:Q34749,Social science,1,26781,https://en.wikipedia.org/?curid=26781
wd:Q7272,Socialism,4,26847,https://en.wikipedia.org/?curid=26847
wd:Q3578779,Socialist economics,4,43069513,https://en.wikipedia.org/?curid=43069513
wd:Q1643441,Socioeconomics,4,503119,https://en.wikipedia.org/?curid=503119
wd:Q160845,Sociolinguistics,4,89842,https://en.wikipedia.org/?curid=89842
wd:Q1377163,Sociological theory,3,3452443,https://en.wikipedia.org/?curid=3452443
wd:Q21201,Sociology,2,18717981,https://en.wikipedia.org/?curid=18717981
wd:Q1570681,Sociology of culture,4,3193582,https://en.wikipedia.org/?curid=3193582
wd:Q829367,Sociology of education,4,5704308,https://en.wikipedia.org/?curid=5704308
wd:Q613474,Soft systems methodology,4,1101984,https://en.wikipedia.org/?curid=1101984
wd:Q857102,Software design,4,223325,https://en.wikipedia.org/?curid=223325
wd:Q638608,Software development,3,248932,https://en.wikipedia.org/?curid=248932
wd:Q467707,Software development kit,4,166087,https://en.wikipedia.org/?curid=166087
wd:Q2904257,Software development process,4,23407868,https://en.wikipedia.org/?curid=23407868
wd:Q80993,Software engineering,3,27010,https://en.wikipedia.org/?curid=27010
wd:Q1412670,Software quality,4,1301906,https://en.wikipedia.org/?curid=1301906
wd:Q40015,Solar energy,4,27743,https://en.wikipedia.org/?curid=27743
wd:Q2043698,Solar physics,4,2792708,https://en.wikipedia.org/?curid=2792708
wd:Q1483757,Solar power,3,13690575,https://en.wikipedia.org/?curid=13690575
wd:Q2991685,Solid modeling,4,457579,https://en.wikipedia.org/?curid=457579
wd:Q2026994,Solid-phase synthesis,4,1301081,https://en.wikipedia.org/?curid=1301081
wd:Q908684,Solid-state chemistry,4,66315,https://en.wikipedia.org/?curid=66315
wd:Q650257,Solid-state laser,4,3184580,https://en.wikipedia.org/?curid=3184580
wd:Q715396,Solid-state physics,4,102847,https://en.wikipedia.org/?curid=102847
wd:Q2475074,Sonochemistry,4,3173180,https://en.wikipedia.org/?curid=3173180
wd:Q3624078,Sovereign state,3,23604120,https://en.wikipedia.org/?curid=23604120
wd:Q7572581,Space environment,3,1677464,https://en.wikipedia.org/?curid=1677464
wd:Q180046,Space exploration,4,28431,https://en.wikipedia.org/?curid=28431
wd:Q6643326,Space physics,4,4724840,https://en.wikipedia.org/?curid=4724840
wd:Q3110906,Space syntax,4,174704,https://en.wikipedia.org/?curid=174704
wd:Q49390,Space tourism,4,67896,https://en.wikipedia.org/?curid=67896
wd:Q40218,Spacecraft,4,37910,https://en.wikipedia.org/?curid=37910
wd:Q648588,Spacecraft electric propulsion,4,6650279,https://en.wikipedia.org/?curid=6650279
wd:Q5916,Spaceflight,4,77178,https://en.wikipedia.org/?curid=77178
wd:Q11455,Special relativity,4,26962,https://en.wikipedia.org/?curid=26962
wd:Q483666,Spectroscopy,4,27752,https://en.wikipedia.org/?curid=27752
wd:Q25481968,Speech act,4,44836,https://en.wikipedia.org/?curid=44836
wd:Q189436,Speech recognition,4,29468,https://en.wikipedia.org/?curid=29468
wd:Q16346,Speech synthesis,4,42799,https://en.wikipedia.org/?curid=42799
wd:Q46463,Spherical trigonometry,4,650405,https://en.wikipedia.org/?curid=650405
wd:Q7577399,Spin chemistry,4,4866481,https://en.wikipedia.org/?curid=4866481
wd:Q840545,Sports medicine,4,1365637,https://en.wikipedia.org/?curid=1365637
wd:Q18338,Standard Model,4,47641,https://en.wikipedia.org/?curid=47641
wd:Q523,Star,4,26808,https://en.wikipedia.org/?curid=26808
wd:Q11430,State of matter,4,37461,https://en.wikipedia.org/?curid=37461
wd:Q169019,Statics,4,28767,https://en.wikipedia.org/?curid=28767
wd:Q1744628,Statistical classification,4,1579244,https://en.wikipedia.org/?curid=1579244
wd:Q3427422,Statistical graphics,4,15934463,https://en.wikipedia.org/?curid=15934463
wd:Q210832,Statistical hypothesis testing,4,30284,https://en.wikipedia.org/?curid=30284
wd:Q938438,Statistical inference,3,27577,https://en.wikipedia.org/?curid=27577
wd:Q7604400,Statistical learning theory,4,1053303,https://en.wikipedia.org/?curid=1053303
wd:Q188715,Statistical mechanics,4,28481,https://en.wikipedia.org/?curid=28481
wd:Q3284399,Statistical model,4,27576,https://en.wikipedia.org/?curid=27576
wd:Q3551145,Statistical theory,4,27579,https://en.wikipedia.org/?curid=27579
wd:Q12483,Statistics,2,26685,https://en.wikipedia.org/?curid=26685
wd:Q1057093,Stellar nucleosynthesis,4,152440,https://en.wikipedia.org/?curid=152440
wd:Q186011,Stereochemistry,4,28756,https://en.wikipedia.org/?curid=28756
wd:Q176737,Stochastic process,4,47895,https://en.wikipedia.org/?curid=47895
wd:Q11759,Stone Age,4,29219,https://en.wikipedia.org/?curid=29219
wd:Q932522,Strategic planning,4,227101,https://en.wikipedia.org/?curid=227101
wd:Q134783,Stratigraphy,4,182783,https://en.wikipedia.org/?curid=182783
wd:Q123414,Stress (biology),4,146072,https://en.wikipedia.org/?curid=146072
wd:Q908902,Structural biology,4,29400,https://en.wikipedia.org/?curid=29400
wd:Q971776,Structural chemistry,4,52821408,https://en.wikipedia.org/?curid=52821408
wd:Q633538,Structural engineering,3,45829,https://en.wikipedia.org/?curid=45829
wd:Q7625025,Structural engineering theory,4,22615327,https://en.wikipedia.org/?curid=22615327
wd:Q831725,Structural functionalism,4,323779,https://en.wikipedia.org/?curid=323779
wd:Q748811,Substantive law,4,990508,https://en.wikipedia.org/?curid=990508
wd:Q839490,Substructural logic,4,412909,https://en.wikipedia.org/?curid=412909
wd:Q7632178,Subsurface engineer,4,7897442,https://en.wikipedia.org/?curid=7897442
wd:Q1370484,Summary statistics,4,27587,https://en.wikipedia.org/?curid=27587
wd:Q334384,Supervised learning,4,20926,https://en.wikipedia.org/?curid=20926
wd:Q166656,Supply and demand,4,29664,https://en.wikipedia.org/?curid=29664
wd:Q1824206,Supply chain,3,186493,https://en.wikipedia.org/?curid=186493
wd:Q2368228,Supply chain engineering,4,32979095,https://en.wikipedia.org/?curid=32979095
wd:Q492886,Supply chain management,4,27995,https://en.wikipedia.org/?curid=27995
wd:Q373184,Surface science,4,68513,https://en.wikipedia.org/?curid=68513
wd:Q40821,Surgery,3,45599,https://en.wikipedia.org/?curid=45599
wd:Q334401,Surveillance,4,87231,https://en.wikipedia.org/?curid=87231
wd:Q814232,Survey methodology,4,272134,https://en.wikipedia.org/?curid=272134
wd:Q543310,Survival analysis,4,419259,https://en.wikipedia.org/?curid=419259
wd:Q131201,Sustainable development,4,29501,https://en.wikipedia.org/?curid=29501
wd:Q47572,Sustainable forest management,4,4473245,https://en.wikipedia.org/?curid=4473245
wd:Q1364310,Sustainable transport,4,1002744,https://en.wikipedia.org/?curid=1002744
wd:Q863960,Swarm intelligence,4,762988,https://en.wikipedia.org/?curid=762988
wd:Q1163216,Symbolic interactionism,4,309379,https://en.wikipedia.org/?curid=309379
wd:Q12485,Symmetry,4,53741,https://en.wikipedia.org/?curid=53741
wd:Q16726095,Symmetry in quantum mechanics,4,39580830,https://en.wikipedia.org/?curid=39580830
wd:Q2353993,Syndicalism,4,26775,https://en.wikipedia.org/?curid=26775
wd:Q37437,Syntax,4,26860,https://en.wikipedia.org/?curid=26860
wd:Q862838,Synthetic biology,4,841429,https://en.wikipedia.org/?curid=841429
wd:Q598451,System dynamics,4,153208,https://en.wikipedia.org/?curid=153208
wd:Q25100029,Systemic design,4,48514371,https://en.wikipedia.org/?curid=48514371
wd:Q477538,Systems architecture,4,3403318,https://en.wikipedia.org/?curid=3403318
wd:Q815297,Systems biology,4,467899,https://en.wikipedia.org/?curid=467899
wd:Q682496,Systems engineering,4,27764,https://en.wikipedia.org/?curid=27764
wd:Q2617516,Systems neuroscience,4,762064,https://en.wikipedia.org/?curid=762064
wd:Q1452527,Systems psychology,4,16700882,https://en.wikipedia.org/?curid=16700882
wd:Q2167061,Systems science,2,659757,https://en.wikipedia.org/?curid=659757
wd:Q269699,Systems theory,3,29238,https://en.wikipedia.org/?curid=29238
wd:Q1340474,Systems thinking,3,227985,https://en.wikipedia.org/?curid=227985
wd:Q1628411,Targeted advertising,4,16777474,https://en.wikipedia.org/?curid=16777474
wd:Q192521,Technical drawing,4,54952,https://en.wikipedia.org/?curid=54952
wd:Q113859941,Technical geography,3,71605274,https://en.wikipedia.org/?curid=71605274
wd:Q18388277,Technology company,3,44211754,https://en.wikipedia.org/?curid=44211754
wd:Q418,Telecommunications,3,33094374,https://en.wikipedia.org/?curid=33094374
wd:Q1061219,Telecommunications engineering,4,8774050,https://en.wikipedia.org/?curid=8774050
wd:Q289,Television,4,29831,https://en.wikipedia.org/?curid=29831
wd:Q188524,Tensor,4,29965,https://en.wikipedia.org/?curid=29965
wd:Q237125,Term logic,4,321652,https://en.wikipedia.org/?curid=321652
wd:Q9166713,Tertiary education,4,31486,https://en.wikipedia.org/?curid=31486
wd:Q131212,Text editor,4,30310,https://en.wikipedia.org/?curid=30310
wd:Q1505660,Textile manufacturing,4,2162735,https://en.wikipedia.org/?curid=2162735
wd:Q11635,Theatre,4,20913771,https://en.wikipedia.org/?curid=20913771
wd:Q44405,Theocracy,4,30875,https://en.wikipedia.org/?curid=30875
wd:Q34178,Theology,4,30503,https://en.wikipedia.org/?curid=30503
wd:Q321150,Theoretical chemistry,3,31491,https://en.wikipedia.org/?curid=31491
wd:Q2878974,Theoretical computer science,2,323392,https://en.wikipedia.org/?curid=323392
wd:Q351625,Theoretical linguistics,3,55422,https://en.wikipedia.org/?curid=55422
wd:Q7782373,Theoretical psychology,3,981440,https://en.wikipedia.org/?curid=981440
wd:Q796617,Theories of political behavior,4,37123,https://en.wikipedia.org/?curid=37123
wd:Q844718,Theory of computation,3,30402,https://en.wikipedia.org/?curid=30402
wd:Q956095,Theory of constraints,4,203932,https://en.wikipedia.org/?curid=203932
wd:Q43514,Theory of relativity,3,30001,https://en.wikipedia.org/?curid=30001
wd:Q2585592,Thermal engineering,3,19582317,https://en.wikipedia.org/?curid=19582317
wd:Q183410,Thermochemistry,4,30369,https://en.wikipedia.org/?curid=30369
wd:Q75920,Thermodynamic cycle,4,3285197,https://en.wikipedia.org/?curid=3285197
wd:Q11473,Thermodynamics,3,29952,https://en.wikipedia.org/?curid=29952
wd:Q4197365,Thermoeconomics,4,6838711,https://en.wikipedia.org/?curid=6838711
wd:Q1137203,Thin film,4,1033036,https://en.wikipedia.org/?curid=1033036
wd:Q647589,Thin-film optics,4,387489,https://en.wikipedia.org/?curid=387489
wd:Q184037,Tidal power,3,325060,https://en.wikipedia.org/?curid=325060
wd:Q186588,Time series,4,406624,https://en.wikipedia.org/?curid=406624
wd:Q7806653,Time–frequency analysis,4,857897,https://en.wikipedia.org/?curid=857897
wd:Q1540285,Tissue engineering,4,307065,https://en.wikipedia.org/?curid=307065
wd:Q191010,Titration,4,31260,https://en.wikipedia.org/?curid=31260
wd:Q1566,Tobacco,4,30942,https://en.wikipedia.org/?curid=30942
wd:Q841267,Tomography,4,385523,https://en.wikipedia.org/?curid=385523
wd:Q3532085,Topic model,4,28934119,https://en.wikipedia.org/?curid=28934119
wd:Q7824864,Topical logic,4,20949723,https://en.wikipedia.org/?curid=20949723
wd:Q721094,Topological quantum field theory,4,443757,https://en.wikipedia.org/?curid=443757
wd:Q42989,Topology,3,29954,https://en.wikipedia.org/?curid=29954
wd:Q1350203,Tourism geography,4,3860430,https://en.wikipedia.org/?curid=3860430
wd:Q570116,Tourist attraction,4,99863,https://en.wikipedia.org/?curid=99863
wd:Q7218,Toxicology,3,30531,https://en.wikipedia.org/?curid=30531
wd:Q184651,Toxin,4,23740,https://en.wikipedia.org/?curid=23740
wd:Q1640676,Traffic engineering (transportation),4,199033,https://en.wikipedia.org/?curid=199033
wd:Q194100,Transhumanism,4,30299,https://en.wikipedia.org/?curid=30299
wd:Q7590,Transport,4,18580879,https://en.wikipedia.org/?curid=18580879
wd:Q660564,Transport economics,4,51114,https://en.wikipedia.org/?curid=51114
wd:Q775325,Transportation engineering,3,50571,https://en.wikipedia.org/?curid=50571
wd:Q61509,Travel,4,155747,https://en.wikipedia.org/?curid=155747
wd:Q93344,Trigonometric functions,4,30367,https://en.wikipedia.org/?curid=30367
wd:Q1094282,Trigonometric integral,4,245560,https://en.wikipedia.org/?curid=245560
wd:Q464356,Trigonometric interpolation,4,879681,https://en.wikipedia.org/?curid=879681
wd:Q1969650,Trigonometric polynomial,4,591568,https://en.wikipedia.org/?curid=591568
wd:Q1149336,Trigonometric series,4,4099125,https://en.wikipedia.org/?curid=4099125
wd:Q1191963,Trigonometric substitution,4,375033,https://en.wikipedia.org/?curid=375033
wd:Q8084,Trigonometry,3,18717261,https://en.wikipedia.org/?curid=18717261
wd:Q1345671,Tropical disease,4,889672,https://en.wikipedia.org/?curid=889672
wd:Q7949,Truth,4,29920,https://en.wikipedia.org/?curid=29920
wd:Q12204,Tuberculosis,4,30653,https://en.wikipedia.org/?curid=30653
wd:Q1056428,Type theory,4,40282,https://en.wikipedia.org/?curid=40282
wd:Q541265,Ubiquitous computing,4,31871,https://en.wikipedia.org/?curid=31871
wd:Q162564,Ultrasound,4,31780,https://en.wikipedia.org/?curid=31780
wd:Q1292425,Underwater acoustics,4,10567426,https://en.wikipedia.org/?curid=10567426
wd:Q1636734,Universal algebra,4,45200,https://en.wikipedia.org/?curid=45200
wd:Q1141900,Unstructured data,4,2751096,https://en.wikipedia.org/?curid=2751096
wd:Q1152135,Unsupervised learning,4,233497,https://en.wikipedia.org/?curid=233497
wd:Q385256,Urban economics,4,448850,https://en.wikipedia.org/?curid=448850
wd:Q690068,Urban geography,4,341029,https://en.wikipedia.org/?curid=341029
wd:Q1569011,Urban history,4,4799746,https://en.wikipedia.org/?curid=4799746
wd:Q597680,Urban sociology,4,297970,https://en.wikipedia.org/?curid=297970
wd:Q59950,Urbanism,3,935041,https://en.wikipedia.org/?curid=935041
wd:Q7900883,Urologic disease,4,18369319,https://en.wikipedia.org/?curid=18369319
wd:Q105650,Urology,3,32055,https://en.wikipedia.org/?curid=32055
wd:Q466707,Utility,4,45479,https://en.wikipedia.org/?curid=45479
wd:Q3574371,Vacuum tube,4,32496,https://en.wikipedia.org/?curid=32496
wd:Q1266890,Vascular disease,4,5200872,https://en.wikipedia.org/?curid=5200872
wd:Q200802,Vector calculus,4,32640,https://en.wikipedia.org/?curid=32640
wd:Q320165,Vehicle emissions control,4,627819,https://en.wikipedia.org/?curid=627819
wd:Q584049,Ventilation (architecture),4,529891,https://en.wikipedia.org/?curid=529891
wd:Q219409,Venture capital,4,257210,https://en.wikipedia.org/?curid=257210
wd:Q189439,Version control,4,55955,https://en.wikipedia.org/?curid=55955
wd:Q876049,Very Large Scale Integration,4,32823,https://en.wikipedia.org/?curid=32823
wd:Q170201,Veterinary medicine,3,32654,https://en.wikipedia.org/?curid=32654
wd:Q624501,Viable system model,4,2312170,https://en.wikipedia.org/?curid=2312170
wd:Q3695508,Vibration,4,20646772,https://en.wikipedia.org/?curid=20646772
wd:Q7889,Video game,4,5363,https://en.wikipedia.org/?curid=5363
wd:Q1061635,Video game development,4,700265,https://en.wikipedia.org/?curid=700265
wd:Q3536669,Video processing,4,8484224,https://en.wikipedia.org/?curid=8484224
wd:Q1928978,Viral disease,4,15845253,https://en.wikipedia.org/?curid=15845253
wd:Q7215,Virology,4,32772,https://en.wikipedia.org/?curid=32772
wd:Q25324205,Virophysics,4,47581074,https://en.wikipedia.org/?curid=47581074
wd:Q2349394,Virtual learning environment,4,34193404,https://en.wikipedia.org/?curid=34193404
wd:Q170519,Virtual reality,4,32612,https://en.wikipedia.org/?curid=32612
wd:Q1086395,Virtue ethics,4,261873,https://en.wikipedia.org/?curid=261873
wd:Q36649,Visual arts,3,33734529,https://en.wikipedia.org/?curid=33734529
wd:Q162668,Visual perception,4,21280496,https://en.wikipedia.org/?curid=21280496
wd:Q253140,Viticulture,4,513591,https://en.wikipedia.org/?curid=513591
wd:Q6869278,Vocational education,4,56551,https://en.wikipedia.org/?curid=56551
wd:Q102904,Volcanology,4,238112,https://en.wikipedia.org/?curid=238112
wd:Q198,War,3,33158,https://en.wikipedia.org/?curid=33158
wd:Q180388,Waste management,4,210555,https://en.wikipedia.org/?curid=210555
wd:Q1462136,Water conservation,4,460253,https://en.wikipedia.org/?curid=460253
wd:Q183129,Water pollution,4,312266,https://en.wikipedia.org/?curid=312266
wd:Q37172,Wave,4,33516,https://en.wikipedia.org/?curid=33516
wd:Q1958130,Waves in plasmas,4,1870534,https://en.wikipedia.org/?curid=1870534
wd:Q4845080,Wearable technology,4,23770249,https://en.wikipedia.org/?curid=23770249
wd:Q6368,Web browser,4,33173,https://en.wikipedia.org/?curid=33173
wd:Q386275,Web development,4,611714,https://en.wikipedia.org/?curid=611714
wd:Q1330336,Web framework,4,2342095,https://en.wikipedia.org/?curid=2342095
wd:Q131172,Welding,4,44883,https://en.wikipedia.org/?curid=44883
wd:Q851147,Welfare economics,4,438566,https://en.wikipedia.org/?curid=438566
wd:Q2963660,Wet chemistry,4,5653017,https://en.wikipedia.org/?curid=5653017
wd:Q52,Wikipedia,4,5043734,https://en.wikipedia.org/?curid=5043734
wd:Q766328,Wildlife conservation,4,1765998,https://en.wikipedia.org/?curid=1765998
wd:Q43302,Wind power,3,277289,https://en.wikipedia.org/?curid=277289
wd:Q49833,Wind turbine,4,20541773,https://en.wikipedia.org/?curid=20541773
wd:Q2901425,Wired communication,4,16888524,https://en.wikipedia.org/?curid=16888524
wd:Q249,Wireless,4,185868,https://en.wikipedia.org/?curid=185868
wd:Q336038,Wireless sensor network,4,1076662,https://en.wikipedia.org/?curid=1076662
wd:Q1279400,Women's history,4,30864554,https://en.wikipedia.org/?curid=30864554
wd:Q473750,World economy,4,227630,https://en.wikipedia.org/?curid=227630
wd:Q103495,World war,4,142735,https://en.wikipedia.org/?curid=142735
wd:Q431,Zoology,3,34413,https://en.wikipedia.org/?curid=34413
